# RESOURCE CERTIFICATE — aunt priced by the compositional resource analysis over its actual inputs, per backend,
# with the counted run of the executor beside every interval; the derivation follows (D rows).
# inputs	family=SpaceValue("child.Ann.Bob", "child.Bob.Pam", "child.Bob.Tom", "child.Jim.Pat", "child.Liz.Tom", "child.Pat.Bob", "female.Ann", "female.Liz", "female.Pam", "female.Pat", "male.Bob", "male.Jim", "male.Tom", "parent.Bob.Ann", "parent.Bob.Pat", "parent.Pam.Bob", "parent.Pat.Jim", "parent.Tom.Bob", "parent.Tom.Liz", "person.Ann", "person.Bob", "person.Jim", "person.Liz", "person.Pam", "person.Pat", "person.Tom");people=SpaceValue("Ann", "Bob", "Jim", "Liz", "Pam", "Pat", "Tom")
# B	backend	work	alloc	rounds	touch	counted-work	counted-alloc	counted-rounds	counted-touch	certified	dependencies	summaries(reused,computed)
B	reference	[1263, 1269]	[165, 165]	[7, 7]	[0, 0]	1265	165	7	0	CERTIFIED	A6-BACKENDS,A6-EVENTS,A6-EXACT-INTER,A6-EXACT-INTER-SAME,A6-EXACT-RESTRICT,A6-EXACT-SUB,A6-EXACT-SUB-SAME,A6-EXACT-TAILS-UNION,A6-EXACT-UNWRAP,A6-EXACT-WRAP,A6-IVL,A6-IVL-IMPL,A6-MUSTMAY,A6-ORDER,A6-PATRICIA	0,0
D	reference	Wrap [reference]
D	reference	  · prefix len [1, 1]
D	reference	  ⇒ Work=[1263, 1269] Alloc=[165, 165] Rounds=[7, 7] Touch=[0, 0]
D	reference	  Iteration/eval [reference]
D	reference	    · 7 heads, exact
D	reference	    ⇒ Work=[1259, 1265] Alloc=[161, 161] Rounds=[7, 7] Touch=[0, 0]
D	reference	    Mention people [reference]
D	reference	      · value {Ann·ε{},Bob·ε{},Jim·ε{},Liz·ε{},Pam·ε{},Pat·ε{},Tom·ε{}}[=people]
D	reference	      ⇒ Work=[1, 1] Alloc=[0, 0] Rounds=[0, 0] Touch=[0, 0]
D	reference	    Wrap [reference]
D	reference	      · prefix len [1, 1]
D	reference	      ⇒ Work=[186, 189] Alloc=[25, 25] Rounds=[0, 0] Touch=[0, 0]
D	reference	      Intersection/eval [reference]
D	reference	        ⇒ Work=[182, 185] Alloc=[23, 23] Rounds=[0, 0] Touch=[0, 0]
D	reference	        Subtraction/eval [reference]
D	reference	          ⇒ Work=[152, 155] Alloc=[19, 19] Rounds=[0, 0] Touch=[0, 0]
D	reference	          TailsUnion [reference]
D	reference	            · fan-out [2, 2]
D	reference	            ⇒ Work=[114, 117] Alloc=[18, 18] Rounds=[0, 0] Touch=[0, 0]
D	reference	            Restriction/eval [reference]
D	reference	              · comparisons [9, 12]
D	reference	              ⇒ Work=[113, 116] Alloc=[15, 15] Rounds=[0, 0] Touch=[0, 0]
D	reference	              Unwrap [reference]
D	reference	                · prefix len [1, 1]
D	reference	                · result size [6, 6]
D	reference	                ⇒ Work=[29, 29] Alloc=[6, 6] Rounds=[0, 0] Touch=[0, 0]
D	reference	                Mention family [reference]
D	reference	                  · value {child·{Ann·{Bob·ε{}},Bob·{Pam·ε{},Tom·ε{}},Jim·{Pat·ε{}},Liz·{Tom·ε{}},Pat·{Bob
D	reference	                  ⇒ Work=[1, 1] Alloc=[0, 0] Rounds=[0, 0] Touch=[0, 0]
D	reference	              TailsUnion [reference]
D	reference	                · fan-out [1, 1]
D	reference	                ⇒ Work=[74, 74] Alloc=[9, 9] Rounds=[0, 0] Touch=[0, 0]
D	reference	                Restriction/eval [reference]
D	reference	                  · comparisons [6, 6]
D	reference	                  ⇒ Work=[73, 73] Alloc=[7, 7] Rounds=[0, 0] Touch=[0, 0]
D	reference	                  Unwrap [reference]
D	reference	                    · prefix len [1, 1]
D	reference	                    · result size [6, 6]
D	reference	                    ⇒ Work=[29, 29] Alloc=[6, 6] Rounds=[0, 0] Touch=[0, 0]
D	reference	                    Mention family [reference]
D	reference	                      · value {child·{Ann·{Bob·ε{}},Bob·{Pam·ε{},Tom·ε{}},Jim·{Pat·ε{}},Liz·{Tom·ε{}},Pat·{Bob
D	reference	                      ⇒ Work=[1, 1] Alloc=[0, 0] Rounds=[0, 0] Touch=[0, 0]
D	reference	                  Unwrap [reference]
D	reference	                    · prefix len [2, 2]
D	reference	                    · result size [1, 1]
D	reference	                    ⇒ Work=[37, 37] Alloc=[1, 1] Rounds=[0, 0] Touch=[0, 0]
D	reference	                    Mention family [reference]
D	reference	                      · value {child·{Ann·{Bob·ε{}},Bob·{Pam·ε{},Tom·ε{}},Jim·{Pat·ε{}},Liz·{Tom·ε{}},Pat·{Bob
D	reference	                      ⇒ Work=[1, 1] Alloc=[0, 0] Rounds=[0, 0] Touch=[0, 0]
D	reference	          Unwrap [reference]
D	reference	            · prefix len [2, 2]
D	reference	            · result size [1, 1]
D	reference	            ⇒ Work=[37, 37] Alloc=[1, 1] Rounds=[0, 0] Touch=[0, 0]
D	reference	            Mention family [reference]
D	reference	              · value {child·{Ann·{Bob·ε{}},Bob·{Pam·ε{},Tom·ε{}},Jim·{Pat·ε{}},Liz·{Tom·ε{}},Pat·{Bob
D	reference	              ⇒ Work=[1, 1] Alloc=[0, 0] Rounds=[0, 0] Touch=[0, 0]
D	reference	        Unwrap [reference]
D	reference	          · prefix len [1, 1]
D	reference	          · result size [4, 4]
D	reference	          ⇒ Work=[29, 29] Alloc=[4, 4] Rounds=[0, 0] Touch=[0, 0]
D	reference	          Mention family [reference]
D	reference	            · value {child·{Ann·{Bob·ε{}},Bob·{Pam·ε{},Tom·ε{}},Jim·{Pat·ε{}},Liz·{Tom·ε{}},Pat·{Bob
D	reference	            ⇒ Work=[1, 1] Alloc=[0, 0] Rounds=[0, 0] Touch=[0, 0]
D	reference	    Wrap [reference]
D	reference	      · prefix len [1, 1]
D	reference	      ⇒ Work=[183, 183] Alloc=[21, 21] Rounds=[0, 0] Touch=[0, 0]
D	reference	      Intersection/eval [reference]
D	reference	        ⇒ Work=[179, 179] Alloc=[20, 20] Rounds=[0, 0] Touch=[0, 0]
D	reference	        Subtraction/eval [reference]
D	reference	          ⇒ Work=[149, 149] Alloc=[16, 16] Rounds=[0, 0] Touch=[0, 0]
D	reference	          TailsUnion [reference]
D	reference	            · fan-out [0, 0]
D	reference	            ⇒ Work=[111, 111] Alloc=[14, 14] Rounds=[0, 0] Touch=[0, 0]
D	reference	            Restriction/eval [reference]
D	reference	              · comparisons [0, 0]
D	reference	              ⇒ Work=[110, 110] Alloc=[14, 14] Rounds=[0, 0] Touch=[0, 0]
D	reference	              Unwrap [reference]
D	reference	                · prefix len [1, 1]
D	reference	                · result size [6, 6]
D	reference	                ⇒ Work=[29, 29] Alloc=[6, 6] Rounds=[0, 0] Touch=[0, 0]
D	reference	                Mention family [reference]
D	reference	                  · value {child·{Ann·{Bob·ε{}},Bob·{Pam·ε{},Tom·ε{}},Jim·{Pat·ε{}},Liz·{Tom·ε{}},Pat·{Bob
D	reference	                  ⇒ Work=[1, 1] Alloc=[0, 0] Rounds=[0, 0] Touch=[0, 0]
D	reference	              TailsUnion [reference]
D	reference	                · fan-out [0, 0]
D	reference	                ⇒ Work=[80, 80] Alloc=[8, 8] Rounds=[0, 0] Touch=[0, 0]
D	reference	                Restriction/eval [reference]
D	reference	                  · comparisons [12, 12]
D	reference	                  ⇒ Work=[79, 79] Alloc=[8, 8] Rounds=[0, 0] Touch=[0, 0]
D	reference	                  Unwrap [reference]
D	reference	                    · prefix len [1, 1]
D	reference	                    · result size [6, 6]
D	reference	                    ⇒ Work=[29, 29] Alloc=[6, 6] Rounds=[0, 0] Touch=[0, 0]
D	reference	                    Mention family [reference]
D	reference	                      · value {child·{Ann·{Bob·ε{}},Bob·{Pam·ε{},Tom·ε{}},Jim·{Pat·ε{}},Liz·{Tom·ε{}},Pat·{Bob
D	reference	                      ⇒ Work=[1, 1] Alloc=[0, 0] Rounds=[0, 0] Touch=[0, 0]
D	reference	                  Unwrap [reference]
D	reference	                    · prefix len [2, 2]
D	reference	                    · result size [2, 2]
D	reference	                    ⇒ Work=[37, 37] Alloc=[2, 2] Rounds=[0, 0] Touch=[0, 0]
D	reference	                    Mention family [reference]
D	reference	                      · value {child·{Ann·{Bob·ε{}},Bob·{Pam·ε{},Tom·ε{}},Jim·{Pat·ε{}},Liz·{Tom·ε{}},Pat·{Bob
D	reference	                      ⇒ Work=[1, 1] Alloc=[0, 0] Rounds=[0, 0] Touch=[0, 0]
D	reference	          Unwrap [reference]
D	reference	            · prefix len [2, 2]
D	reference	            · result size [2, 2]
D	reference	            ⇒ Work=[37, 37] Alloc=[2, 2] Rounds=[0, 0] Touch=[0, 0]
D	reference	            Mention family [reference]
D	reference	              · value {child·{Ann·{Bob·ε{}},Bob·{Pam·ε{},Tom·ε{}},Jim·{Pat·ε{}},Liz·{Tom·ε{}},Pat·{Bob
D	reference	              ⇒ Work=[1, 1] Alloc=[0, 0] Rounds=[0, 0] Touch=[0, 0]
D	reference	        Unwrap [reference]
D	reference	          · prefix len [1, 1]
D	reference	          · result size [4, 4]
D	reference	          ⇒ Work=[29, 29] Alloc=[4, 4] Rounds=[0, 0] Touch=[0, 0]
D	reference	          Mention family [reference]
D	reference	            · value {child·{Ann·{Bob·ε{}},Bob·{Pam·ε{},Tom·ε{}},Jim·{Pat·ε{}},Liz·{Tom·ε{}},Pat·{Bob
D	reference	            ⇒ Work=[1, 1] Alloc=[0, 0] Rounds=[0, 0] Touch=[0, 0]
D	reference	    Wrap [reference]
D	reference	      · prefix len [1, 1]
D	reference	      ⇒ Work=[183, 183] Alloc=[23, 23] Rounds=[0, 0] Touch=[0, 0]
D	reference	      Intersection/eval [reference]
D	reference	        ⇒ Work=[179, 179] Alloc=[21, 21] Rounds=[0, 0] Touch=[0, 0]
D	reference	        Subtraction/eval [reference]
D	reference	          ⇒ Work=[149, 149] Alloc=[17, 17] Rounds=[0, 0] Touch=[0, 0]
D	reference	          TailsUnion [reference]
D	reference	            · fan-out [1, 1]
D	reference	            ⇒ Work=[111, 111] Alloc=[16, 16] Rounds=[0, 0] Touch=[0, 0]
D	reference	            Restriction/eval [reference]
D	reference	              · comparisons [6, 6]
D	reference	              ⇒ Work=[110, 110] Alloc=[14, 14] Rounds=[0, 0] Touch=[0, 0]
D	reference	              Unwrap [reference]
D	reference	                · prefix len [1, 1]
D	reference	                · result size [6, 6]
D	reference	                ⇒ Work=[29, 29] Alloc=[6, 6] Rounds=[0, 0] Touch=[0, 0]
D	reference	                Mention family [reference]
D	reference	                  · value {child·{Ann·{Bob·ε{}},Bob·{Pam·ε{},Tom·ε{}},Jim·{Pat·ε{}},Liz·{Tom·ε{}},Pat·{Bob
D	reference	                  ⇒ Work=[1, 1] Alloc=[0, 0] Rounds=[0, 0] Touch=[0, 0]
D	reference	              TailsUnion [reference]
D	reference	                · fan-out [1, 1]
D	reference	                ⇒ Work=[74, 74] Alloc=[8, 8] Rounds=[0, 0] Touch=[0, 0]
D	reference	                Restriction/eval [reference]
D	reference	                  · comparisons [6, 6]
D	reference	                  ⇒ Work=[73, 73] Alloc=[7, 7] Rounds=[0, 0] Touch=[0, 0]
D	reference	                  Unwrap [reference]
D	reference	                    · prefix len [1, 1]
D	reference	                    · result size [6, 6]
D	reference	                    ⇒ Work=[29, 29] Alloc=[6, 6] Rounds=[0, 0] Touch=[0, 0]
D	reference	                    Mention family [reference]
D	reference	                      · value {child·{Ann·{Bob·ε{}},Bob·{Pam·ε{},Tom·ε{}},Jim·{Pat·ε{}},Liz·{Tom·ε{}},Pat·{Bob
D	reference	                      ⇒ Work=[1, 1] Alloc=[0, 0] Rounds=[0, 0] Touch=[0, 0]
D	reference	                  Unwrap [reference]
D	reference	                    · prefix len [2, 2]
D	reference	                    · result size [1, 1]
D	reference	                    ⇒ Work=[37, 37] Alloc=[1, 1] Rounds=[0, 0] Touch=[0, 0]
D	reference	                    Mention family [reference]
D	reference	                      · value {child·{Ann·{Bob·ε{}},Bob·{Pam·ε{},Tom·ε{}},Jim·{Pat·ε{}},Liz·{Tom·ε{}},Pat·{Bob
D	reference	                      ⇒ Work=[1, 1] Alloc=[0, 0] Rounds=[0, 0] Touch=[0, 0]
D	reference	          Unwrap [reference]
D	reference	            · prefix len [2, 2]
D	reference	            · result size [1, 1]
D	reference	            ⇒ Work=[37, 37] Alloc=[1, 1] Rounds=[0, 0] Touch=[0, 0]
D	reference	            Mention family [reference]
D	reference	              · value {child·{Ann·{Bob·ε{}},Bob·{Pam·ε{},Tom·ε{}},Jim·{Pat·ε{}},Liz·{Tom·ε{}},Pat·{Bob
D	reference	              ⇒ Work=[1, 1] Alloc=[0, 0] Rounds=[0, 0] Touch=[0, 0]
D	reference	        Unwrap [reference]
D	reference	          · prefix len [1, 1]
D	reference	          · result size [4, 4]
D	reference	          ⇒ Work=[29, 29] Alloc=[4, 4] Rounds=[0, 0] Touch=[0, 0]
D	reference	          Mention family [reference]
D	reference	            · value {child·{Ann·{Bob·ε{}},Bob·{Pam·ε{},Tom·ε{}},Jim·{Pat·ε{}},Liz·{Tom·ε{}},Pat·{Bob
D	reference	            ⇒ Work=[1, 1] Alloc=[0, 0] Rounds=[0, 0] Touch=[0, 0]
D	reference	    Wrap [reference]
D	reference	      · prefix len [1, 1]
D	reference	      ⇒ Work=[177, 177] Alloc=[19, 19] Rounds=[0, 0] Touch=[0, 0]
D	reference	      Intersection/eval [reference]
D	reference	        ⇒ Work=[173, 173] Alloc=[18, 18] Rounds=[0, 0] Touch=[0, 0]
D	reference	        Subtraction/eval [reference]
D	reference	          ⇒ Work=[143, 143] Alloc=[14, 14] Rounds=[0, 0] Touch=[0, 0]
D	reference	          TailsUnion [reference]
D	reference	            · fan-out [0, 0]
D	reference	            ⇒ Work=[105, 105] Alloc=[13, 13] Rounds=[0, 0] Touch=[0, 0]
D	reference	            Restriction/eval [reference]
D	reference	              · comparisons [0, 0]
D	reference	              ⇒ Work=[104, 104] Alloc=[13, 13] Rounds=[0, 0] Touch=[0, 0]
D	reference	              Unwrap [reference]
D	reference	                · prefix len [1, 1]
D	reference	                · result size [6, 6]
D	reference	                ⇒ Work=[29, 29] Alloc=[6, 6] Rounds=[0, 0] Touch=[0, 0]
D	reference	                Mention family [reference]
D	reference	                  · value {child·{Ann·{Bob·ε{}},Bob·{Pam·ε{},Tom·ε{}},Jim·{Pat·ε{}},Liz·{Tom·ε{}},Pat·{Bob
D	reference	                  ⇒ Work=[1, 1] Alloc=[0, 0] Rounds=[0, 0] Touch=[0, 0]
D	reference	              TailsUnion [reference]
D	reference	                · fan-out [0, 0]
D	reference	                ⇒ Work=[74, 74] Alloc=[7, 7] Rounds=[0, 0] Touch=[0, 0]
D	reference	                Restriction/eval [reference]
D	reference	                  · comparisons [6, 6]
D	reference	                  ⇒ Work=[73, 73] Alloc=[7, 7] Rounds=[0, 0] Touch=[0, 0]
D	reference	                  Unwrap [reference]
D	reference	                    · prefix len [1, 1]
D	reference	                    · result size [6, 6]
D	reference	                    ⇒ Work=[29, 29] Alloc=[6, 6] Rounds=[0, 0] Touch=[0, 0]
D	reference	                    Mention family [reference]
D	reference	                      · value {child·{Ann·{Bob·ε{}},Bob·{Pam·ε{},Tom·ε{}},Jim·{Pat·ε{}},Liz·{Tom·ε{}},Pat·{Bob
D	reference	                      ⇒ Work=[1, 1] Alloc=[0, 0] Rounds=[0, 0] Touch=[0, 0]
D	reference	                  Unwrap [reference]
D	reference	                    · prefix len [2, 2]
D	reference	                    · result size [1, 1]
D	reference	                    ⇒ Work=[37, 37] Alloc=[1, 1] Rounds=[0, 0] Touch=[0, 0]
D	reference	                    Mention family [reference]
D	reference	                      · value {child·{Ann·{Bob·ε{}},Bob·{Pam·ε{},Tom·ε{}},Jim·{Pat·ε{}},Liz·{Tom·ε{}},Pat·{Bob
D	reference	                      ⇒ Work=[1, 1] Alloc=[0, 0] Rounds=[0, 0] Touch=[0, 0]
D	reference	          Unwrap [reference]
D	reference	            · prefix len [2, 2]
D	reference	            · result size [1, 1]
D	reference	            ⇒ Work=[37, 37] Alloc=[1, 1] Rounds=[0, 0] Touch=[0, 0]
D	reference	            Mention family [reference]
D	reference	              · value {child·{Ann·{Bob·ε{}},Bob·{Pam·ε{},Tom·ε{}},Jim·{Pat·ε{}},Liz·{Tom·ε{}},Pat·{Bob
D	reference	              ⇒ Work=[1, 1] Alloc=[0, 0] Rounds=[0, 0] Touch=[0, 0]
D	reference	        Unwrap [reference]
D	reference	          · prefix len [1, 1]
D	reference	          · result size [4, 4]
D	reference	          ⇒ Work=[29, 29] Alloc=[4, 4] Rounds=[0, 0] Touch=[0, 0]
D	reference	          Mention family [reference]
D	reference	            · value {child·{Ann·{Bob·ε{}},Bob·{Pam·ε{},Tom·ε{}},Jim·{Pat·ε{}},Liz·{Tom·ε{}},Pat·{Bob
D	reference	            ⇒ Work=[1, 1] Alloc=[0, 0] Rounds=[0, 0] Touch=[0, 0]
D	reference	    Wrap [reference]
D	reference	      · prefix len [1, 1]
D	reference	      ⇒ Work=[171, 171] Alloc=[17, 17] Rounds=[0, 0] Touch=[0, 0]
D	reference	      Intersection/eval [reference]
D	reference	        ⇒ Work=[167, 167] Alloc=[16, 16] Rounds=[0, 0] Touch=[0, 0]
D	reference	        Subtraction/eval [reference]
D	reference	          ⇒ Work=[137, 137] Alloc=[12, 12] Rounds=[0, 0] Touch=[0, 0]
D	reference	          TailsUnion [reference]
D	reference	            · fan-out [0, 0]
D	reference	            ⇒ Work=[99, 99] Alloc=[12, 12] Rounds=[0, 0] Touch=[0, 0]
D	reference	            Restriction/eval [reference]
D	reference	              · comparisons [0, 0]
D	reference	              ⇒ Work=[98, 98] Alloc=[12, 12] Rounds=[0, 0] Touch=[0, 0]
D	reference	              Unwrap [reference]
D	reference	                · prefix len [1, 1]
D	reference	                · result size [6, 6]
D	reference	                ⇒ Work=[29, 29] Alloc=[6, 6] Rounds=[0, 0] Touch=[0, 0]
D	reference	                Mention family [reference]
D	reference	                  · value {child·{Ann·{Bob·ε{}},Bob·{Pam·ε{},Tom·ε{}},Jim·{Pat·ε{}},Liz·{Tom·ε{}},Pat·{Bob
D	reference	                  ⇒ Work=[1, 1] Alloc=[0, 0] Rounds=[0, 0] Touch=[0, 0]
D	reference	              TailsUnion [reference]
D	reference	                · fan-out [0, 0]
D	reference	                ⇒ Work=[68, 68] Alloc=[6, 6] Rounds=[0, 0] Touch=[0, 0]
D	reference	                Restriction/eval [reference]
D	reference	                  · comparisons [0, 0]
D	reference	                  ⇒ Work=[67, 67] Alloc=[6, 6] Rounds=[0, 0] Touch=[0, 0]
D	reference	                  Unwrap [reference]
D	reference	                    · prefix len [1, 1]
D	reference	                    · result size [6, 6]
D	reference	                    ⇒ Work=[29, 29] Alloc=[6, 6] Rounds=[0, 0] Touch=[0, 0]
D	reference	                    Mention family [reference]
D	reference	                      · value {child·{Ann·{Bob·ε{}},Bob·{Pam·ε{},Tom·ε{}},Jim·{Pat·ε{}},Liz·{Tom·ε{}},Pat·{Bob
D	reference	                      ⇒ Work=[1, 1] Alloc=[0, 0] Rounds=[0, 0] Touch=[0, 0]
D	reference	                  Unwrap [reference]
D	reference	                    · prefix len [2, 2]
D	reference	                    · result size [0, 0]
D	reference	                    ⇒ Work=[37, 37] Alloc=[0, 0] Rounds=[0, 0] Touch=[0, 0]
D	reference	                    Mention family [reference]
D	reference	                      · value {child·{Ann·{Bob·ε{}},Bob·{Pam·ε{},Tom·ε{}},Jim·{Pat·ε{}},Liz·{Tom·ε{}},Pat·{Bob
D	reference	                      ⇒ Work=[1, 1] Alloc=[0, 0] Rounds=[0, 0] Touch=[0, 0]
D	reference	          Unwrap [reference]
D	reference	            · prefix len [2, 2]
D	reference	            · result size [0, 0]
D	reference	            ⇒ Work=[37, 37] Alloc=[0, 0] Rounds=[0, 0] Touch=[0, 0]
D	reference	            Mention family [reference]
D	reference	              · value {child·{Ann·{Bob·ε{}},Bob·{Pam·ε{},Tom·ε{}},Jim·{Pat·ε{}},Liz·{Tom·ε{}},Pat·{Bob
D	reference	              ⇒ Work=[1, 1] Alloc=[0, 0] Rounds=[0, 0] Touch=[0, 0]
D	reference	        Unwrap [reference]
D	reference	          · prefix len [1, 1]
D	reference	          · result size [4, 4]
D	reference	          ⇒ Work=[29, 29] Alloc=[4, 4] Rounds=[0, 0] Touch=[0, 0]
D	reference	          Mention family [reference]
D	reference	            · value {child·{Ann·{Bob·ε{}},Bob·{Pam·ε{},Tom·ε{}},Jim·{Pat·ε{}},Liz·{Tom·ε{}},Pat·{Bob
D	reference	            ⇒ Work=[1, 1] Alloc=[0, 0] Rounds=[0, 0] Touch=[0, 0]
D	reference	    Wrap [reference]
D	reference	      · prefix len [1, 1]
D	reference	      ⇒ Work=[186, 189] Alloc=[25, 25] Rounds=[0, 0] Touch=[0, 0]
D	reference	      Intersection/eval [reference]
D	reference	        ⇒ Work=[182, 185] Alloc=[23, 23] Rounds=[0, 0] Touch=[0, 0]
D	reference	        Subtraction/eval [reference]
D	reference	          ⇒ Work=[152, 155] Alloc=[19, 19] Rounds=[0, 0] Touch=[0, 0]
D	reference	          TailsUnion [reference]
D	reference	            · fan-out [2, 2]
D	reference	            ⇒ Work=[114, 117] Alloc=[18, 18] Rounds=[0, 0] Touch=[0, 0]
D	reference	            Restriction/eval [reference]
D	reference	              · comparisons [9, 12]
D	reference	              ⇒ Work=[113, 116] Alloc=[15, 15] Rounds=[0, 0] Touch=[0, 0]
D	reference	              Unwrap [reference]
D	reference	                · prefix len [1, 1]
D	reference	                · result size [6, 6]
D	reference	                ⇒ Work=[29, 29] Alloc=[6, 6] Rounds=[0, 0] Touch=[0, 0]
D	reference	                Mention family [reference]
D	reference	                  · value {child·{Ann·{Bob·ε{}},Bob·{Pam·ε{},Tom·ε{}},Jim·{Pat·ε{}},Liz·{Tom·ε{}},Pat·{Bob
D	reference	                  ⇒ Work=[1, 1] Alloc=[0, 0] Rounds=[0, 0] Touch=[0, 0]
D	reference	              TailsUnion [reference]
D	reference	                · fan-out [1, 1]
D	reference	                ⇒ Work=[74, 74] Alloc=[9, 9] Rounds=[0, 0] Touch=[0, 0]
D	reference	                Restriction/eval [reference]
D	reference	                  · comparisons [6, 6]
D	reference	                  ⇒ Work=[73, 73] Alloc=[7, 7] Rounds=[0, 0] Touch=[0, 0]
D	reference	                  Unwrap [reference]
D	reference	                    · prefix len [1, 1]
D	reference	                    · result size [6, 6]
D	reference	                    ⇒ Work=[29, 29] Alloc=[6, 6] Rounds=[0, 0] Touch=[0, 0]
D	reference	                    Mention family [reference]
D	reference	                      · value {child·{Ann·{Bob·ε{}},Bob·{Pam·ε{},Tom·ε{}},Jim·{Pat·ε{}},Liz·{Tom·ε{}},Pat·{Bob
D	reference	                      ⇒ Work=[1, 1] Alloc=[0, 0] Rounds=[0, 0] Touch=[0, 0]
D	reference	                  Unwrap [reference]
D	reference	                    · prefix len [2, 2]
D	reference	                    · result size [1, 1]
D	reference	                    ⇒ Work=[37, 37] Alloc=[1, 1] Rounds=[0, 0] Touch=[0, 0]
D	reference	                    Mention family [reference]
D	reference	                      · value {child·{Ann·{Bob·ε{}},Bob·{Pam·ε{},Tom·ε{}},Jim·{Pat·ε{}},Liz·{Tom·ε{}},Pat·{Bob
D	reference	                      ⇒ Work=[1, 1] Alloc=[0, 0] Rounds=[0, 0] Touch=[0, 0]
D	reference	          Unwrap [reference]
D	reference	            · prefix len [2, 2]
D	reference	            · result size [1, 1]
D	reference	            ⇒ Work=[37, 37] Alloc=[1, 1] Rounds=[0, 0] Touch=[0, 0]
D	reference	            Mention family [reference]
D	reference	              · value {child·{Ann·{Bob·ε{}},Bob·{Pam·ε{},Tom·ε{}},Jim·{Pat·ε{}},Liz·{Tom·ε{}},Pat·{Bob
D	reference	              ⇒ Work=[1, 1] Alloc=[0, 0] Rounds=[0, 0] Touch=[0, 0]
D	reference	        Unwrap [reference]
D	reference	          · prefix len [1, 1]
D	reference	          · result size [4, 4]
D	reference	          ⇒ Work=[29, 29] Alloc=[4, 4] Rounds=[0, 0] Touch=[0, 0]
D	reference	          Mention family [reference]
D	reference	            · value {child·{Ann·{Bob·ε{}},Bob·{Pam·ε{},Tom·ε{}},Jim·{Pat·ε{}},Liz·{Tom·ε{}},Pat·{Bob
D	reference	            ⇒ Work=[1, 1] Alloc=[0, 0] Rounds=[0, 0] Touch=[0, 0]
D	reference	    Wrap [reference]
D	reference	      · prefix len [1, 1]
D	reference	      ⇒ Work=[171, 171] Alloc=[17, 17] Rounds=[0, 0] Touch=[0, 0]
D	reference	      Intersection/eval [reference]
D	reference	        ⇒ Work=[167, 167] Alloc=[16, 16] Rounds=[0, 0] Touch=[0, 0]
D	reference	        Subtraction/eval [reference]
D	reference	          ⇒ Work=[137, 137] Alloc=[12, 12] Rounds=[0, 0] Touch=[0, 0]
D	reference	          TailsUnion [reference]
D	reference	            · fan-out [0, 0]
D	reference	            ⇒ Work=[99, 99] Alloc=[12, 12] Rounds=[0, 0] Touch=[0, 0]
D	reference	            Restriction/eval [reference]
D	reference	              · comparisons [0, 0]
D	reference	              ⇒ Work=[98, 98] Alloc=[12, 12] Rounds=[0, 0] Touch=[0, 0]
D	reference	              Unwrap [reference]
D	reference	                · prefix len [1, 1]
D	reference	                · result size [6, 6]
D	reference	                ⇒ Work=[29, 29] Alloc=[6, 6] Rounds=[0, 0] Touch=[0, 0]
D	reference	                Mention family [reference]
D	reference	                  · value {child·{Ann·{Bob·ε{}},Bob·{Pam·ε{},Tom·ε{}},Jim·{Pat·ε{}},Liz·{Tom·ε{}},Pat·{Bob
D	reference	                  ⇒ Work=[1, 1] Alloc=[0, 0] Rounds=[0, 0] Touch=[0, 0]
D	reference	              TailsUnion [reference]
D	reference	                · fan-out [0, 0]
D	reference	                ⇒ Work=[68, 68] Alloc=[6, 6] Rounds=[0, 0] Touch=[0, 0]
D	reference	                Restriction/eval [reference]
D	reference	                  · comparisons [0, 0]
D	reference	                  ⇒ Work=[67, 67] Alloc=[6, 6] Rounds=[0, 0] Touch=[0, 0]
D	reference	                  Unwrap [reference]
D	reference	                    · prefix len [1, 1]
D	reference	                    · result size [6, 6]
D	reference	                    ⇒ Work=[29, 29] Alloc=[6, 6] Rounds=[0, 0] Touch=[0, 0]
D	reference	                    Mention family [reference]
D	reference	                      · value {child·{Ann·{Bob·ε{}},Bob·{Pam·ε{},Tom·ε{}},Jim·{Pat·ε{}},Liz·{Tom·ε{}},Pat·{Bob
D	reference	                      ⇒ Work=[1, 1] Alloc=[0, 0] Rounds=[0, 0] Touch=[0, 0]
D	reference	                  Unwrap [reference]
D	reference	                    · prefix len [2, 2]
D	reference	                    · result size [0, 0]
D	reference	                    ⇒ Work=[37, 37] Alloc=[0, 0] Rounds=[0, 0] Touch=[0, 0]
D	reference	                    Mention family [reference]
D	reference	                      · value {child·{Ann·{Bob·ε{}},Bob·{Pam·ε{},Tom·ε{}},Jim·{Pat·ε{}},Liz·{Tom·ε{}},Pat·{Bob
D	reference	                      ⇒ Work=[1, 1] Alloc=[0, 0] Rounds=[0, 0] Touch=[0, 0]
D	reference	          Unwrap [reference]
D	reference	            · prefix len [2, 2]
D	reference	            · result size [0, 0]
D	reference	            ⇒ Work=[37, 37] Alloc=[0, 0] Rounds=[0, 0] Touch=[0, 0]
D	reference	            Mention family [reference]
D	reference	              · value {child·{Ann·{Bob·ε{}},Bob·{Pam·ε{},Tom·ε{}},Jim·{Pat·ε{}},Liz·{Tom·ε{}},Pat·{Bob
D	reference	              ⇒ Work=[1, 1] Alloc=[0, 0] Rounds=[0, 0] Touch=[0, 0]
D	reference	        Unwrap [reference]
D	reference	          · prefix len [1, 1]
D	reference	          · result size [4, 4]
D	reference	          ⇒ Work=[29, 29] Alloc=[4, 4] Rounds=[0, 0] Touch=[0, 0]
D	reference	          Mention family [reference]
D	reference	            · value {child·{Ann·{Bob·ε{}},Bob·{Pam·ε{},Tom·ε{}},Jim·{Pat·ε{}},Liz·{Tom·ε{}},Pat·{Bob
D	reference	            ⇒ Work=[1, 1] Alloc=[0, 0] Rounds=[0, 0] Touch=[0, 0]
B	trie	[204, 336]	[47, 152]	[7, 7]	[160, 350]	220	57	7	177	CERTIFIED	A6-BACKENDS,A6-EVENTS,A6-EXACT-INTER,A6-EXACT-INTER-SAME,A6-EXACT-RESTRICT,A6-EXACT-SUB,A6-EXACT-SUB-SAME,A6-EXACT-TAILS-UNION,A6-EXACT-UNWRAP,A6-EXACT-WRAP,A6-IVL,A6-IVL-IMPL,A6-MUSTMAY,A6-ORDER,A6-PATRICIA	0,0
D	trie	Wrap [trie]
D	trie	  · prefix len [1, 1]
D	trie	  ⇒ Work=[204, 336] Alloc=[47, 152] Rounds=[7, 7] Touch=[160, 350]
D	trie	  Iteration [trie]
D	trie	    · 7 heads, exact; joinAll over the per-head results
D	trie	    ⇒ Work=[202, 334] Alloc=[46, 151] Rounds=[7, 7] Touch=[159, 349]
D	trie	    Mention people [trie]
D	trie	      · value {Ann·ε{},Bob·ε{},Jim·ε{},Liz·ε{},Pam·ε{},Pat·ε{},Tom·ε{}}[=people]
D	trie	      ⇒ Work=[1, 1] Alloc=[0, 0] Rounds=[0, 0] Touch=[0, 0]
D	trie	    Wrap [trie]
D	trie	      · prefix len [1, 1]
D	trie	      ⇒ Work=[28, 28] Alloc=[12, 13] Rounds=[0, 0] Touch=[29, 66]
D	trie	      Intersection [trie]
D	trie	        · exact operands: the algebra's own recursion, sharing ∈ [maximal, proven]; Patricia by the 2k-1 envelope
D	trie	        · must-alias false
D	trie	        ⇒ Work=[26, 26] Alloc=[11, 12] Rounds=[0, 0] Touch=[28, 65]
D	trie	        Subtraction [trie]
D	trie	          · exact operands: the algebra's own recursion, sharing ∈ [maximal, proven]; Patricia by the 2k-1 envelope
D	trie	          · must-alias false
D	trie	          ⇒ Work=[22, 22] Alloc=[11, 12] Rounds=[0, 0] Touch=[24, 52]
D	trie	          TailsUnion [trie]
D	trie	            · fan-out [2, 2]
D	trie	            ⇒ Work=[16, 16] Alloc=[10, 11] Rounds=[0, 0] Touch=[19, 42]
D	trie	            Restriction [trie]
D	trie	              · exact operands: the algebra's own recursion, sharing ∈ [maximal, proven]; Patricia by the 2k-1 envelope
D	trie	              · must-alias false
D	trie	              ⇒ Work=[14, 14] Alloc=[2, 2] Rounds=[0, 0] Touch=[15, 33]
D	trie	              Unwrap [trie]
D	trie	                · prefix len [1, 1]
D	trie	                · result size [6, 6]
D	trie	                ⇒ Work=[3, 3] Alloc=[0, 0] Rounds=[0, 0] Touch=[2, 2]
D	trie	                Mention family [trie]
D	trie	                  · value {child·{Ann·{Bob·ε{}},Bob·{Pam·ε{},Tom·ε{}},Jim·{Pat·ε{}},Liz·{Tom·ε{}},Pat·{Bob
D	trie	                  ⇒ Work=[1, 1] Alloc=[0, 0] Rounds=[0, 0] Touch=[0, 0]
D	trie	              TailsUnion [trie]
D	trie	                · fan-out [1, 1]
D	trie	                ⇒ Work=[10, 10] Alloc=[1, 1] Rounds=[0, 0] Touch=[9, 18]
D	trie	                Restriction [trie]
D	trie	                  · exact operands: the algebra's own recursion, sharing ∈ [maximal, proven]; Patricia by the 2k-1 envelope
D	trie	                  · must-alias false
D	trie	                  ⇒ Work=[9, 9] Alloc=[1, 1] Rounds=[0, 0] Touch=[8, 17]
D	trie	                  Unwrap [trie]
D	trie	                    · prefix len [1, 1]
D	trie	                    · result size [6, 6]
D	trie	                    ⇒ Work=[3, 3] Alloc=[0, 0] Rounds=[0, 0] Touch=[2, 2]
D	trie	                    Mention family [trie]
D	trie	                      · value {child·{Ann·{Bob·ε{}},Bob·{Pam·ε{},Tom·ε{}},Jim·{Pat·ε{}},Liz·{Tom·ε{}},Pat·{Bob
D	trie	                      ⇒ Work=[1, 1] Alloc=[0, 0] Rounds=[0, 0] Touch=[0, 0]
D	trie	                  Unwrap [trie]
D	trie	                    · prefix len [2, 2]
D	trie	                    · result size [1, 1]
D	trie	                    ⇒ Work=[5, 5] Alloc=[0, 0] Rounds=[0, 0] Touch=[3, 3]
D	trie	                    Mention family [trie]
D	trie	                      · value {child·{Ann·{Bob·ε{}},Bob·{Pam·ε{},Tom·ε{}},Jim·{Pat·ε{}},Liz·{Tom·ε{}},Pat·{Bob
D	trie	                      ⇒ Work=[1, 1] Alloc=[0, 0] Rounds=[0, 0] Touch=[0, 0]
D	trie	          Unwrap [trie]
D	trie	            · prefix len [2, 2]
D	trie	            · result size [1, 1]
D	trie	            ⇒ Work=[5, 5] Alloc=[0, 0] Rounds=[0, 0] Touch=[3, 3]
D	trie	            Mention family [trie]
D	trie	              · value {child·{Ann·{Bob·ε{}},Bob·{Pam·ε{},Tom·ε{}},Jim·{Pat·ε{}},Liz·{Tom·ε{}},Pat·{Bob
D	trie	              ⇒ Work=[1, 1] Alloc=[0, 0] Rounds=[0, 0] Touch=[0, 0]
D	trie	        Unwrap [trie]
D	trie	          · prefix len [1, 1]
D	trie	          · result size [4, 4]
D	trie	          ⇒ Work=[3, 3] Alloc=[0, 0] Rounds=[0, 0] Touch=[2, 2]
D	trie	          Mention family [trie]
D	trie	            · value {child·{Ann·{Bob·ε{}},Bob·{Pam·ε{},Tom·ε{}},Jim·{Pat·ε{}},Liz·{Tom·ε{}},Pat·{Bob
D	trie	            ⇒ Work=[1, 1] Alloc=[0, 0] Rounds=[0, 0] Touch=[0, 0]
D	trie	    Wrap [trie]
D	trie	      · prefix len [1, 1]
D	trie	      ⇒ Work=[27, 27] Alloc=[0, 0] Rounds=[0, 0] Touch=[20, 31]
D	trie	      Intersection [trie]
D	trie	        · exact operands: the algebra's own recursion, sharing ∈ [maximal, proven]; Patricia by the 2k-1 envelope
D	trie	        · must-alias false
D	trie	        ⇒ Work=[25, 25] Alloc=[0, 0] Rounds=[0, 0] Touch=[19, 30]
D	trie	        Subtraction [trie]
D	trie	          · exact operands: the algebra's own recursion, sharing ∈ [maximal, proven]; Patricia by the 2k-1 envelope
D	trie	          · must-alias false
D	trie	          ⇒ Work=[21, 21] Alloc=[0, 0] Rounds=[0, 0] Touch=[16, 27]
D	trie	          TailsUnion [trie]
D	trie	            · fan-out [0, 0]
D	trie	            ⇒ Work=[15, 15] Alloc=[0, 0] Rounds=[0, 0] Touch=[12, 23]
D	trie	            Restriction [trie]
D	trie	              · exact operands: the algebra's own recursion, sharing ∈ [maximal, proven]; Patricia by the 2k-1 envelope
D	trie	              · must-alias false
D	trie	              ⇒ Work=[14, 14] Alloc=[0, 0] Rounds=[0, 0] Touch=[11, 22]
D	trie	              Unwrap [trie]
D	trie	                · prefix len [1, 1]
D	trie	                · result size [6, 6]
D	trie	                ⇒ Work=[3, 3] Alloc=[0, 0] Rounds=[0, 0] Touch=[2, 2]
D	trie	                Mention family [trie]
D	trie	                  · value {child·{Ann·{Bob·ε{}},Bob·{Pam·ε{},Tom·ε{}},Jim·{Pat·ε{}},Liz·{Tom·ε{}},Pat·{Bob
D	trie	                  ⇒ Work=[1, 1] Alloc=[0, 0] Rounds=[0, 0] Touch=[0, 0]
D	trie	              TailsUnion [trie]
D	trie	                · fan-out [0, 0]
D	trie	                ⇒ Work=[10, 10] Alloc=[0, 0] Rounds=[0, 0] Touch=[8, 19]
D	trie	                Restriction [trie]
D	trie	                  · exact operands: the algebra's own recursion, sharing ∈ [maximal, proven]; Patricia by the 2k-1 envelope
D	trie	                  · must-alias false
D	trie	                  ⇒ Work=[9, 9] Alloc=[0, 0] Rounds=[0, 0] Touch=[7, 18]
D	trie	                  Unwrap [trie]
D	trie	                    · prefix len [1, 1]
D	trie	                    · result size [6, 6]
D	trie	                    ⇒ Work=[3, 3] Alloc=[0, 0] Rounds=[0, 0] Touch=[2, 2]
D	trie	                    Mention family [trie]
D	trie	                      · value {child·{Ann·{Bob·ε{}},Bob·{Pam·ε{},Tom·ε{}},Jim·{Pat·ε{}},Liz·{Tom·ε{}},Pat·{Bob
D	trie	                      ⇒ Work=[1, 1] Alloc=[0, 0] Rounds=[0, 0] Touch=[0, 0]
D	trie	                  Unwrap [trie]
D	trie	                    · prefix len [2, 2]
D	trie	                    · result size [2, 2]
D	trie	                    ⇒ Work=[5, 5] Alloc=[0, 0] Rounds=[0, 0] Touch=[3, 3]
D	trie	                    Mention family [trie]
D	trie	                      · value {child·{Ann·{Bob·ε{}},Bob·{Pam·ε{},Tom·ε{}},Jim·{Pat·ε{}},Liz·{Tom·ε{}},Pat·{Bob
D	trie	                      ⇒ Work=[1, 1] Alloc=[0, 0] Rounds=[0, 0] Touch=[0, 0]
D	trie	          Unwrap [trie]
D	trie	            · prefix len [2, 2]
D	trie	            · result size [2, 2]
D	trie	            ⇒ Work=[5, 5] Alloc=[0, 0] Rounds=[0, 0] Touch=[3, 3]
D	trie	            Mention family [trie]
D	trie	              · value {child·{Ann·{Bob·ε{}},Bob·{Pam·ε{},Tom·ε{}},Jim·{Pat·ε{}},Liz·{Tom·ε{}},Pat·{Bob
D	trie	              ⇒ Work=[1, 1] Alloc=[0, 0] Rounds=[0, 0] Touch=[0, 0]
D	trie	        Unwrap [trie]
D	trie	          · prefix len [1, 1]
D	trie	          · result size [4, 4]
D	trie	          ⇒ Work=[3, 3] Alloc=[0, 0] Rounds=[0, 0] Touch=[2, 2]
D	trie	          Mention family [trie]
D	trie	            · value {child·{Ann·{Bob·ε{}},Bob·{Pam·ε{},Tom·ε{}},Jim·{Pat·ε{}},Liz·{Tom·ε{}},Pat·{Bob
D	trie	            ⇒ Work=[1, 1] Alloc=[0, 0] Rounds=[0, 0] Touch=[0, 0]
D	trie	    Wrap [trie]
D	trie	      · prefix len [1, 1]
D	trie	      ⇒ Work=[27, 27] Alloc=[4, 4] Rounds=[0, 0] Touch=[25, 55]
D	trie	      Intersection [trie]
D	trie	        · exact operands: the algebra's own recursion, sharing ∈ [maximal, proven]; Patricia by the 2k-1 envelope
D	trie	        · must-alias false
D	trie	        ⇒ Work=[25, 25] Alloc=[3, 3] Rounds=[0, 0] Touch=[24, 54]
D	trie	        Subtraction [trie]
D	trie	          · exact operands: the algebra's own recursion, sharing ∈ [maximal, proven]; Patricia by the 2k-1 envelope
D	trie	          · must-alias false
D	trie	          ⇒ Work=[21, 21] Alloc=[3, 3] Rounds=[0, 0] Touch=[20, 41]
D	trie	          TailsUnion [trie]
D	trie	            · fan-out [1, 1]
D	trie	            ⇒ Work=[15, 15] Alloc=[2, 2] Rounds=[0, 0] Touch=[15, 31]
D	trie	            Restriction [trie]
D	trie	              · exact operands: the algebra's own recursion, sharing ∈ [maximal, proven]; Patricia by the 2k-1 envelope
D	trie	              · must-alias false
D	trie	              ⇒ Work=[14, 14] Alloc=[2, 2] Rounds=[0, 0] Touch=[14, 30]
D	trie	              Unwrap [trie]
D	trie	                · prefix len [1, 1]
D	trie	                · result size [6, 6]
D	trie	                ⇒ Work=[3, 3] Alloc=[0, 0] Rounds=[0, 0] Touch=[2, 2]
D	trie	                Mention family [trie]
D	trie	                  · value {child·{Ann·{Bob·ε{}},Bob·{Pam·ε{},Tom·ε{}},Jim·{Pat·ε{}},Liz·{Tom·ε{}},Pat·{Bob
D	trie	                  ⇒ Work=[1, 1] Alloc=[0, 0] Rounds=[0, 0] Touch=[0, 0]
D	trie	              TailsUnion [trie]
D	trie	                · fan-out [1, 1]
D	trie	                ⇒ Work=[10, 10] Alloc=[1, 1] Rounds=[0, 0] Touch=[9, 18]
D	trie	                Restriction [trie]
D	trie	                  · exact operands: the algebra's own recursion, sharing ∈ [maximal, proven]; Patricia by the 2k-1 envelope
D	trie	                  · must-alias false
D	trie	                  ⇒ Work=[9, 9] Alloc=[1, 1] Rounds=[0, 0] Touch=[8, 17]
D	trie	                  Unwrap [trie]
D	trie	                    · prefix len [1, 1]
D	trie	                    · result size [6, 6]
D	trie	                    ⇒ Work=[3, 3] Alloc=[0, 0] Rounds=[0, 0] Touch=[2, 2]
D	trie	                    Mention family [trie]
D	trie	                      · value {child·{Ann·{Bob·ε{}},Bob·{Pam·ε{},Tom·ε{}},Jim·{Pat·ε{}},Liz·{Tom·ε{}},Pat·{Bob
D	trie	                      ⇒ Work=[1, 1] Alloc=[0, 0] Rounds=[0, 0] Touch=[0, 0]
D	trie	                  Unwrap [trie]
D	trie	                    · prefix len [2, 2]
D	trie	                    · result size [1, 1]
D	trie	                    ⇒ Work=[5, 5] Alloc=[0, 0] Rounds=[0, 0] Touch=[3, 3]
D	trie	                    Mention family [trie]
D	trie	                      · value {child·{Ann·{Bob·ε{}},Bob·{Pam·ε{},Tom·ε{}},Jim·{Pat·ε{}},Liz·{Tom·ε{}},Pat·{Bob
D	trie	                      ⇒ Work=[1, 1] Alloc=[0, 0] Rounds=[0, 0] Touch=[0, 0]
D	trie	          Unwrap [trie]
D	trie	            · prefix len [2, 2]
D	trie	            · result size [1, 1]
D	trie	            ⇒ Work=[5, 5] Alloc=[0, 0] Rounds=[0, 0] Touch=[3, 3]
D	trie	            Mention family [trie]
D	trie	              · value {child·{Ann·{Bob·ε{}},Bob·{Pam·ε{},Tom·ε{}},Jim·{Pat·ε{}},Liz·{Tom·ε{}},Pat·{Bob
D	trie	              ⇒ Work=[1, 1] Alloc=[0, 0] Rounds=[0, 0] Touch=[0, 0]
D	trie	        Unwrap [trie]
D	trie	          · prefix len [1, 1]
D	trie	          · result size [4, 4]
D	trie	          ⇒ Work=[3, 3] Alloc=[0, 0] Rounds=[0, 0] Touch=[2, 2]
D	trie	          Mention family [trie]
D	trie	            · value {child·{Ann·{Bob·ε{}},Bob·{Pam·ε{},Tom·ε{}},Jim·{Pat·ε{}},Liz·{Tom·ε{}},Pat·{Bob
D	trie	            ⇒ Work=[1, 1] Alloc=[0, 0] Rounds=[0, 0] Touch=[0, 0]
D	trie	    Wrap [trie]
D	trie	      · prefix len [1, 1]
D	trie	      ⇒ Work=[27, 27] Alloc=[0, 0] Rounds=[0, 0] Touch=[20, 29]
D	trie	      Intersection [trie]
D	trie	        · exact operands: the algebra's own recursion, sharing ∈ [maximal, proven]; Patricia by the 2k-1 envelope
D	trie	        · must-alias false
D	trie	        ⇒ Work=[25, 25] Alloc=[0, 0] Rounds=[0, 0] Touch=[19, 28]
D	trie	        Subtraction [trie]
D	trie	          · exact operands: the algebra's own recursion, sharing ∈ [maximal, proven]; Patricia by the 2k-1 envelope
D	trie	          · must-alias false
D	trie	          ⇒ Work=[21, 21] Alloc=[0, 0] Rounds=[0, 0] Touch=[16, 25]
D	trie	          TailsUnion [trie]
D	trie	            · fan-out [0, 0]
D	trie	            ⇒ Work=[15, 15] Alloc=[0, 0] Rounds=[0, 0] Touch=[12, 21]
D	trie	            Restriction [trie]
D	trie	              · exact operands: the algebra's own recursion, sharing ∈ [maximal, proven]; Patricia by the 2k-1 envelope
D	trie	              · must-alias false
D	trie	              ⇒ Work=[14, 14] Alloc=[0, 0] Rounds=[0, 0] Touch=[11, 20]
D	trie	              Unwrap [trie]
D	trie	                · prefix len [1, 1]
D	trie	                · result size [6, 6]
D	trie	                ⇒ Work=[3, 3] Alloc=[0, 0] Rounds=[0, 0] Touch=[2, 2]
D	trie	                Mention family [trie]
D	trie	                  · value {child·{Ann·{Bob·ε{}},Bob·{Pam·ε{},Tom·ε{}},Jim·{Pat·ε{}},Liz·{Tom·ε{}},Pat·{Bob
D	trie	                  ⇒ Work=[1, 1] Alloc=[0, 0] Rounds=[0, 0] Touch=[0, 0]
D	trie	              TailsUnion [trie]
D	trie	                · fan-out [0, 0]
D	trie	                ⇒ Work=[10, 10] Alloc=[0, 0] Rounds=[0, 0] Touch=[8, 17]
D	trie	                Restriction [trie]
D	trie	                  · exact operands: the algebra's own recursion, sharing ∈ [maximal, proven]; Patricia by the 2k-1 envelope
D	trie	                  · must-alias false
D	trie	                  ⇒ Work=[9, 9] Alloc=[0, 0] Rounds=[0, 0] Touch=[7, 16]
D	trie	                  Unwrap [trie]
D	trie	                    · prefix len [1, 1]
D	trie	                    · result size [6, 6]
D	trie	                    ⇒ Work=[3, 3] Alloc=[0, 0] Rounds=[0, 0] Touch=[2, 2]
D	trie	                    Mention family [trie]
D	trie	                      · value {child·{Ann·{Bob·ε{}},Bob·{Pam·ε{},Tom·ε{}},Jim·{Pat·ε{}},Liz·{Tom·ε{}},Pat·{Bob
D	trie	                      ⇒ Work=[1, 1] Alloc=[0, 0] Rounds=[0, 0] Touch=[0, 0]
D	trie	                  Unwrap [trie]
D	trie	                    · prefix len [2, 2]
D	trie	                    · result size [1, 1]
D	trie	                    ⇒ Work=[5, 5] Alloc=[0, 0] Rounds=[0, 0] Touch=[3, 3]
D	trie	                    Mention family [trie]
D	trie	                      · value {child·{Ann·{Bob·ε{}},Bob·{Pam·ε{},Tom·ε{}},Jim·{Pat·ε{}},Liz·{Tom·ε{}},Pat·{Bob
D	trie	                      ⇒ Work=[1, 1] Alloc=[0, 0] Rounds=[0, 0] Touch=[0, 0]
D	trie	          Unwrap [trie]
D	trie	            · prefix len [2, 2]
D	trie	            · result size [1, 1]
D	trie	            ⇒ Work=[5, 5] Alloc=[0, 0] Rounds=[0, 0] Touch=[3, 3]
D	trie	            Mention family [trie]
D	trie	              · value {child·{Ann·{Bob·ε{}},Bob·{Pam·ε{},Tom·ε{}},Jim·{Pat·ε{}},Liz·{Tom·ε{}},Pat·{Bob
D	trie	              ⇒ Work=[1, 1] Alloc=[0, 0] Rounds=[0, 0] Touch=[0, 0]
D	trie	        Unwrap [trie]
D	trie	          · prefix len [1, 1]
D	trie	          · result size [4, 4]
D	trie	          ⇒ Work=[3, 3] Alloc=[0, 0] Rounds=[0, 0] Touch=[2, 2]
D	trie	          Mention family [trie]
D	trie	            · value {child·{Ann·{Bob·ε{}},Bob·{Pam·ε{},Tom·ε{}},Jim·{Pat·ε{}},Liz·{Tom·ε{}},Pat·{Bob
D	trie	            ⇒ Work=[1, 1] Alloc=[0, 0] Rounds=[0, 0] Touch=[0, 0]
D	trie	    Wrap [trie]
D	trie	      · prefix len [1, 1]
D	trie	      ⇒ Work=[27, 27] Alloc=[0, 0] Rounds=[0, 0] Touch=[17, 17]
D	trie	      Intersection [trie]
D	trie	        · exact operands: the algebra's own recursion, sharing ∈ [maximal, proven]; Patricia by the 2k-1 envelope
D	trie	        · must-alias false
D	trie	        ⇒ Work=[25, 25] Alloc=[0, 0] Rounds=[0, 0] Touch=[16, 16]
D	trie	        Subtraction [trie]
D	trie	          · exact operands: the algebra's own recursion, sharing ∈ [maximal, proven]; Patricia by the 2k-1 envelope
D	trie	          · must-alias false
D	trie	          ⇒ Work=[21, 21] Alloc=[0, 0] Rounds=[0, 0] Touch=[13, 13]
D	trie	          TailsUnion [trie]
D	trie	            · fan-out [0, 0]
D	trie	            ⇒ Work=[15, 15] Alloc=[0, 0] Rounds=[0, 0] Touch=[10, 10]
D	trie	            Restriction [trie]
D	trie	              · exact operands: the algebra's own recursion, sharing ∈ [maximal, proven]; Patricia by the 2k-1 envelope
D	trie	              · must-alias false
D	trie	              ⇒ Work=[14, 14] Alloc=[0, 0] Rounds=[0, 0] Touch=[9, 9]
D	trie	              Unwrap [trie]
D	trie	                · prefix len [1, 1]
D	trie	                · result size [6, 6]
D	trie	                ⇒ Work=[3, 3] Alloc=[0, 0] Rounds=[0, 0] Touch=[2, 2]
D	trie	                Mention family [trie]
D	trie	                  · value {child·{Ann·{Bob·ε{}},Bob·{Pam·ε{},Tom·ε{}},Jim·{Pat·ε{}},Liz·{Tom·ε{}},Pat·{Bob
D	trie	                  ⇒ Work=[1, 1] Alloc=[0, 0] Rounds=[0, 0] Touch=[0, 0]
D	trie	              TailsUnion [trie]
D	trie	                · fan-out [0, 0]
D	trie	                ⇒ Work=[10, 10] Alloc=[0, 0] Rounds=[0, 0] Touch=[6, 6]
D	trie	                Restriction [trie]
D	trie	                  · exact operands: the algebra's own recursion, sharing ∈ [maximal, proven]; Patricia by the 2k-1 envelope
D	trie	                  · must-alias false
D	trie	                  ⇒ Work=[9, 9] Alloc=[0, 0] Rounds=[0, 0] Touch=[5, 5]
D	trie	                  Unwrap [trie]
D	trie	                    · prefix len [1, 1]
D	trie	                    · result size [6, 6]
D	trie	                    ⇒ Work=[3, 3] Alloc=[0, 0] Rounds=[0, 0] Touch=[2, 2]
D	trie	                    Mention family [trie]
D	trie	                      · value {child·{Ann·{Bob·ε{}},Bob·{Pam·ε{},Tom·ε{}},Jim·{Pat·ε{}},Liz·{Tom·ε{}},Pat·{Bob
D	trie	                      ⇒ Work=[1, 1] Alloc=[0, 0] Rounds=[0, 0] Touch=[0, 0]
D	trie	                  Unwrap [trie]
D	trie	                    · prefix len [2, 2]
D	trie	                    · result size [0, 0]
D	trie	                    ⇒ Work=[5, 5] Alloc=[0, 0] Rounds=[0, 0] Touch=[2, 2]
D	trie	                    Mention family [trie]
D	trie	                      · value {child·{Ann·{Bob·ε{}},Bob·{Pam·ε{},Tom·ε{}},Jim·{Pat·ε{}},Liz·{Tom·ε{}},Pat·{Bob
D	trie	                      ⇒ Work=[1, 1] Alloc=[0, 0] Rounds=[0, 0] Touch=[0, 0]
D	trie	          Unwrap [trie]
D	trie	            · prefix len [2, 2]
D	trie	            · result size [0, 0]
D	trie	            ⇒ Work=[5, 5] Alloc=[0, 0] Rounds=[0, 0] Touch=[2, 2]
D	trie	            Mention family [trie]
D	trie	              · value {child·{Ann·{Bob·ε{}},Bob·{Pam·ε{},Tom·ε{}},Jim·{Pat·ε{}},Liz·{Tom·ε{}},Pat·{Bob
D	trie	              ⇒ Work=[1, 1] Alloc=[0, 0] Rounds=[0, 0] Touch=[0, 0]
D	trie	        Unwrap [trie]
D	trie	          · prefix len [1, 1]
D	trie	          · result size [4, 4]
D	trie	          ⇒ Work=[3, 3] Alloc=[0, 0] Rounds=[0, 0] Touch=[2, 2]
D	trie	          Mention family [trie]
D	trie	            · value {child·{Ann·{Bob·ε{}},Bob·{Pam·ε{},Tom·ε{}},Jim·{Pat·ε{}},Liz·{Tom·ε{}},Pat·{Bob
D	trie	            ⇒ Work=[1, 1] Alloc=[0, 0] Rounds=[0, 0] Touch=[0, 0]
D	trie	    Wrap [trie]
D	trie	      · prefix len [1, 1]
D	trie	      ⇒ Work=[28, 28] Alloc=[12, 13] Rounds=[0, 0] Touch=[29, 66]
D	trie	      Intersection [trie]
D	trie	        · exact operands: the algebra's own recursion, sharing ∈ [maximal, proven]; Patricia by the 2k-1 envelope
D	trie	        · must-alias false
D	trie	        ⇒ Work=[26, 26] Alloc=[11, 12] Rounds=[0, 0] Touch=[28, 65]
D	trie	        Subtraction [trie]
D	trie	          · exact operands: the algebra's own recursion, sharing ∈ [maximal, proven]; Patricia by the 2k-1 envelope
D	trie	          · must-alias false
D	trie	          ⇒ Work=[22, 22] Alloc=[11, 12] Rounds=[0, 0] Touch=[24, 52]
D	trie	          TailsUnion [trie]
D	trie	            · fan-out [2, 2]
D	trie	            ⇒ Work=[16, 16] Alloc=[10, 11] Rounds=[0, 0] Touch=[19, 42]
D	trie	            Restriction [trie]
D	trie	              · exact operands: the algebra's own recursion, sharing ∈ [maximal, proven]; Patricia by the 2k-1 envelope
D	trie	              · must-alias false
D	trie	              ⇒ Work=[14, 14] Alloc=[2, 2] Rounds=[0, 0] Touch=[15, 33]
D	trie	              Unwrap [trie]
D	trie	                · prefix len [1, 1]
D	trie	                · result size [6, 6]
D	trie	                ⇒ Work=[3, 3] Alloc=[0, 0] Rounds=[0, 0] Touch=[2, 2]
D	trie	                Mention family [trie]
D	trie	                  · value {child·{Ann·{Bob·ε{}},Bob·{Pam·ε{},Tom·ε{}},Jim·{Pat·ε{}},Liz·{Tom·ε{}},Pat·{Bob
D	trie	                  ⇒ Work=[1, 1] Alloc=[0, 0] Rounds=[0, 0] Touch=[0, 0]
D	trie	              TailsUnion [trie]
D	trie	                · fan-out [1, 1]
D	trie	                ⇒ Work=[10, 10] Alloc=[1, 1] Rounds=[0, 0] Touch=[9, 18]
D	trie	                Restriction [trie]
D	trie	                  · exact operands: the algebra's own recursion, sharing ∈ [maximal, proven]; Patricia by the 2k-1 envelope
D	trie	                  · must-alias false
D	trie	                  ⇒ Work=[9, 9] Alloc=[1, 1] Rounds=[0, 0] Touch=[8, 17]
D	trie	                  Unwrap [trie]
D	trie	                    · prefix len [1, 1]
D	trie	                    · result size [6, 6]
D	trie	                    ⇒ Work=[3, 3] Alloc=[0, 0] Rounds=[0, 0] Touch=[2, 2]
D	trie	                    Mention family [trie]
D	trie	                      · value {child·{Ann·{Bob·ε{}},Bob·{Pam·ε{},Tom·ε{}},Jim·{Pat·ε{}},Liz·{Tom·ε{}},Pat·{Bob
D	trie	                      ⇒ Work=[1, 1] Alloc=[0, 0] Rounds=[0, 0] Touch=[0, 0]
D	trie	                  Unwrap [trie]
D	trie	                    · prefix len [2, 2]
D	trie	                    · result size [1, 1]
D	trie	                    ⇒ Work=[5, 5] Alloc=[0, 0] Rounds=[0, 0] Touch=[3, 3]
D	trie	                    Mention family [trie]
D	trie	                      · value {child·{Ann·{Bob·ε{}},Bob·{Pam·ε{},Tom·ε{}},Jim·{Pat·ε{}},Liz·{Tom·ε{}},Pat·{Bob
D	trie	                      ⇒ Work=[1, 1] Alloc=[0, 0] Rounds=[0, 0] Touch=[0, 0]
D	trie	          Unwrap [trie]
D	trie	            · prefix len [2, 2]
D	trie	            · result size [1, 1]
D	trie	            ⇒ Work=[5, 5] Alloc=[0, 0] Rounds=[0, 0] Touch=[3, 3]
D	trie	            Mention family [trie]
D	trie	              · value {child·{Ann·{Bob·ε{}},Bob·{Pam·ε{},Tom·ε{}},Jim·{Pat·ε{}},Liz·{Tom·ε{}},Pat·{Bob
D	trie	              ⇒ Work=[1, 1] Alloc=[0, 0] Rounds=[0, 0] Touch=[0, 0]
D	trie	        Unwrap [trie]
D	trie	          · prefix len [1, 1]
D	trie	          · result size [4, 4]
D	trie	          ⇒ Work=[3, 3] Alloc=[0, 0] Rounds=[0, 0] Touch=[2, 2]
D	trie	          Mention family [trie]
D	trie	            · value {child·{Ann·{Bob·ε{}},Bob·{Pam·ε{},Tom·ε{}},Jim·{Pat·ε{}},Liz·{Tom·ε{}},Pat·{Bob
D	trie	            ⇒ Work=[1, 1] Alloc=[0, 0] Rounds=[0, 0] Touch=[0, 0]
D	trie	    Wrap [trie]
D	trie	      · prefix len [1, 1]
D	trie	      ⇒ Work=[27, 27] Alloc=[0, 0] Rounds=[0, 0] Touch=[17, 17]
D	trie	      Intersection [trie]
D	trie	        · exact operands: the algebra's own recursion, sharing ∈ [maximal, proven]; Patricia by the 2k-1 envelope
D	trie	        · must-alias false
D	trie	        ⇒ Work=[25, 25] Alloc=[0, 0] Rounds=[0, 0] Touch=[16, 16]
D	trie	        Subtraction [trie]
D	trie	          · exact operands: the algebra's own recursion, sharing ∈ [maximal, proven]; Patricia by the 2k-1 envelope
D	trie	          · must-alias false
D	trie	          ⇒ Work=[21, 21] Alloc=[0, 0] Rounds=[0, 0] Touch=[13, 13]
D	trie	          TailsUnion [trie]
D	trie	            · fan-out [0, 0]
D	trie	            ⇒ Work=[15, 15] Alloc=[0, 0] Rounds=[0, 0] Touch=[10, 10]
D	trie	            Restriction [trie]
D	trie	              · exact operands: the algebra's own recursion, sharing ∈ [maximal, proven]; Patricia by the 2k-1 envelope
D	trie	              · must-alias false
D	trie	              ⇒ Work=[14, 14] Alloc=[0, 0] Rounds=[0, 0] Touch=[9, 9]
D	trie	              Unwrap [trie]
D	trie	                · prefix len [1, 1]
D	trie	                · result size [6, 6]
D	trie	                ⇒ Work=[3, 3] Alloc=[0, 0] Rounds=[0, 0] Touch=[2, 2]
D	trie	                Mention family [trie]
D	trie	                  · value {child·{Ann·{Bob·ε{}},Bob·{Pam·ε{},Tom·ε{}},Jim·{Pat·ε{}},Liz·{Tom·ε{}},Pat·{Bob
D	trie	                  ⇒ Work=[1, 1] Alloc=[0, 0] Rounds=[0, 0] Touch=[0, 0]
D	trie	              TailsUnion [trie]
D	trie	                · fan-out [0, 0]
D	trie	                ⇒ Work=[10, 10] Alloc=[0, 0] Rounds=[0, 0] Touch=[6, 6]
D	trie	                Restriction [trie]
D	trie	                  · exact operands: the algebra's own recursion, sharing ∈ [maximal, proven]; Patricia by the 2k-1 envelope
D	trie	                  · must-alias false
D	trie	                  ⇒ Work=[9, 9] Alloc=[0, 0] Rounds=[0, 0] Touch=[5, 5]
D	trie	                  Unwrap [trie]
D	trie	                    · prefix len [1, 1]
D	trie	                    · result size [6, 6]
D	trie	                    ⇒ Work=[3, 3] Alloc=[0, 0] Rounds=[0, 0] Touch=[2, 2]
D	trie	                    Mention family [trie]
D	trie	                      · value {child·{Ann·{Bob·ε{}},Bob·{Pam·ε{},Tom·ε{}},Jim·{Pat·ε{}},Liz·{Tom·ε{}},Pat·{Bob
D	trie	                      ⇒ Work=[1, 1] Alloc=[0, 0] Rounds=[0, 0] Touch=[0, 0]
D	trie	                  Unwrap [trie]
D	trie	                    · prefix len [2, 2]
D	trie	                    · result size [0, 0]
D	trie	                    ⇒ Work=[5, 5] Alloc=[0, 0] Rounds=[0, 0] Touch=[2, 2]
D	trie	                    Mention family [trie]
D	trie	                      · value {child·{Ann·{Bob·ε{}},Bob·{Pam·ε{},Tom·ε{}},Jim·{Pat·ε{}},Liz·{Tom·ε{}},Pat·{Bob
D	trie	                      ⇒ Work=[1, 1] Alloc=[0, 0] Rounds=[0, 0] Touch=[0, 0]
D	trie	          Unwrap [trie]
D	trie	            · prefix len [2, 2]
D	trie	            · result size [0, 0]
D	trie	            ⇒ Work=[5, 5] Alloc=[0, 0] Rounds=[0, 0] Touch=[2, 2]
D	trie	            Mention family [trie]
D	trie	              · value {child·{Ann·{Bob·ε{}},Bob·{Pam·ε{},Tom·ε{}},Jim·{Pat·ε{}},Liz·{Tom·ε{}},Pat·{Bob
D	trie	              ⇒ Work=[1, 1] Alloc=[0, 0] Rounds=[0, 0] Touch=[0, 0]
D	trie	        Unwrap [trie]
D	trie	          · prefix len [1, 1]
D	trie	          · result size [4, 4]
D	trie	          ⇒ Work=[3, 3] Alloc=[0, 0] Rounds=[0, 0] Touch=[2, 2]
D	trie	          Mention family [trie]
D	trie	            · value {child·{Ann·{Bob·ε{}},Bob·{Pam·ε{},Tom·ε{}},Jim·{Pat·ε{}},Liz·{Tom·ε{}},Pat·{Bob
D	trie	            ⇒ Work=[1, 1] Alloc=[0, 0] Rounds=[0, 0] Touch=[0, 0]
B	graph	[159, 159]	[33, 35]	[7, 7]	[100, 228]	159	33	7	114	CERTIFIED	A6-BACKENDS,A6-EVENTS,A6-EXACT-INTER,A6-EXACT-INTER-SAME,A6-EXACT-RESTRICT,A6-EXACT-SUB,A6-EXACT-SUB-SAME,A6-EXACT-TAILS-UNION,A6-EXACT-UNION,A6-EXACT-UNION-SAME,A6-EXACT-UNWRAP,A6-IVL,A6-IVL-IMPL,A6-MUSTMAY,A6-ORDER,A6-PATRICIA	0,0
D	graph	execT graph [graph]
D	graph	  · 11 slots
D	graph	  ⇒ Work=[159, 159] Alloc=[33, 35] Rounds=[7, 7] Touch=[100, 228]
D	graph	  Unwrap [graph]
D	graph	    · prefix len [1, 1]
D	graph	    · result size [6, 6]
D	graph	    ⇒ Work=[5, 5] Alloc=[0, 0] Rounds=[0, 0] Touch=[2, 2]
D	graph	    Mention #l [graph]
D	graph	      · value {child·{Ann·{Bob·ε{}},Bob·{Pam·ε{},Tom·ε{}},Jim·{Pat·ε{}},Liz·{Tom·ε{}},Pat·{Bob
D	graph	      ⇒ Work=[2, 2] Alloc=[0, 0] Rounds=[0, 0] Touch=[0, 0]
D	graph	  Unwrap [graph]
D	graph	    · prefix len [1, 1]
D	graph	    · result size [6, 6]
D	graph	    ⇒ Work=[5, 5] Alloc=[0, 0] Rounds=[0, 0] Touch=[2, 2]
D	graph	    Mention #l [graph]
D	graph	      · value {child·{Ann·{Bob·ε{}},Bob·{Pam·ε{},Tom·ε{}},Jim·{Pat·ε{}},Liz·{Tom·ε{}},Pat·{Bob
D	graph	      ⇒ Work=[2, 2] Alloc=[0, 0] Rounds=[0, 0] Touch=[0, 0]
D	graph	  Unwrap [graph]
D	graph	    · prefix len [1, 1]
D	graph	    · result size [4, 4]
D	graph	    ⇒ Work=[5, 5] Alloc=[0, 0] Rounds=[0, 0] Touch=[2, 2]
D	graph	    Mention #l [graph]
D	graph	      · value {child·{Ann·{Bob·ε{}},Bob·{Pam·ε{},Tom·ε{}},Jim·{Pat·ε{}},Liz·{Tom·ε{}},Pat·{Bob
D	graph	      ⇒ Work=[2, 2] Alloc=[0, 0] Rounds=[0, 0] Touch=[0, 0]
D	graph	  Unwrap [graph]
D	graph	    · prefix len [2, 2]
D	graph	    · result size [1, 1]
D	graph	    ⇒ Work=[5, 5] Alloc=[0, 0] Rounds=[0, 0] Touch=[3, 3]
D	graph	    Mention #l [graph]
D	graph	      · value {child·{Ann·{Bob·ε{}},Bob·{Pam·ε{},Tom·ε{}},Jim·{Pat·ε{}},Liz·{Tom·ε{}},Pat·{Bob
D	graph	      ⇒ Work=[2, 2] Alloc=[0, 0] Rounds=[0, 0] Touch=[0, 0]
D	graph	  Restriction [graph]
D	graph	    · exact operands: the algebra's own recursion, sharing ∈ [maximal, proven]; Patricia by the 2k-1 envelope
D	graph	    · must-alias false
D	graph	    ⇒ Work=[6, 6] Alloc=[1, 1] Rounds=[0, 0] Touch=[3, 12]
D	graph	    Mention #l [graph]
D	graph	      · value {Ann·{Bob·ε{}},Bob·{Pam·ε{},Tom·ε{}},Jim·{Pat·ε{}},Liz·{Tom·ε{}},Pat·{Bob·ε{}}}
D	graph	      ⇒ Work=[2, 2] Alloc=[0, 0] Rounds=[0, 0] Touch=[0, 0]
D	graph	    Mention #r [graph]
D	graph	      · value {Bob·ε{}}
D	graph	      ⇒ Work=[2, 2] Alloc=[0, 0] Rounds=[0, 0] Touch=[0, 0]
D	graph	  TailsUnion [graph]
D	graph	    · fan-out [1, 1]
D	graph	    ⇒ Work=[4, 4] Alloc=[0, 0] Rounds=[0, 0] Touch=[1, 1]
D	graph	    Mention #l [graph]
D	graph	      · value {Bob·{Pam·ε{},Tom·ε{}}}[fresh]
D	graph	      ⇒ Work=[2, 2] Alloc=[0, 0] Rounds=[0, 0] Touch=[0, 0]
D	graph	  Restriction [graph]
D	graph	    · exact operands: the algebra's own recursion, sharing ∈ [maximal, proven]; Patricia by the 2k-1 envelope
D	graph	    · must-alias false
D	graph	    ⇒ Work=[6, 6] Alloc=[1, 1] Rounds=[0, 0] Touch=[4, 13]
D	graph	    Mention #l [graph]
D	graph	      · value {Bob·{Ann·ε{},Pat·ε{}},Pam·{Bob·ε{}},Pat·{Jim·ε{}},Tom·{Bob·ε{},Liz·ε{}}}
D	graph	      ⇒ Work=[2, 2] Alloc=[0, 0] Rounds=[0, 0] Touch=[0, 0]
D	graph	    Mention #r [graph]
D	graph	      · value {Pam·ε{},Tom·ε{}}
D	graph	      ⇒ Work=[2, 2] Alloc=[0, 0] Rounds=[0, 0] Touch=[0, 0]
D	graph	  TailsUnion [graph]
D	graph	    · fan-out [2, 2]
D	graph	    ⇒ Work=[5, 5] Alloc=[8, 9] Rounds=[0, 0] Touch=[4, 9]
D	graph	    Mention #l [graph]
D	graph	      · value {Pam·{Bob·ε{}},Tom·{Bob·ε{},Liz·ε{}}}[fresh]
D	graph	      ⇒ Work=[2, 2] Alloc=[0, 0] Rounds=[0, 0] Touch=[0, 0]
D	graph	  Subtraction [graph]
D	graph	    · exact operands: the algebra's own recursion, sharing ∈ [maximal, proven]; Patricia by the 2k-1 envelope
D	graph	    · must-alias false
D	graph	    ⇒ Work=[6, 6] Alloc=[1, 1] Rounds=[0, 0] Touch=[2, 7]
D	graph	    Mention #l [graph]
D	graph	      · value {Bob·ε{},Liz·ε{}}
D	graph	      ⇒ Work=[2, 2] Alloc=[0, 0] Rounds=[0, 0] Touch=[0, 0]
D	graph	    Mention #r [graph]
D	graph	      · value {Bob·ε{}}
D	graph	      ⇒ Work=[2, 2] Alloc=[0, 0] Rounds=[0, 0] Touch=[0, 0]
D	graph	  Intersection [graph]
D	graph	    · exact operands: the algebra's own recursion, sharing ∈ [maximal, proven]; Patricia by the 2k-1 envelope
D	graph	    · must-alias false
D	graph	    ⇒ Work=[6, 6] Alloc=[0, 0] Rounds=[0, 0] Touch=[2, 11]
D	graph	    Mention #l [graph]
D	graph	      · value {Liz·ε{}}[fresh]
D	graph	      ⇒ Work=[2, 2] Alloc=[0, 0] Rounds=[0, 0] Touch=[0, 0]
D	graph	    Mention #r [graph]
D	graph	      · value {Ann·ε{},Liz·ε{},Pam·ε{},Pat·ε{}}
D	graph	      ⇒ Work=[2, 2] Alloc=[0, 0] Rounds=[0, 0] Touch=[0, 0]
D	graph	  Union [graph]
D	graph	    · exact operands: the algebra's own recursion, sharing ∈ [maximal, proven]; Patricia by the 2k-1 envelope
D	graph	    · must-alias false
D	graph	    ⇒ Work=[6, 6] Alloc=[0, 0] Rounds=[0, 0] Touch=[1, 1]
D	graph	    Mention #l [graph]
D	graph	      · value ∅[fresh]
D	graph	      ⇒ Work=[2, 2] Alloc=[0, 0] Rounds=[0, 0] Touch=[0, 0]
D	graph	    Mention #r [graph]
D	graph	      · value {Ann·{Liz·ε{}}}[fresh]
D	graph	      ⇒ Work=[2, 2] Alloc=[0, 0] Rounds=[0, 0] Touch=[0, 0]
D	graph	  Unwrap [graph]
D	graph	    · prefix len [2, 2]
D	graph	    · result size [2, 2]
D	graph	    ⇒ Work=[5, 5] Alloc=[0, 0] Rounds=[0, 0] Touch=[3, 3]
D	graph	    Mention #l [graph]
D	graph	      · value {child·{Ann·{Bob·ε{}},Bob·{Pam·ε{},Tom·ε{}},Jim·{Pat·ε{}},Liz·{Tom·ε{}},Pat·{Bob
D	graph	      ⇒ Work=[2, 2] Alloc=[0, 0] Rounds=[0, 0] Touch=[0, 0]
D	graph	  Restriction [graph]
D	graph	    · exact operands: the algebra's own recursion, sharing ∈ [maximal, proven]; Patricia by the 2k-1 envelope
D	graph	    · must-alias false
D	graph	    ⇒ Work=[6, 6] Alloc=[0, 0] Rounds=[0, 0] Touch=[2, 13]
D	graph	    Mention #l [graph]
D	graph	      · value {Ann·{Bob·ε{}},Bob·{Pam·ε{},Tom·ε{}},Jim·{Pat·ε{}},Liz·{Tom·ε{}},Pat·{Bob·ε{}}}
D	graph	      ⇒ Work=[2, 2] Alloc=[0, 0] Rounds=[0, 0] Touch=[0, 0]
D	graph	    Mention #r [graph]
D	graph	      · value {Pam·ε{},Tom·ε{}}
D	graph	      ⇒ Work=[2, 2] Alloc=[0, 0] Rounds=[0, 0] Touch=[0, 0]
D	graph	  TailsUnion [graph]
D	graph	    · fan-out [0, 0]
D	graph	    ⇒ Work=[4, 4] Alloc=[0, 0] Rounds=[0, 0] Touch=[1, 1]
D	graph	    Mention #l [graph]
D	graph	      · value ∅[fresh]
D	graph	      ⇒ Work=[2, 2] Alloc=[0, 0] Rounds=[0, 0] Touch=[0, 0]
D	graph	  Restriction [graph]
D	graph	    · exact operands: the algebra's own recursion, sharing ∈ [maximal, proven]; Patricia by the 2k-1 envelope
D	graph	    · must-alias false
D	graph	    ⇒ Work=[6, 6] Alloc=[0, 0] Rounds=[0, 0] Touch=[1, 1]
D	graph	    Mention #l [graph]
D	graph	      · value {Bob·{Ann·ε{},Pat·ε{}},Pam·{Bob·ε{}},Pat·{Jim·ε{}},Tom·{Bob·ε{},Liz·ε{}}}
D	graph	      ⇒ Work=[2, 2] Alloc=[0, 0] Rounds=[0, 0] Touch=[0, 0]
D	graph	    Mention #r [graph]
D	graph	      · value ∅
D	graph	      ⇒ Work=[2, 2] Alloc=[0, 0] Rounds=[0, 0] Touch=[0, 0]
D	graph	  TailsUnion [graph]
D	graph	    · fan-out [0, 0]
D	graph	    ⇒ Work=[4, 4] Alloc=[0, 0] Rounds=[0, 0] Touch=[1, 1]
D	graph	    Mention #l [graph]
D	graph	      · value ∅[fresh]
D	graph	      ⇒ Work=[2, 2] Alloc=[0, 0] Rounds=[0, 0] Touch=[0, 0]
D	graph	  Union [graph]
D	graph	    · exact operands: the algebra's own recursion, sharing ∈ [maximal, proven]; Patricia by the 2k-1 envelope
D	graph	    · must-alias false
D	graph	    ⇒ Work=[6, 6] Alloc=[0, 0] Rounds=[0, 0] Touch=[1, 1]
D	graph	    Mention #l [graph]
D	graph	      · value {Ann·{Liz·ε{}}}[fresh]
D	graph	      ⇒ Work=[2, 2] Alloc=[0, 0] Rounds=[0, 0] Touch=[0, 0]
D	graph	    Mention #r [graph]
D	graph	      · value ∅[fresh]
D	graph	      ⇒ Work=[2, 2] Alloc=[0, 0] Rounds=[0, 0] Touch=[0, 0]
D	graph	  Unwrap [graph]
D	graph	    · prefix len [2, 2]
D	graph	    · result size [1, 1]
D	graph	    ⇒ Work=[5, 5] Alloc=[0, 0] Rounds=[0, 0] Touch=[3, 3]
D	graph	    Mention #l [graph]
D	graph	      · value {child·{Ann·{Bob·ε{}},Bob·{Pam·ε{},Tom·ε{}},Jim·{Pat·ε{}},Liz·{Tom·ε{}},Pat·{Bob
D	graph	      ⇒ Work=[2, 2] Alloc=[0, 0] Rounds=[0, 0] Touch=[0, 0]
D	graph	  Restriction [graph]
D	graph	    · exact operands: the algebra's own recursion, sharing ∈ [maximal, proven]; Patricia by the 2k-1 envelope
D	graph	    · must-alias false
D	graph	    ⇒ Work=[6, 6] Alloc=[1, 1] Rounds=[0, 0] Touch=[3, 12]
D	graph	    Mention #l [graph]
D	graph	      · value {Ann·{Bob·ε{}},Bob·{Pam·ε{},Tom·ε{}},Jim·{Pat·ε{}},Liz·{Tom·ε{}},Pat·{Bob·ε{}}}
D	graph	      ⇒ Work=[2, 2] Alloc=[0, 0] Rounds=[0, 0] Touch=[0, 0]
D	graph	    Mention #r [graph]
D	graph	      · value {Pat·ε{}}
D	graph	      ⇒ Work=[2, 2] Alloc=[0, 0] Rounds=[0, 0] Touch=[0, 0]
D	graph	  TailsUnion [graph]
D	graph	    · fan-out [1, 1]
D	graph	    ⇒ Work=[4, 4] Alloc=[0, 0] Rounds=[0, 0] Touch=[1, 1]
D	graph	    Mention #l [graph]
D	graph	      · value {Pat·{Bob·ε{}}}[fresh]
D	graph	      ⇒ Work=[2, 2] Alloc=[0, 0] Rounds=[0, 0] Touch=[0, 0]
D	graph	  Restriction [graph]
D	graph	    · exact operands: the algebra's own recursion, sharing ∈ [maximal, proven]; Patricia by the 2k-1 envelope
D	graph	    · must-alias false
D	graph	    ⇒ Work=[6, 6] Alloc=[1, 1] Rounds=[0, 0] Touch=[3, 10]
D	graph	    Mention #l [graph]
D	graph	      · value {Bob·{Ann·ε{},Pat·ε{}},Pam·{Bob·ε{}},Pat·{Jim·ε{}},Tom·{Bob·ε{},Liz·ε{}}}
D	graph	      ⇒ Work=[2, 2] Alloc=[0, 0] Rounds=[0, 0] Touch=[0, 0]
D	graph	    Mention #r [graph]
D	graph	      · value {Bob·ε{}}
D	graph	      ⇒ Work=[2, 2] Alloc=[0, 0] Rounds=[0, 0] Touch=[0, 0]
D	graph	  TailsUnion [graph]
D	graph	    · fan-out [1, 1]
D	graph	    ⇒ Work=[4, 4] Alloc=[0, 0] Rounds=[0, 0] Touch=[1, 1]
D	graph	    Mention #l [graph]
D	graph	      · value {Bob·{Ann·ε{},Pat·ε{}}}[fresh]
D	graph	      ⇒ Work=[2, 2] Alloc=[0, 0] Rounds=[0, 0] Touch=[0, 0]
D	graph	  Subtraction [graph]
D	graph	    · exact operands: the algebra's own recursion, sharing ∈ [maximal, proven]; Patricia by the 2k-1 envelope
D	graph	    · must-alias false
D	graph	    ⇒ Work=[6, 6] Alloc=[1, 1] Rounds=[0, 0] Touch=[2, 7]
D	graph	    Mention #l [graph]
D	graph	      · value {Ann·ε{},Pat·ε{}}
D	graph	      ⇒ Work=[2, 2] Alloc=[0, 0] Rounds=[0, 0] Touch=[0, 0]
D	graph	    Mention #r [graph]
D	graph	      · value {Pat·ε{}}
D	graph	      ⇒ Work=[2, 2] Alloc=[0, 0] Rounds=[0, 0] Touch=[0, 0]
D	graph	  Intersection [graph]
D	graph	    · exact operands: the algebra's own recursion, sharing ∈ [maximal, proven]; Patricia by the 2k-1 envelope
D	graph	    · must-alias false
D	graph	    ⇒ Work=[6, 6] Alloc=[0, 0] Rounds=[0, 0] Touch=[2, 11]
D	graph	    Mention #l [graph]
D	graph	      · value {Ann·ε{}}[fresh]
D	graph	      ⇒ Work=[2, 2] Alloc=[0, 0] Rounds=[0, 0] Touch=[0, 0]
D	graph	    Mention #r [graph]
D	graph	      · value {Ann·ε{},Liz·ε{},Pam·ε{},Pat·ε{}}
D	graph	      ⇒ Work=[2, 2] Alloc=[0, 0] Rounds=[0, 0] Touch=[0, 0]
D	graph	  Union [graph]
D	graph	    · exact operands: the algebra's own recursion, sharing ∈ [maximal, proven]; Patricia by the 2k-1 envelope
D	graph	    · must-alias false
D	graph	    ⇒ Work=[6, 6] Alloc=[1, 1] Rounds=[0, 0] Touch=[2, 3]
D	graph	    Mention #l [graph]
D	graph	      · value {Ann·{Liz·ε{}}}[fresh]
D	graph	      ⇒ Work=[2, 2] Alloc=[0, 0] Rounds=[0, 0] Touch=[0, 0]
D	graph	    Mention #r [graph]
D	graph	      · value {Jim·{Ann·ε{}}}[fresh]
D	graph	      ⇒ Work=[2, 2] Alloc=[0, 0] Rounds=[0, 0] Touch=[0, 0]
D	graph	  Unwrap [graph]
D	graph	    · prefix len [2, 2]
D	graph	    · result size [1, 1]
D	graph	    ⇒ Work=[5, 5] Alloc=[0, 0] Rounds=[0, 0] Touch=[3, 3]
D	graph	    Mention #l [graph]
D	graph	      · value {child·{Ann·{Bob·ε{}},Bob·{Pam·ε{},Tom·ε{}},Jim·{Pat·ε{}},Liz·{Tom·ε{}},Pat·{Bob
D	graph	      ⇒ Work=[2, 2] Alloc=[0, 0] Rounds=[0, 0] Touch=[0, 0]
D	graph	  Restriction [graph]
D	graph	    · exact operands: the algebra's own recursion, sharing ∈ [maximal, proven]; Patricia by the 2k-1 envelope
D	graph	    · must-alias false
D	graph	    ⇒ Work=[6, 6] Alloc=[0, 0] Rounds=[0, 0] Touch=[2, 11]
D	graph	    Mention #l [graph]
D	graph	      · value {Ann·{Bob·ε{}},Bob·{Pam·ε{},Tom·ε{}},Jim·{Pat·ε{}},Liz·{Tom·ε{}},Pat·{Bob·ε{}}}
D	graph	      ⇒ Work=[2, 2] Alloc=[0, 0] Rounds=[0, 0] Touch=[0, 0]
D	graph	    Mention #r [graph]
D	graph	      · value {Tom·ε{}}
D	graph	      ⇒ Work=[2, 2] Alloc=[0, 0] Rounds=[0, 0] Touch=[0, 0]
D	graph	  TailsUnion [graph]
D	graph	    · fan-out [0, 0]
D	graph	    ⇒ Work=[4, 4] Alloc=[0, 0] Rounds=[0, 0] Touch=[1, 1]
D	graph	    Mention #l [graph]
D	graph	      · value ∅[fresh]
D	graph	      ⇒ Work=[2, 2] Alloc=[0, 0] Rounds=[0, 0] Touch=[0, 0]
D	graph	  Restriction [graph]
D	graph	    · exact operands: the algebra's own recursion, sharing ∈ [maximal, proven]; Patricia by the 2k-1 envelope
D	graph	    · must-alias false
D	graph	    ⇒ Work=[6, 6] Alloc=[0, 0] Rounds=[0, 0] Touch=[1, 1]
D	graph	    Mention #l [graph]
D	graph	      · value {Bob·{Ann·ε{},Pat·ε{}},Pam·{Bob·ε{}},Pat·{Jim·ε{}},Tom·{Bob·ε{},Liz·ε{}}}
D	graph	      ⇒ Work=[2, 2] Alloc=[0, 0] Rounds=[0, 0] Touch=[0, 0]
D	graph	    Mention #r [graph]
D	graph	      · value ∅
D	graph	      ⇒ Work=[2, 2] Alloc=[0, 0] Rounds=[0, 0] Touch=[0, 0]
D	graph	  TailsUnion [graph]
D	graph	    · fan-out [0, 0]
D	graph	    ⇒ Work=[4, 4] Alloc=[0, 0] Rounds=[0, 0] Touch=[1, 1]
D	graph	    Mention #l [graph]
D	graph	      · value ∅[fresh]
D	graph	      ⇒ Work=[2, 2] Alloc=[0, 0] Rounds=[0, 0] Touch=[0, 0]
D	graph	  Union [graph]
D	graph	    · exact operands: the algebra's own recursion, sharing ∈ [maximal, proven]; Patricia by the 2k-1 envelope
D	graph	    · must-alias false
D	graph	    ⇒ Work=[6, 6] Alloc=[0, 0] Rounds=[0, 0] Touch=[1, 1]
D	graph	    Mention #l [graph]
D	graph	      · value {Ann·{Liz·ε{}},Jim·{Ann·ε{}}}[fresh]
D	graph	      ⇒ Work=[2, 2] Alloc=[0, 0] Rounds=[0, 0] Touch=[0, 0]
D	graph	    Mention #r [graph]
D	graph	      · value ∅[fresh]
D	graph	      ⇒ Work=[2, 2] Alloc=[0, 0] Rounds=[0, 0] Touch=[0, 0]
D	graph	  Unwrap [graph]
D	graph	    · prefix len [2, 2]
D	graph	    · result size [0, 0]
D	graph	    ⇒ Work=[5, 5] Alloc=[0, 0] Rounds=[0, 0] Touch=[2, 2]
D	graph	    Mention #l [graph]
D	graph	      · value {child·{Ann·{Bob·ε{}},Bob·{Pam·ε{},Tom·ε{}},Jim·{Pat·ε{}},Liz·{Tom·ε{}},Pat·{Bob
D	graph	      ⇒ Work=[2, 2] Alloc=[0, 0] Rounds=[0, 0] Touch=[0, 0]
D	graph	  Restriction [graph]
D	graph	    · exact operands: the algebra's own recursion, sharing ∈ [maximal, proven]; Patricia by the 2k-1 envelope
D	graph	    · must-alias false
D	graph	    ⇒ Work=[6, 6] Alloc=[0, 0] Rounds=[0, 0] Touch=[1, 1]
D	graph	    Mention #l [graph]
D	graph	      · value {Ann·{Bob·ε{}},Bob·{Pam·ε{},Tom·ε{}},Jim·{Pat·ε{}},Liz·{Tom·ε{}},Pat·{Bob·ε{}}}
D	graph	      ⇒ Work=[2, 2] Alloc=[0, 0] Rounds=[0, 0] Touch=[0, 0]
D	graph	    Mention #r [graph]
D	graph	      · value ∅
D	graph	      ⇒ Work=[2, 2] Alloc=[0, 0] Rounds=[0, 0] Touch=[0, 0]
D	graph	  TailsUnion [graph]
D	graph	    · fan-out [0, 0]
D	graph	    ⇒ Work=[4, 4] Alloc=[0, 0] Rounds=[0, 0] Touch=[1, 1]
D	graph	    Mention #l [graph]
D	graph	      · value ∅[fresh]
D	graph	      ⇒ Work=[2, 2] Alloc=[0, 0] Rounds=[0, 0] Touch=[0, 0]
D	graph	  Restriction [graph]
D	graph	    · exact operands: the algebra's own recursion, sharing ∈ [maximal, proven]; Patricia by the 2k-1 envelope
D	graph	    · must-alias false
D	graph	    ⇒ Work=[6, 6] Alloc=[0, 0] Rounds=[0, 0] Touch=[1, 1]
D	graph	    Mention #l [graph]
D	graph	      · value {Bob·{Ann·ε{},Pat·ε{}},Pam·{Bob·ε{}},Pat·{Jim·ε{}},Tom·{Bob·ε{},Liz·ε{}}}
D	graph	      ⇒ Work=[2, 2] Alloc=[0, 0] Rounds=[0, 0] Touch=[0, 0]
D	graph	    Mention #r [graph]
D	graph	      · value ∅
D	graph	      ⇒ Work=[2, 2] Alloc=[0, 0] Rounds=[0, 0] Touch=[0, 0]
D	graph	  TailsUnion [graph]
D	graph	    · fan-out [0, 0]
D	graph	    ⇒ Work=[4, 4] Alloc=[0, 0] Rounds=[0, 0] Touch=[1, 1]
D	graph	    Mention #l [graph]
D	graph	      · value ∅[fresh]
D	graph	      ⇒ Work=[2, 2] Alloc=[0, 0] Rounds=[0, 0] Touch=[0, 0]
D	graph	  Union [graph]
D	graph	    · exact operands: the algebra's own recursion, sharing ∈ [maximal, proven]; Patricia by the 2k-1 envelope
D	graph	    · must-alias false
D	graph	    ⇒ Work=[6, 6] Alloc=[0, 0] Rounds=[0, 0] Touch=[1, 1]
D	graph	    Mention #l [graph]
D	graph	      · value {Ann·{Liz·ε{}},Jim·{Ann·ε{}}}[fresh]
D	graph	      ⇒ Work=[2, 2] Alloc=[0, 0] Rounds=[0, 0] Touch=[0, 0]
D	graph	    Mention #r [graph]
D	graph	      · value ∅[fresh]
D	graph	      ⇒ Work=[2, 2] Alloc=[0, 0] Rounds=[0, 0] Touch=[0, 0]
D	graph	  Unwrap [graph]
D	graph	    · prefix len [2, 2]
D	graph	    · result size [1, 1]
D	graph	    ⇒ Work=[5, 5] Alloc=[0, 0] Rounds=[0, 0] Touch=[3, 3]
D	graph	    Mention #l [graph]
D	graph	      · value {child·{Ann·{Bob·ε{}},Bob·{Pam·ε{},Tom·ε{}},Jim·{Pat·ε{}},Liz·{Tom·ε{}},Pat·{Bob
D	graph	      ⇒ Work=[2, 2] Alloc=[0, 0] Rounds=[0, 0] Touch=[0, 0]
D	graph	  Restriction [graph]
D	graph	    · exact operands: the algebra's own recursion, sharing ∈ [maximal, proven]; Patricia by the 2k-1 envelope
D	graph	    · must-alias false
D	graph	    ⇒ Work=[6, 6] Alloc=[1, 1] Rounds=[0, 0] Touch=[3, 12]
D	graph	    Mention #l [graph]
D	graph	      · value {Ann·{Bob·ε{}},Bob·{Pam·ε{},Tom·ε{}},Jim·{Pat·ε{}},Liz·{Tom·ε{}},Pat·{Bob·ε{}}}
D	graph	      ⇒ Work=[2, 2] Alloc=[0, 0] Rounds=[0, 0] Touch=[0, 0]
D	graph	    Mention #r [graph]
D	graph	      · value {Bob·ε{}}
D	graph	      ⇒ Work=[2, 2] Alloc=[0, 0] Rounds=[0, 0] Touch=[0, 0]
D	graph	  TailsUnion [graph]
D	graph	    · fan-out [1, 1]
D	graph	    ⇒ Work=[4, 4] Alloc=[0, 0] Rounds=[0, 0] Touch=[1, 1]
D	graph	    Mention #l [graph]
D	graph	      · value {Bob·{Pam·ε{},Tom·ε{}}}[fresh]
D	graph	      ⇒ Work=[2, 2] Alloc=[0, 0] Rounds=[0, 0] Touch=[0, 0]
D	graph	  Restriction [graph]
D	graph	    · exact operands: the algebra's own recursion, sharing ∈ [maximal, proven]; Patricia by the 2k-1 envelope
D	graph	    · must-alias false
D	graph	    ⇒ Work=[6, 6] Alloc=[1, 1] Rounds=[0, 0] Touch=[4, 13]
D	graph	    Mention #l [graph]
D	graph	      · value {Bob·{Ann·ε{},Pat·ε{}},Pam·{Bob·ε{}},Pat·{Jim·ε{}},Tom·{Bob·ε{},Liz·ε{}}}
D	graph	      ⇒ Work=[2, 2] Alloc=[0, 0] Rounds=[0, 0] Touch=[0, 0]
D	graph	    Mention #r [graph]
D	graph	      · value {Pam·ε{},Tom·ε{}}
D	graph	      ⇒ Work=[2, 2] Alloc=[0, 0] Rounds=[0, 0] Touch=[0, 0]
D	graph	  TailsUnion [graph]
D	graph	    · fan-out [2, 2]
D	graph	    ⇒ Work=[5, 5] Alloc=[8, 9] Rounds=[0, 0] Touch=[4, 9]
D	graph	    Mention #l [graph]
D	graph	      · value {Pam·{Bob·ε{}},Tom·{Bob·ε{},Liz·ε{}}}[fresh]
D	graph	      ⇒ Work=[2, 2] Alloc=[0, 0] Rounds=[0, 0] Touch=[0, 0]
D	graph	  Subtraction [graph]
D	graph	    · exact operands: the algebra's own recursion, sharing ∈ [maximal, proven]; Patricia by the 2k-1 envelope
D	graph	    · must-alias false
D	graph	    ⇒ Work=[6, 6] Alloc=[1, 1] Rounds=[0, 0] Touch=[2, 7]
D	graph	    Mention #l [graph]
D	graph	      · value {Bob·ε{},Liz·ε{}}
D	graph	      ⇒ Work=[2, 2] Alloc=[0, 0] Rounds=[0, 0] Touch=[0, 0]
D	graph	    Mention #r [graph]
D	graph	      · value {Bob·ε{}}
D	graph	      ⇒ Work=[2, 2] Alloc=[0, 0] Rounds=[0, 0] Touch=[0, 0]
D	graph	  Intersection [graph]
D	graph	    · exact operands: the algebra's own recursion, sharing ∈ [maximal, proven]; Patricia by the 2k-1 envelope
D	graph	    · must-alias false
D	graph	    ⇒ Work=[6, 6] Alloc=[0, 0] Rounds=[0, 0] Touch=[2, 11]
D	graph	    Mention #l [graph]
D	graph	      · value {Liz·ε{}}[fresh]
D	graph	      ⇒ Work=[2, 2] Alloc=[0, 0] Rounds=[0, 0] Touch=[0, 0]
D	graph	    Mention #r [graph]
D	graph	      · value {Ann·ε{},Liz·ε{},Pam·ε{},Pat·ε{}}
D	graph	      ⇒ Work=[2, 2] Alloc=[0, 0] Rounds=[0, 0] Touch=[0, 0]
D	graph	  Union [graph]
D	graph	    · exact operands: the algebra's own recursion, sharing ∈ [maximal, proven]; Patricia by the 2k-1 envelope
D	graph	    · must-alias false
D	graph	    ⇒ Work=[6, 6] Alloc=[1, 1] Rounds=[0, 0] Touch=[2, 5]
D	graph	    Mention #l [graph]
D	graph	      · value {Ann·{Liz·ε{}},Jim·{Ann·ε{}}}[fresh]
D	graph	      ⇒ Work=[2, 2] Alloc=[0, 0] Rounds=[0, 0] Touch=[0, 0]
D	graph	    Mention #r [graph]
D	graph	      · value {Pat·{Liz·ε{}}}[fresh]
D	graph	      ⇒ Work=[2, 2] Alloc=[0, 0] Rounds=[0, 0] Touch=[0, 0]
D	graph	  Unwrap [graph]
D	graph	    · prefix len [2, 2]
D	graph	    · result size [0, 0]
D	graph	    ⇒ Work=[5, 5] Alloc=[0, 0] Rounds=[0, 0] Touch=[2, 2]
D	graph	    Mention #l [graph]
D	graph	      · value {child·{Ann·{Bob·ε{}},Bob·{Pam·ε{},Tom·ε{}},Jim·{Pat·ε{}},Liz·{Tom·ε{}},Pat·{Bob
D	graph	      ⇒ Work=[2, 2] Alloc=[0, 0] Rounds=[0, 0] Touch=[0, 0]
D	graph	  Restriction [graph]
D	graph	    · exact operands: the algebra's own recursion, sharing ∈ [maximal, proven]; Patricia by the 2k-1 envelope
D	graph	    · must-alias false
D	graph	    ⇒ Work=[6, 6] Alloc=[0, 0] Rounds=[0, 0] Touch=[1, 1]
D	graph	    Mention #l [graph]
D	graph	      · value {Ann·{Bob·ε{}},Bob·{Pam·ε{},Tom·ε{}},Jim·{Pat·ε{}},Liz·{Tom·ε{}},Pat·{Bob·ε{}}}
D	graph	      ⇒ Work=[2, 2] Alloc=[0, 0] Rounds=[0, 0] Touch=[0, 0]
D	graph	    Mention #r [graph]
D	graph	      · value ∅
D	graph	      ⇒ Work=[2, 2] Alloc=[0, 0] Rounds=[0, 0] Touch=[0, 0]
D	graph	  TailsUnion [graph]
D	graph	    · fan-out [0, 0]
D	graph	    ⇒ Work=[4, 4] Alloc=[0, 0] Rounds=[0, 0] Touch=[1, 1]
D	graph	    Mention #l [graph]
D	graph	      · value ∅[fresh]
D	graph	      ⇒ Work=[2, 2] Alloc=[0, 0] Rounds=[0, 0] Touch=[0, 0]
D	graph	  Restriction [graph]
D	graph	    · exact operands: the algebra's own recursion, sharing ∈ [maximal, proven]; Patricia by the 2k-1 envelope
D	graph	    · must-alias false
D	graph	    ⇒ Work=[6, 6] Alloc=[0, 0] Rounds=[0, 0] Touch=[1, 1]
D	graph	    Mention #l [graph]
D	graph	      · value {Bob·{Ann·ε{},Pat·ε{}},Pam·{Bob·ε{}},Pat·{Jim·ε{}},Tom·{Bob·ε{},Liz·ε{}}}
D	graph	      ⇒ Work=[2, 2] Alloc=[0, 0] Rounds=[0, 0] Touch=[0, 0]
D	graph	    Mention #r [graph]
D	graph	      · value ∅
D	graph	      ⇒ Work=[2, 2] Alloc=[0, 0] Rounds=[0, 0] Touch=[0, 0]
D	graph	  TailsUnion [graph]
D	graph	    · fan-out [0, 0]
D	graph	    ⇒ Work=[4, 4] Alloc=[0, 0] Rounds=[0, 0] Touch=[1, 1]
D	graph	    Mention #l [graph]
D	graph	      · value ∅[fresh]
D	graph	      ⇒ Work=[2, 2] Alloc=[0, 0] Rounds=[0, 0] Touch=[0, 0]
D	graph	  Union [graph]
D	graph	    · exact operands: the algebra's own recursion, sharing ∈ [maximal, proven]; Patricia by the 2k-1 envelope
D	graph	    · must-alias false
D	graph	    ⇒ Work=[6, 6] Alloc=[0, 0] Rounds=[0, 0] Touch=[1, 1]
D	graph	    Mention #l [graph]
D	graph	      · value {Ann·{Liz·ε{}},Jim·{Ann·ε{}},Pat·{Liz·ε{}}}[fresh]
D	graph	      ⇒ Work=[2, 2] Alloc=[0, 0] Rounds=[0, 0] Touch=[0, 0]
D	graph	    Mention #r [graph]
D	graph	      · value ∅[fresh]
D	graph	      ⇒ Work=[2, 2] Alloc=[0, 0] Rounds=[0, 0] Touch=[0, 0]
B	zipper	[213, 345]	[48, 153]	[7, 7]	[159, 349]	229	58	7	176	CERTIFIED	A6-BACKENDS,A6-EVENTS,A6-EXACT-INTER,A6-EXACT-INTER-SAME,A6-EXACT-RESTRICT,A6-EXACT-SUB,A6-EXACT-SUB-SAME,A6-EXACT-TAILS-UNION,A6-EXACT-UNWRAP,A6-EXACT-WRAP,A6-IVL,A6-IVL-IMPL,A6-MUSTMAY,A6-ORDER,A6-PATRICIA	0,0
D	zipper	execZ [zipper]
D	zipper	  · exact shell: the cursor algebra read for read, sharing ∈ [maximal, proven]
D	zipper	  ⇒ Work=[213, 345] Alloc=[48, 153] Rounds=[7, 7] Touch=[159, 349]
D	zipper	  Iteration [trie]
D	zipper	    · 7 heads, exact; joinAll over the per-head results
D	zipper	    ⇒ Work=[202, 334] Alloc=[46, 151] Rounds=[7, 7] Touch=[159, 349]
D	zipper	    Mention people [trie]
D	zipper	      · value {Ann·ε{},Bob·ε{},Jim·ε{},Liz·ε{},Pam·ε{},Pat·ε{},Tom·ε{}}[=people]
D	zipper	      ⇒ Work=[1, 1] Alloc=[0, 0] Rounds=[0, 0] Touch=[0, 0]
D	zipper	    Wrap [trie]
D	zipper	      · prefix len [1, 1]
D	zipper	      ⇒ Work=[28, 28] Alloc=[12, 13] Rounds=[0, 0] Touch=[29, 66]
D	zipper	      Intersection [trie]
D	zipper	        · exact operands: the algebra's own recursion, sharing ∈ [maximal, proven]; Patricia by the 2k-1 envelope
D	zipper	        · must-alias false
D	zipper	        ⇒ Work=[26, 26] Alloc=[11, 12] Rounds=[0, 0] Touch=[28, 65]
D	zipper	        Subtraction [trie]
D	zipper	          · exact operands: the algebra's own recursion, sharing ∈ [maximal, proven]; Patricia by the 2k-1 envelope
D	zipper	          · must-alias false
D	zipper	          ⇒ Work=[22, 22] Alloc=[11, 12] Rounds=[0, 0] Touch=[24, 52]
D	zipper	          TailsUnion [trie]
D	zipper	            · fan-out [2, 2]
D	zipper	            ⇒ Work=[16, 16] Alloc=[10, 11] Rounds=[0, 0] Touch=[19, 42]
D	zipper	            Restriction [trie]
D	zipper	              · exact operands: the algebra's own recursion, sharing ∈ [maximal, proven]; Patricia by the 2k-1 envelope
D	zipper	              · must-alias false
D	zipper	              ⇒ Work=[14, 14] Alloc=[2, 2] Rounds=[0, 0] Touch=[15, 33]
D	zipper	              Unwrap [trie]
D	zipper	                · prefix len [1, 1]
D	zipper	                · result size [6, 6]
D	zipper	                ⇒ Work=[3, 3] Alloc=[0, 0] Rounds=[0, 0] Touch=[2, 2]
D	zipper	                Mention family [trie]
D	zipper	                  · value {child·{Ann·{Bob·ε{}},Bob·{Pam·ε{},Tom·ε{}},Jim·{Pat·ε{}},Liz·{Tom·ε{}},Pat·{Bob
D	zipper	                  ⇒ Work=[1, 1] Alloc=[0, 0] Rounds=[0, 0] Touch=[0, 0]
D	zipper	              TailsUnion [trie]
D	zipper	                · fan-out [1, 1]
D	zipper	                ⇒ Work=[10, 10] Alloc=[1, 1] Rounds=[0, 0] Touch=[9, 18]
D	zipper	                Restriction [trie]
D	zipper	                  · exact operands: the algebra's own recursion, sharing ∈ [maximal, proven]; Patricia by the 2k-1 envelope
D	zipper	                  · must-alias false
D	zipper	                  ⇒ Work=[9, 9] Alloc=[1, 1] Rounds=[0, 0] Touch=[8, 17]
D	zipper	                  Unwrap [trie]
D	zipper	                    · prefix len [1, 1]
D	zipper	                    · result size [6, 6]
D	zipper	                    ⇒ Work=[3, 3] Alloc=[0, 0] Rounds=[0, 0] Touch=[2, 2]
D	zipper	                    Mention family [trie]
D	zipper	                      · value {child·{Ann·{Bob·ε{}},Bob·{Pam·ε{},Tom·ε{}},Jim·{Pat·ε{}},Liz·{Tom·ε{}},Pat·{Bob
D	zipper	                      ⇒ Work=[1, 1] Alloc=[0, 0] Rounds=[0, 0] Touch=[0, 0]
D	zipper	                  Unwrap [trie]
D	zipper	                    · prefix len [2, 2]
D	zipper	                    · result size [1, 1]
D	zipper	                    ⇒ Work=[5, 5] Alloc=[0, 0] Rounds=[0, 0] Touch=[3, 3]
D	zipper	                    Mention family [trie]
D	zipper	                      · value {child·{Ann·{Bob·ε{}},Bob·{Pam·ε{},Tom·ε{}},Jim·{Pat·ε{}},Liz·{Tom·ε{}},Pat·{Bob
D	zipper	                      ⇒ Work=[1, 1] Alloc=[0, 0] Rounds=[0, 0] Touch=[0, 0]
D	zipper	          Unwrap [trie]
D	zipper	            · prefix len [2, 2]
D	zipper	            · result size [1, 1]
D	zipper	            ⇒ Work=[5, 5] Alloc=[0, 0] Rounds=[0, 0] Touch=[3, 3]
D	zipper	            Mention family [trie]
D	zipper	              · value {child·{Ann·{Bob·ε{}},Bob·{Pam·ε{},Tom·ε{}},Jim·{Pat·ε{}},Liz·{Tom·ε{}},Pat·{Bob
D	zipper	              ⇒ Work=[1, 1] Alloc=[0, 0] Rounds=[0, 0] Touch=[0, 0]
D	zipper	        Unwrap [trie]
D	zipper	          · prefix len [1, 1]
D	zipper	          · result size [4, 4]
D	zipper	          ⇒ Work=[3, 3] Alloc=[0, 0] Rounds=[0, 0] Touch=[2, 2]
D	zipper	          Mention family [trie]
D	zipper	            · value {child·{Ann·{Bob·ε{}},Bob·{Pam·ε{},Tom·ε{}},Jim·{Pat·ε{}},Liz·{Tom·ε{}},Pat·{Bob
D	zipper	            ⇒ Work=[1, 1] Alloc=[0, 0] Rounds=[0, 0] Touch=[0, 0]
D	zipper	    Wrap [trie]
D	zipper	      · prefix len [1, 1]
D	zipper	      ⇒ Work=[27, 27] Alloc=[0, 0] Rounds=[0, 0] Touch=[20, 31]
D	zipper	      Intersection [trie]
D	zipper	        · exact operands: the algebra's own recursion, sharing ∈ [maximal, proven]; Patricia by the 2k-1 envelope
D	zipper	        · must-alias false
D	zipper	        ⇒ Work=[25, 25] Alloc=[0, 0] Rounds=[0, 0] Touch=[19, 30]
D	zipper	        Subtraction [trie]
D	zipper	          · exact operands: the algebra's own recursion, sharing ∈ [maximal, proven]; Patricia by the 2k-1 envelope
D	zipper	          · must-alias false
D	zipper	          ⇒ Work=[21, 21] Alloc=[0, 0] Rounds=[0, 0] Touch=[16, 27]
D	zipper	          TailsUnion [trie]
D	zipper	            · fan-out [0, 0]
D	zipper	            ⇒ Work=[15, 15] Alloc=[0, 0] Rounds=[0, 0] Touch=[12, 23]
D	zipper	            Restriction [trie]
D	zipper	              · exact operands: the algebra's own recursion, sharing ∈ [maximal, proven]; Patricia by the 2k-1 envelope
D	zipper	              · must-alias false
D	zipper	              ⇒ Work=[14, 14] Alloc=[0, 0] Rounds=[0, 0] Touch=[11, 22]
D	zipper	              Unwrap [trie]
D	zipper	                · prefix len [1, 1]
D	zipper	                · result size [6, 6]
D	zipper	                ⇒ Work=[3, 3] Alloc=[0, 0] Rounds=[0, 0] Touch=[2, 2]
D	zipper	                Mention family [trie]
D	zipper	                  · value {child·{Ann·{Bob·ε{}},Bob·{Pam·ε{},Tom·ε{}},Jim·{Pat·ε{}},Liz·{Tom·ε{}},Pat·{Bob
D	zipper	                  ⇒ Work=[1, 1] Alloc=[0, 0] Rounds=[0, 0] Touch=[0, 0]
D	zipper	              TailsUnion [trie]
D	zipper	                · fan-out [0, 0]
D	zipper	                ⇒ Work=[10, 10] Alloc=[0, 0] Rounds=[0, 0] Touch=[8, 19]
D	zipper	                Restriction [trie]
D	zipper	                  · exact operands: the algebra's own recursion, sharing ∈ [maximal, proven]; Patricia by the 2k-1 envelope
D	zipper	                  · must-alias false
D	zipper	                  ⇒ Work=[9, 9] Alloc=[0, 0] Rounds=[0, 0] Touch=[7, 18]
D	zipper	                  Unwrap [trie]
D	zipper	                    · prefix len [1, 1]
D	zipper	                    · result size [6, 6]
D	zipper	                    ⇒ Work=[3, 3] Alloc=[0, 0] Rounds=[0, 0] Touch=[2, 2]
D	zipper	                    Mention family [trie]
D	zipper	                      · value {child·{Ann·{Bob·ε{}},Bob·{Pam·ε{},Tom·ε{}},Jim·{Pat·ε{}},Liz·{Tom·ε{}},Pat·{Bob
D	zipper	                      ⇒ Work=[1, 1] Alloc=[0, 0] Rounds=[0, 0] Touch=[0, 0]
D	zipper	                  Unwrap [trie]
D	zipper	                    · prefix len [2, 2]
D	zipper	                    · result size [2, 2]
D	zipper	                    ⇒ Work=[5, 5] Alloc=[0, 0] Rounds=[0, 0] Touch=[3, 3]
D	zipper	                    Mention family [trie]
D	zipper	                      · value {child·{Ann·{Bob·ε{}},Bob·{Pam·ε{},Tom·ε{}},Jim·{Pat·ε{}},Liz·{Tom·ε{}},Pat·{Bob
D	zipper	                      ⇒ Work=[1, 1] Alloc=[0, 0] Rounds=[0, 0] Touch=[0, 0]
D	zipper	          Unwrap [trie]
D	zipper	            · prefix len [2, 2]
D	zipper	            · result size [2, 2]
D	zipper	            ⇒ Work=[5, 5] Alloc=[0, 0] Rounds=[0, 0] Touch=[3, 3]
D	zipper	            Mention family [trie]
D	zipper	              · value {child·{Ann·{Bob·ε{}},Bob·{Pam·ε{},Tom·ε{}},Jim·{Pat·ε{}},Liz·{Tom·ε{}},Pat·{Bob
D	zipper	              ⇒ Work=[1, 1] Alloc=[0, 0] Rounds=[0, 0] Touch=[0, 0]
D	zipper	        Unwrap [trie]
D	zipper	          · prefix len [1, 1]
D	zipper	          · result size [4, 4]
D	zipper	          ⇒ Work=[3, 3] Alloc=[0, 0] Rounds=[0, 0] Touch=[2, 2]
D	zipper	          Mention family [trie]
D	zipper	            · value {child·{Ann·{Bob·ε{}},Bob·{Pam·ε{},Tom·ε{}},Jim·{Pat·ε{}},Liz·{Tom·ε{}},Pat·{Bob
D	zipper	            ⇒ Work=[1, 1] Alloc=[0, 0] Rounds=[0, 0] Touch=[0, 0]
D	zipper	    Wrap [trie]
D	zipper	      · prefix len [1, 1]
D	zipper	      ⇒ Work=[27, 27] Alloc=[4, 4] Rounds=[0, 0] Touch=[25, 55]
D	zipper	      Intersection [trie]
D	zipper	        · exact operands: the algebra's own recursion, sharing ∈ [maximal, proven]; Patricia by the 2k-1 envelope
D	zipper	        · must-alias false
D	zipper	        ⇒ Work=[25, 25] Alloc=[3, 3] Rounds=[0, 0] Touch=[24, 54]
D	zipper	        Subtraction [trie]
D	zipper	          · exact operands: the algebra's own recursion, sharing ∈ [maximal, proven]; Patricia by the 2k-1 envelope
D	zipper	          · must-alias false
D	zipper	          ⇒ Work=[21, 21] Alloc=[3, 3] Rounds=[0, 0] Touch=[20, 41]
D	zipper	          TailsUnion [trie]
D	zipper	            · fan-out [1, 1]
D	zipper	            ⇒ Work=[15, 15] Alloc=[2, 2] Rounds=[0, 0] Touch=[15, 31]
D	zipper	            Restriction [trie]
D	zipper	              · exact operands: the algebra's own recursion, sharing ∈ [maximal, proven]; Patricia by the 2k-1 envelope
D	zipper	              · must-alias false
D	zipper	              ⇒ Work=[14, 14] Alloc=[2, 2] Rounds=[0, 0] Touch=[14, 30]
D	zipper	              Unwrap [trie]
D	zipper	                · prefix len [1, 1]
D	zipper	                · result size [6, 6]
D	zipper	                ⇒ Work=[3, 3] Alloc=[0, 0] Rounds=[0, 0] Touch=[2, 2]
D	zipper	                Mention family [trie]
D	zipper	                  · value {child·{Ann·{Bob·ε{}},Bob·{Pam·ε{},Tom·ε{}},Jim·{Pat·ε{}},Liz·{Tom·ε{}},Pat·{Bob
D	zipper	                  ⇒ Work=[1, 1] Alloc=[0, 0] Rounds=[0, 0] Touch=[0, 0]
D	zipper	              TailsUnion [trie]
D	zipper	                · fan-out [1, 1]
D	zipper	                ⇒ Work=[10, 10] Alloc=[1, 1] Rounds=[0, 0] Touch=[9, 18]
D	zipper	                Restriction [trie]
D	zipper	                  · exact operands: the algebra's own recursion, sharing ∈ [maximal, proven]; Patricia by the 2k-1 envelope
D	zipper	                  · must-alias false
D	zipper	                  ⇒ Work=[9, 9] Alloc=[1, 1] Rounds=[0, 0] Touch=[8, 17]
D	zipper	                  Unwrap [trie]
D	zipper	                    · prefix len [1, 1]
D	zipper	                    · result size [6, 6]
D	zipper	                    ⇒ Work=[3, 3] Alloc=[0, 0] Rounds=[0, 0] Touch=[2, 2]
D	zipper	                    Mention family [trie]
D	zipper	                      · value {child·{Ann·{Bob·ε{}},Bob·{Pam·ε{},Tom·ε{}},Jim·{Pat·ε{}},Liz·{Tom·ε{}},Pat·{Bob
D	zipper	                      ⇒ Work=[1, 1] Alloc=[0, 0] Rounds=[0, 0] Touch=[0, 0]
D	zipper	                  Unwrap [trie]
D	zipper	                    · prefix len [2, 2]
D	zipper	                    · result size [1, 1]
D	zipper	                    ⇒ Work=[5, 5] Alloc=[0, 0] Rounds=[0, 0] Touch=[3, 3]
D	zipper	                    Mention family [trie]
D	zipper	                      · value {child·{Ann·{Bob·ε{}},Bob·{Pam·ε{},Tom·ε{}},Jim·{Pat·ε{}},Liz·{Tom·ε{}},Pat·{Bob
D	zipper	                      ⇒ Work=[1, 1] Alloc=[0, 0] Rounds=[0, 0] Touch=[0, 0]
D	zipper	          Unwrap [trie]
D	zipper	            · prefix len [2, 2]
D	zipper	            · result size [1, 1]
D	zipper	            ⇒ Work=[5, 5] Alloc=[0, 0] Rounds=[0, 0] Touch=[3, 3]
D	zipper	            Mention family [trie]
D	zipper	              · value {child·{Ann·{Bob·ε{}},Bob·{Pam·ε{},Tom·ε{}},Jim·{Pat·ε{}},Liz·{Tom·ε{}},Pat·{Bob
D	zipper	              ⇒ Work=[1, 1] Alloc=[0, 0] Rounds=[0, 0] Touch=[0, 0]
D	zipper	        Unwrap [trie]
D	zipper	          · prefix len [1, 1]
D	zipper	          · result size [4, 4]
D	zipper	          ⇒ Work=[3, 3] Alloc=[0, 0] Rounds=[0, 0] Touch=[2, 2]
D	zipper	          Mention family [trie]
D	zipper	            · value {child·{Ann·{Bob·ε{}},Bob·{Pam·ε{},Tom·ε{}},Jim·{Pat·ε{}},Liz·{Tom·ε{}},Pat·{Bob
D	zipper	            ⇒ Work=[1, 1] Alloc=[0, 0] Rounds=[0, 0] Touch=[0, 0]
D	zipper	    Wrap [trie]
D	zipper	      · prefix len [1, 1]
D	zipper	      ⇒ Work=[27, 27] Alloc=[0, 0] Rounds=[0, 0] Touch=[20, 29]
D	zipper	      Intersection [trie]
D	zipper	        · exact operands: the algebra's own recursion, sharing ∈ [maximal, proven]; Patricia by the 2k-1 envelope
D	zipper	        · must-alias false
D	zipper	        ⇒ Work=[25, 25] Alloc=[0, 0] Rounds=[0, 0] Touch=[19, 28]
D	zipper	        Subtraction [trie]
D	zipper	          · exact operands: the algebra's own recursion, sharing ∈ [maximal, proven]; Patricia by the 2k-1 envelope
D	zipper	          · must-alias false
D	zipper	          ⇒ Work=[21, 21] Alloc=[0, 0] Rounds=[0, 0] Touch=[16, 25]
D	zipper	          TailsUnion [trie]
D	zipper	            · fan-out [0, 0]
D	zipper	            ⇒ Work=[15, 15] Alloc=[0, 0] Rounds=[0, 0] Touch=[12, 21]
D	zipper	            Restriction [trie]
D	zipper	              · exact operands: the algebra's own recursion, sharing ∈ [maximal, proven]; Patricia by the 2k-1 envelope
D	zipper	              · must-alias false
D	zipper	              ⇒ Work=[14, 14] Alloc=[0, 0] Rounds=[0, 0] Touch=[11, 20]
D	zipper	              Unwrap [trie]
D	zipper	                · prefix len [1, 1]
D	zipper	                · result size [6, 6]
D	zipper	                ⇒ Work=[3, 3] Alloc=[0, 0] Rounds=[0, 0] Touch=[2, 2]
D	zipper	                Mention family [trie]
D	zipper	                  · value {child·{Ann·{Bob·ε{}},Bob·{Pam·ε{},Tom·ε{}},Jim·{Pat·ε{}},Liz·{Tom·ε{}},Pat·{Bob
D	zipper	                  ⇒ Work=[1, 1] Alloc=[0, 0] Rounds=[0, 0] Touch=[0, 0]
D	zipper	              TailsUnion [trie]
D	zipper	                · fan-out [0, 0]
D	zipper	                ⇒ Work=[10, 10] Alloc=[0, 0] Rounds=[0, 0] Touch=[8, 17]
D	zipper	                Restriction [trie]
D	zipper	                  · exact operands: the algebra's own recursion, sharing ∈ [maximal, proven]; Patricia by the 2k-1 envelope
D	zipper	                  · must-alias false
D	zipper	                  ⇒ Work=[9, 9] Alloc=[0, 0] Rounds=[0, 0] Touch=[7, 16]
D	zipper	                  Unwrap [trie]
D	zipper	                    · prefix len [1, 1]
D	zipper	                    · result size [6, 6]
D	zipper	                    ⇒ Work=[3, 3] Alloc=[0, 0] Rounds=[0, 0] Touch=[2, 2]
D	zipper	                    Mention family [trie]
D	zipper	                      · value {child·{Ann·{Bob·ε{}},Bob·{Pam·ε{},Tom·ε{}},Jim·{Pat·ε{}},Liz·{Tom·ε{}},Pat·{Bob
D	zipper	                      ⇒ Work=[1, 1] Alloc=[0, 0] Rounds=[0, 0] Touch=[0, 0]
D	zipper	                  Unwrap [trie]
D	zipper	                    · prefix len [2, 2]
D	zipper	                    · result size [1, 1]
D	zipper	                    ⇒ Work=[5, 5] Alloc=[0, 0] Rounds=[0, 0] Touch=[3, 3]
D	zipper	                    Mention family [trie]
D	zipper	                      · value {child·{Ann·{Bob·ε{}},Bob·{Pam·ε{},Tom·ε{}},Jim·{Pat·ε{}},Liz·{Tom·ε{}},Pat·{Bob
D	zipper	                      ⇒ Work=[1, 1] Alloc=[0, 0] Rounds=[0, 0] Touch=[0, 0]
D	zipper	          Unwrap [trie]
D	zipper	            · prefix len [2, 2]
D	zipper	            · result size [1, 1]
D	zipper	            ⇒ Work=[5, 5] Alloc=[0, 0] Rounds=[0, 0] Touch=[3, 3]
D	zipper	            Mention family [trie]
D	zipper	              · value {child·{Ann·{Bob·ε{}},Bob·{Pam·ε{},Tom·ε{}},Jim·{Pat·ε{}},Liz·{Tom·ε{}},Pat·{Bob
D	zipper	              ⇒ Work=[1, 1] Alloc=[0, 0] Rounds=[0, 0] Touch=[0, 0]
D	zipper	        Unwrap [trie]
D	zipper	          · prefix len [1, 1]
D	zipper	          · result size [4, 4]
D	zipper	          ⇒ Work=[3, 3] Alloc=[0, 0] Rounds=[0, 0] Touch=[2, 2]
D	zipper	          Mention family [trie]
D	zipper	            · value {child·{Ann·{Bob·ε{}},Bob·{Pam·ε{},Tom·ε{}},Jim·{Pat·ε{}},Liz·{Tom·ε{}},Pat·{Bob
D	zipper	            ⇒ Work=[1, 1] Alloc=[0, 0] Rounds=[0, 0] Touch=[0, 0]
D	zipper	    Wrap [trie]
D	zipper	      · prefix len [1, 1]
D	zipper	      ⇒ Work=[27, 27] Alloc=[0, 0] Rounds=[0, 0] Touch=[17, 17]
D	zipper	      Intersection [trie]
D	zipper	        · exact operands: the algebra's own recursion, sharing ∈ [maximal, proven]; Patricia by the 2k-1 envelope
D	zipper	        · must-alias false
D	zipper	        ⇒ Work=[25, 25] Alloc=[0, 0] Rounds=[0, 0] Touch=[16, 16]
D	zipper	        Subtraction [trie]
D	zipper	          · exact operands: the algebra's own recursion, sharing ∈ [maximal, proven]; Patricia by the 2k-1 envelope
D	zipper	          · must-alias false
D	zipper	          ⇒ Work=[21, 21] Alloc=[0, 0] Rounds=[0, 0] Touch=[13, 13]
D	zipper	          TailsUnion [trie]
D	zipper	            · fan-out [0, 0]
D	zipper	            ⇒ Work=[15, 15] Alloc=[0, 0] Rounds=[0, 0] Touch=[10, 10]
D	zipper	            Restriction [trie]
D	zipper	              · exact operands: the algebra's own recursion, sharing ∈ [maximal, proven]; Patricia by the 2k-1 envelope
D	zipper	              · must-alias false
D	zipper	              ⇒ Work=[14, 14] Alloc=[0, 0] Rounds=[0, 0] Touch=[9, 9]
D	zipper	              Unwrap [trie]
D	zipper	                · prefix len [1, 1]
D	zipper	                · result size [6, 6]
D	zipper	                ⇒ Work=[3, 3] Alloc=[0, 0] Rounds=[0, 0] Touch=[2, 2]
D	zipper	                Mention family [trie]
D	zipper	                  · value {child·{Ann·{Bob·ε{}},Bob·{Pam·ε{},Tom·ε{}},Jim·{Pat·ε{}},Liz·{Tom·ε{}},Pat·{Bob
D	zipper	                  ⇒ Work=[1, 1] Alloc=[0, 0] Rounds=[0, 0] Touch=[0, 0]
D	zipper	              TailsUnion [trie]
D	zipper	                · fan-out [0, 0]
D	zipper	                ⇒ Work=[10, 10] Alloc=[0, 0] Rounds=[0, 0] Touch=[6, 6]
D	zipper	                Restriction [trie]
D	zipper	                  · exact operands: the algebra's own recursion, sharing ∈ [maximal, proven]; Patricia by the 2k-1 envelope
D	zipper	                  · must-alias false
D	zipper	                  ⇒ Work=[9, 9] Alloc=[0, 0] Rounds=[0, 0] Touch=[5, 5]
D	zipper	                  Unwrap [trie]
D	zipper	                    · prefix len [1, 1]
D	zipper	                    · result size [6, 6]
D	zipper	                    ⇒ Work=[3, 3] Alloc=[0, 0] Rounds=[0, 0] Touch=[2, 2]
D	zipper	                    Mention family [trie]
D	zipper	                      · value {child·{Ann·{Bob·ε{}},Bob·{Pam·ε{},Tom·ε{}},Jim·{Pat·ε{}},Liz·{Tom·ε{}},Pat·{Bob
D	zipper	                      ⇒ Work=[1, 1] Alloc=[0, 0] Rounds=[0, 0] Touch=[0, 0]
D	zipper	                  Unwrap [trie]
D	zipper	                    · prefix len [2, 2]
D	zipper	                    · result size [0, 0]
D	zipper	                    ⇒ Work=[5, 5] Alloc=[0, 0] Rounds=[0, 0] Touch=[2, 2]
D	zipper	                    Mention family [trie]
D	zipper	                      · value {child·{Ann·{Bob·ε{}},Bob·{Pam·ε{},Tom·ε{}},Jim·{Pat·ε{}},Liz·{Tom·ε{}},Pat·{Bob
D	zipper	                      ⇒ Work=[1, 1] Alloc=[0, 0] Rounds=[0, 0] Touch=[0, 0]
D	zipper	          Unwrap [trie]
D	zipper	            · prefix len [2, 2]
D	zipper	            · result size [0, 0]
D	zipper	            ⇒ Work=[5, 5] Alloc=[0, 0] Rounds=[0, 0] Touch=[2, 2]
D	zipper	            Mention family [trie]
D	zipper	              · value {child·{Ann·{Bob·ε{}},Bob·{Pam·ε{},Tom·ε{}},Jim·{Pat·ε{}},Liz·{Tom·ε{}},Pat·{Bob
D	zipper	              ⇒ Work=[1, 1] Alloc=[0, 0] Rounds=[0, 0] Touch=[0, 0]
D	zipper	        Unwrap [trie]
D	zipper	          · prefix len [1, 1]
D	zipper	          · result size [4, 4]
D	zipper	          ⇒ Work=[3, 3] Alloc=[0, 0] Rounds=[0, 0] Touch=[2, 2]
D	zipper	          Mention family [trie]
D	zipper	            · value {child·{Ann·{Bob·ε{}},Bob·{Pam·ε{},Tom·ε{}},Jim·{Pat·ε{}},Liz·{Tom·ε{}},Pat·{Bob
D	zipper	            ⇒ Work=[1, 1] Alloc=[0, 0] Rounds=[0, 0] Touch=[0, 0]
D	zipper	    Wrap [trie]
D	zipper	      · prefix len [1, 1]
D	zipper	      ⇒ Work=[28, 28] Alloc=[12, 13] Rounds=[0, 0] Touch=[29, 66]
D	zipper	      Intersection [trie]
D	zipper	        · exact operands: the algebra's own recursion, sharing ∈ [maximal, proven]; Patricia by the 2k-1 envelope
D	zipper	        · must-alias false
D	zipper	        ⇒ Work=[26, 26] Alloc=[11, 12] Rounds=[0, 0] Touch=[28, 65]
D	zipper	        Subtraction [trie]
D	zipper	          · exact operands: the algebra's own recursion, sharing ∈ [maximal, proven]; Patricia by the 2k-1 envelope
D	zipper	          · must-alias false
D	zipper	          ⇒ Work=[22, 22] Alloc=[11, 12] Rounds=[0, 0] Touch=[24, 52]
D	zipper	          TailsUnion [trie]
D	zipper	            · fan-out [2, 2]
D	zipper	            ⇒ Work=[16, 16] Alloc=[10, 11] Rounds=[0, 0] Touch=[19, 42]
D	zipper	            Restriction [trie]
D	zipper	              · exact operands: the algebra's own recursion, sharing ∈ [maximal, proven]; Patricia by the 2k-1 envelope
D	zipper	              · must-alias false
D	zipper	              ⇒ Work=[14, 14] Alloc=[2, 2] Rounds=[0, 0] Touch=[15, 33]
D	zipper	              Unwrap [trie]
D	zipper	                · prefix len [1, 1]
D	zipper	                · result size [6, 6]
D	zipper	                ⇒ Work=[3, 3] Alloc=[0, 0] Rounds=[0, 0] Touch=[2, 2]
D	zipper	                Mention family [trie]
D	zipper	                  · value {child·{Ann·{Bob·ε{}},Bob·{Pam·ε{},Tom·ε{}},Jim·{Pat·ε{}},Liz·{Tom·ε{}},Pat·{Bob
D	zipper	                  ⇒ Work=[1, 1] Alloc=[0, 0] Rounds=[0, 0] Touch=[0, 0]
D	zipper	              TailsUnion [trie]
D	zipper	                · fan-out [1, 1]
D	zipper	                ⇒ Work=[10, 10] Alloc=[1, 1] Rounds=[0, 0] Touch=[9, 18]
D	zipper	                Restriction [trie]
D	zipper	                  · exact operands: the algebra's own recursion, sharing ∈ [maximal, proven]; Patricia by the 2k-1 envelope
D	zipper	                  · must-alias false
D	zipper	                  ⇒ Work=[9, 9] Alloc=[1, 1] Rounds=[0, 0] Touch=[8, 17]
D	zipper	                  Unwrap [trie]
D	zipper	                    · prefix len [1, 1]
D	zipper	                    · result size [6, 6]
D	zipper	                    ⇒ Work=[3, 3] Alloc=[0, 0] Rounds=[0, 0] Touch=[2, 2]
D	zipper	                    Mention family [trie]
D	zipper	                      · value {child·{Ann·{Bob·ε{}},Bob·{Pam·ε{},Tom·ε{}},Jim·{Pat·ε{}},Liz·{Tom·ε{}},Pat·{Bob
D	zipper	                      ⇒ Work=[1, 1] Alloc=[0, 0] Rounds=[0, 0] Touch=[0, 0]
D	zipper	                  Unwrap [trie]
D	zipper	                    · prefix len [2, 2]
D	zipper	                    · result size [1, 1]
D	zipper	                    ⇒ Work=[5, 5] Alloc=[0, 0] Rounds=[0, 0] Touch=[3, 3]
D	zipper	                    Mention family [trie]
D	zipper	                      · value {child·{Ann·{Bob·ε{}},Bob·{Pam·ε{},Tom·ε{}},Jim·{Pat·ε{}},Liz·{Tom·ε{}},Pat·{Bob
D	zipper	                      ⇒ Work=[1, 1] Alloc=[0, 0] Rounds=[0, 0] Touch=[0, 0]
D	zipper	          Unwrap [trie]
D	zipper	            · prefix len [2, 2]
D	zipper	            · result size [1, 1]
D	zipper	            ⇒ Work=[5, 5] Alloc=[0, 0] Rounds=[0, 0] Touch=[3, 3]
D	zipper	            Mention family [trie]
D	zipper	              · value {child·{Ann·{Bob·ε{}},Bob·{Pam·ε{},Tom·ε{}},Jim·{Pat·ε{}},Liz·{Tom·ε{}},Pat·{Bob
D	zipper	              ⇒ Work=[1, 1] Alloc=[0, 0] Rounds=[0, 0] Touch=[0, 0]
D	zipper	        Unwrap [trie]
D	zipper	          · prefix len [1, 1]
D	zipper	          · result size [4, 4]
D	zipper	          ⇒ Work=[3, 3] Alloc=[0, 0] Rounds=[0, 0] Touch=[2, 2]
D	zipper	          Mention family [trie]
D	zipper	            · value {child·{Ann·{Bob·ε{}},Bob·{Pam·ε{},Tom·ε{}},Jim·{Pat·ε{}},Liz·{Tom·ε{}},Pat·{Bob
D	zipper	            ⇒ Work=[1, 1] Alloc=[0, 0] Rounds=[0, 0] Touch=[0, 0]
D	zipper	    Wrap [trie]
D	zipper	      · prefix len [1, 1]
D	zipper	      ⇒ Work=[27, 27] Alloc=[0, 0] Rounds=[0, 0] Touch=[17, 17]
D	zipper	      Intersection [trie]
D	zipper	        · exact operands: the algebra's own recursion, sharing ∈ [maximal, proven]; Patricia by the 2k-1 envelope
D	zipper	        · must-alias false
D	zipper	        ⇒ Work=[25, 25] Alloc=[0, 0] Rounds=[0, 0] Touch=[16, 16]
D	zipper	        Subtraction [trie]
D	zipper	          · exact operands: the algebra's own recursion, sharing ∈ [maximal, proven]; Patricia by the 2k-1 envelope
D	zipper	          · must-alias false
D	zipper	          ⇒ Work=[21, 21] Alloc=[0, 0] Rounds=[0, 0] Touch=[13, 13]
D	zipper	          TailsUnion [trie]
D	zipper	            · fan-out [0, 0]
D	zipper	            ⇒ Work=[15, 15] Alloc=[0, 0] Rounds=[0, 0] Touch=[10, 10]
D	zipper	            Restriction [trie]
D	zipper	              · exact operands: the algebra's own recursion, sharing ∈ [maximal, proven]; Patricia by the 2k-1 envelope
D	zipper	              · must-alias false
D	zipper	              ⇒ Work=[14, 14] Alloc=[0, 0] Rounds=[0, 0] Touch=[9, 9]
D	zipper	              Unwrap [trie]
D	zipper	                · prefix len [1, 1]
D	zipper	                · result size [6, 6]
D	zipper	                ⇒ Work=[3, 3] Alloc=[0, 0] Rounds=[0, 0] Touch=[2, 2]
D	zipper	                Mention family [trie]
D	zipper	                  · value {child·{Ann·{Bob·ε{}},Bob·{Pam·ε{},Tom·ε{}},Jim·{Pat·ε{}},Liz·{Tom·ε{}},Pat·{Bob
D	zipper	                  ⇒ Work=[1, 1] Alloc=[0, 0] Rounds=[0, 0] Touch=[0, 0]
D	zipper	              TailsUnion [trie]
D	zipper	                · fan-out [0, 0]
D	zipper	                ⇒ Work=[10, 10] Alloc=[0, 0] Rounds=[0, 0] Touch=[6, 6]
D	zipper	                Restriction [trie]
D	zipper	                  · exact operands: the algebra's own recursion, sharing ∈ [maximal, proven]; Patricia by the 2k-1 envelope
D	zipper	                  · must-alias false
D	zipper	                  ⇒ Work=[9, 9] Alloc=[0, 0] Rounds=[0, 0] Touch=[5, 5]
D	zipper	                  Unwrap [trie]
D	zipper	                    · prefix len [1, 1]
D	zipper	                    · result size [6, 6]
D	zipper	                    ⇒ Work=[3, 3] Alloc=[0, 0] Rounds=[0, 0] Touch=[2, 2]
D	zipper	                    Mention family [trie]
D	zipper	                      · value {child·{Ann·{Bob·ε{}},Bob·{Pam·ε{},Tom·ε{}},Jim·{Pat·ε{}},Liz·{Tom·ε{}},Pat·{Bob
D	zipper	                      ⇒ Work=[1, 1] Alloc=[0, 0] Rounds=[0, 0] Touch=[0, 0]
D	zipper	                  Unwrap [trie]
D	zipper	                    · prefix len [2, 2]
D	zipper	                    · result size [0, 0]
D	zipper	                    ⇒ Work=[5, 5] Alloc=[0, 0] Rounds=[0, 0] Touch=[2, 2]
D	zipper	                    Mention family [trie]
D	zipper	                      · value {child·{Ann·{Bob·ε{}},Bob·{Pam·ε{},Tom·ε{}},Jim·{Pat·ε{}},Liz·{Tom·ε{}},Pat·{Bob
D	zipper	                      ⇒ Work=[1, 1] Alloc=[0, 0] Rounds=[0, 0] Touch=[0, 0]
D	zipper	          Unwrap [trie]
D	zipper	            · prefix len [2, 2]
D	zipper	            · result size [0, 0]
D	zipper	            ⇒ Work=[5, 5] Alloc=[0, 0] Rounds=[0, 0] Touch=[2, 2]
D	zipper	            Mention family [trie]
D	zipper	              · value {child·{Ann·{Bob·ε{}},Bob·{Pam·ε{},Tom·ε{}},Jim·{Pat·ε{}},Liz·{Tom·ε{}},Pat·{Bob
D	zipper	              ⇒ Work=[1, 1] Alloc=[0, 0] Rounds=[0, 0] Touch=[0, 0]
D	zipper	        Unwrap [trie]
D	zipper	          · prefix len [1, 1]
D	zipper	          · result size [4, 4]
D	zipper	          ⇒ Work=[3, 3] Alloc=[0, 0] Rounds=[0, 0] Touch=[2, 2]
D	zipper	          Mention family [trie]
D	zipper	            · value {child·{Ann·{Bob·ε{}},Bob·{Pam·ε{},Tom·ε{}},Jim·{Pat·ε{}},Liz·{Tom·ε{}},Pat·{Bob
D	zipper	            ⇒ Work=[1, 1] Alloc=[0, 0] Rounds=[0, 0] Touch=[0, 0]
