# PROOF TRACE (tasks.md C3) — a typed DAG; every node carries its endpoint terms by digest, every
# dependency is an earlier id, every leaf is a law instance, a definitional step or a backend obligation.
# Replay: morkl.ProofTrace.Checker (Scala, re-runs each step); scripts/check_traces.py (structural, independent).
# root	4
# id	kind	before	after	fields	deps
0	LawInstance	017e2b8fcb53	4d6b088c638f	law=constant-ops;changed=1.1.1.1.1.1.1.1.1.1.1.1.1.1.1.1.0.1.0.0:78b29df8dfe0:2e0be76a3476,1.1.1.1.1.1.1.1.1.1.1.1.1.1.1.1.1.0.0:78b29df8dfe0:2e0be76a3476;guards=	-
1	LawInstance	4d6b088c638f	ab559e59c4da	law=unwrap-concat-unwraps;changed=1.1.1.1.1.1.1.1.1.1.1.1.1.1.1.1.1.0:ee6e161f6487:eb440835897a;guards=	-
2	LawInstance	ab559e59c4da	94b707e3c347	law=comp-wrap-assoc;changed=1.1.1.1.1.1.1.1.1.1.1.1.1.1.1.1.0.1.1:6f1ddd263ec2:71149af2e5a8;guards=	-
3	LawInstance	94b707e3c347	b339cb7e596f	law=unwrap-concat-unwraps;changed=1.1.1.1.1.1.1.1.1.1.1.1.1.1.1.1.1.0.0:f19fb901570a:20e48d97cfa5;guards=	-
4	Compose	017e2b8fcb53	b339cb7e596f	steps=0,1,2,3	0,1,2,3
# terms
T	78b29df8dfe0	Iteration(Union(Union(Union(Union(Union(Union(Union(Union(Union(Union(Union(Union(Union(Union(Union(Union(Union(Union(Union(Union(Union(Union(Union(Union(Union(Union(Union(Union(Union(Union(Union(Union(Union(Union(Union(Union(Union(Union(Union(Union(Union(Union(Union(Union(Union(Union(Union(Composition(Singleton(Constant(["c0","c4"])),Literal(["c0.c4","c4.c0"])),Composition(Singleton(Constant(["c0","c1"])),Literal(["c0.c1","c1.c0"]))),Composition(Singleton(Constant(["c1","c5"])),Literal(["c1.c5","c5.c1"]))),Composition(Singleton(Constant(["c1","c0"])),Literal(["c0.c1","c1.c0"]))),Composition(Singleton(Constant(["c1","c2"])),Literal(["c1.c2","c2.c1"]))),Composition(Singleton(Constant(["c2","c6"])),Literal(["c2.c6","c6.c2"]))),Composition(Singleton(Constant(["c2","c1"])),Literal(["c1.c2","c2.c1"]))),Composition(Singleton(Constant(["c2","c3"])),Literal(["c2.c3","c3.c2"]))),Composition(Singleton(Constant(["c3","c7"])),Literal(["c3.c7","c7.c3"]))),Composition(Singleton(Constant(["c3","c2"])),Literal(["c2.c3","c3.c2"]))),Composition(Singleton(Constant(["c4","c0"])),Literal(["c0.c4","c4.c0"]))),Composition(Singleton(Constant(["c4","c8"])),Literal(["c4.c8","c8.c4"]))),Composition(Singleton(Constant(["c4","c5"])),Literal(["c4.c5","c5.c4"]))),Composition(Singleton(Constant(["c5","c1"])),Literal(["c1.c5","c5.c1"]))),Composition(Singleton(Constant(["c5","c9"])),Literal(["c5.c9","c9.c5"]))),Composition(Singleton(Constant(["c5","c4"])),Literal(["c4.c5","c5.c4"]))),Composition(Singleton(Constant(["c5","c6"])),Literal(["c5.c6","c6.c5"]))),Composition(Singleton(Constant(["c6","c2"])),Literal(["c2.c6","c6.c2"]))),Composition(Singleton(Constant(["c6","c10"])),Literal(["c10.c6","c6.c10"]))),Composition(Singleton(Constant(["c6","c5"])),Literal(["c5.c6","c6.c5"]))),Composition(Singleton(Constant(["c6","c7"])),Literal(["c6.c7","c7.c6"]))),Composition(Singleton(Constant(["c7","c3"])),Literal(["c3.c7","c7.c3"]))),Composition(Singleton(Constant(["c7","c11"])),Literal(["c11.c7","c7.c11"]))),Composition(Singleton(Constant(["c7","c6"])),Literal(["c6.c7","c7.c6"]))),Composition(Singleton(Constant(["c8","c4"])),Literal(["c4.c8","c8.c4"]))),Composition(Singleton(Constant(["c8","c12"])),Literal(["c12.c8","c8.c12"]))),Composition(Singleton(Constant(["c8","c9"])),Literal(["c8.c9","c9.c8"]))),Composition(Singleton(Constant(["c9","c5"])),Literal(["c5.c9","c9.c5"]))),Composition(Singleton(Constant(["c9","c13"])),Literal(["c13.c9","c9.c13"]))),Composition(Singleton(Constant(["c9","c8"])),Literal(["c8.c9","c9.c8"]))),Composition(Singleton(Constant(["c9","c10"])),Literal(["c10.c9","c9.c10"]))),Composition(Singleton(Constant(["c10","c6"])),Literal(["c10.c6","c6.c10"]))),Composition(Singleton(Constant(["c10","c14"])),Literal(["c10.c14","c14.c10"]))),Composition(Singleton(Constant(["c10","c9"])),Literal(["c10.c9","c9.c10"]))),Composition(Singleton(Constant(["c10","c11"])),Literal(["c10.c11","c11.c10"]))),Composition(Singleton(Constant(["c11","c7"])),Literal(["c11.c7","c7.c11"]))),Composition(Singleton(Constant(["c11","c15"])),Literal(["c11.c15","c15.c11"]))),Composition(Singleton(Constant(["c11","c10"])),Literal(["c10.c11","c11.c10"]))),Composition(Singleton(Constant(["c12","c8"])),Literal(["c12.c8","c8.c12"]))),Composition(Singleton(Constant(["c12","c13"])),Literal(["c12.c13","c13.c12"]))),Composition(Singleton(Constant(["c13","c9"])),Literal(["c13.c9","c9.c13"]))),Composition(Singleton(Constant(["c13","c12"])),Literal(["c12.c13","c13.c12"]))),Composition(Singleton(Constant(["c13","c14"])),Literal(["c13.c14","c14.c13"]))),Composition(Singleton(Constant(["c14","c10"])),Literal(["c10.c14","c14.c10"]))),Composition(Singleton(Constant(["c14","c13"])),Literal(["c13.c14","c14.c13"]))),Composition(Singleton(Constant(["c14","c15"])),Literal(["c14.c15","c15.c14"]))),Composition(Singleton(Constant(["c15","c11"])),Literal(["c11.c15","c15.c11"]))),Composition(Singleton(Constant(["c15","c14"])),Literal(["c14.c15","c15.c14"]))),"#p0","#s1",Iteration(Mention("#s1"),"#p2","#s3",Wrap(Union(Raffination(Literal(["c0.c0","c1.c1","c10.c10","c11.c11","c12.c12","c13.c13","c14.c14","c15.c15","c2.c2","c3.c3","c4.c4","c5.c5","c6.c6","c7.c7","c8.c8","c9.c9"]),Iteration(Mention("#s3"),"#p4","#s5",Singleton(Deref("#p4")))),Mention("#s3")),Concat(Deref("#p0"),Deref("#p2")))))
T	2e0be76a3476	Literal(["c0.c1.c0.c1","c0.c1.c1.c0","c0.c1.c10.c10","c0.c1.c11.c11","c0.c1.c12.c12","c0.c1.c13.c13","c0.c1.c14.c14","c0.c1.c15.c15","c0.c1.c2.c2","c0.c1.c3.c3","c0.c1.c4.c4","c0.c1.c5.c5","c0.c1.c6.c6","c0.c1.c7.c7","c0.c1.c8.c8","c0.c1.c9.c9","c0.c4.c0.c4","c0.c4.c1.c1","c0.c4.c10.c10","c0.c4.c11.c11","c0.c4.c12.c12","c0.c4.c13.c13","c0.c4.c14.c14","c0.c4.c15.c15","c0.c4.c2.c2","c0.c4.c3.c3","c0.c4.c4.c0","c0.c4.c5.c5","c0.c4.c6.c6","c0.c4.c7.c7","c0.c4.c8.c8","c0.c4.c9.c9","c1.c0.c0.c1","c1.c0.c1.c0","c1.c0.c10.c10","c1.c0.c11.c11","c1.c0.c12.c12","c1.c0.c13.c13","c1.c0.c14.c14","c1.c0.c15.c15","c1.c0.c2.c2","c1.c0.c3.c3","c1.c0.c4.c4","c1.c0.c5.c5","c1.c0.c6.c6","c1.c0.c7.c7","c1.c0.c8.c8","c1.c0.c9.c9","c1.c2.c0.c0","c1.c2.c1.c2","c1.c2.c10.c10","c1.c2.c11.c11","c1.c2.c12.c12","c1.c2.c13.c13","c1.c2.c14.c14","c1.c2.c15.c15","c1.c2.c2.c1","c1.c2.c3.c3","c1.c2.c4.c4","c1.c2.c5.c5","c1.c2.c6.c6","c1.c2.c7.c7","c1.c2.c8.c8","c1.c2.c9.c9","c1.c5.c0.c0","c1.c5.c1.c5","c1.c5.c10.c10","c1.c5.c11.c11","c1.c5.c12.c12","c1.c5.c13.c13","c1.c5.c14.c14","c1.c5.c15.c15","c1.c5.c2.c2","c1.c5.c3.c3","c1.c5.c4.c4","c1.c5.c5.c1","c1.c5.c6.c6","c1.c5.c7.c7","c1.c5.c8.c8","c1.c5.c9.c9","c10.c11.c0.c0","c10.c11.c1.c1","c10.c11.c10.c11","c10.c11.c11.c10","c10.c11.c12.c12","c10.c11.c13.c13","c10.c11.c14.c14","c10.c11.c15.c15","c10.c11.c2.c2","c10.c11.c3.c3","c10.c11.c4.c4","c10.c11.c5.c5","c10.c11.c6.c6","c10.c11.c7.c7","c10.c11.c8.c8","c10.c11.c9.c9","c10.c14.c0.c0","c10.c14.c1.c1","c10.c14.c10.c14","c10.c14.c11.c11","c10.c14.c12.c12","c10.c14.c13.c13","c10.c14.c14.c10","c10.c14.c15.c15","c10.c14.c2.c2","c10.c14.c3.c3","c10.c14.c4.c4","c10.c14.c5.c5","c10.c14.c6.c6","c10.c14.c7.c7","c10.c14.c8.c8","c10.c14.c9.c9","c10.c6.c0.c0","c10.c6.c1.c1","c10.c6.c10.c6","c10.c6.c11.c11","c10.c6.c12.c12","c10.c6.c13.c13","c10.c6.c14.c14","c10.c6.c15.c15","c10.c6.c2.c2","c10.c6.c3.c3","c10.c6.c4.c4","c10.c6.c5.c5","c10.c6.c6.c10","c10.c6.c7.c7","c10.c6.c8.c8","c10.c6.c9.c9","c10.c9.c0.c0","c10.c9.c1.c1","c10.c9.c10.c9","c10.c9.c11.c11","c10.c9.c12.c12","c10.c9.c13.c13","c10.c9.c14.c14","c10.c9.c15.c15","c10.c9.c2.c2","c10.c9.c3.c3","c10.c9.c4.c4","c10.c9.c5.c5","c10.c9.c6.c6","c10.c9.c7.c7","c10.c9.c8.c8","c10.c9.c9.c10","c11.c10.c0.c0","c11.c10.c1.c1","c11.c10.c10.c11","c11.c10.c11.c10","c11.c10.c12.c12","c11.c10.c13.c13","c11.c10.c14.c14","c11.c10.c15.c15","c11.c10.c2.c2","c11.c10.c3.c3","c11.c10.c4.c4","c11.c10.c5.c5","c11.c10.c6.c6","c11.c10.c7.c7","c11.c10.c8.c8","c11.c10.c9.c9","c11.c15.c0.c0","c11.c15.c1.c1","c11.c15.c10.c10","c11.c15.c11.c15","c11.c15.c12.c12","c11.c15.c13.c13","c11.c15.c14.c14","c11.c15.c15.c11","c11.c15.c2.c2","c11.c15.c3.c3","c11.c15.c4.c4","c11.c15.c5.c5","c11.c15.c6.c6","c11.c15.c7.c7","c11.c15.c8.c8","c11.c15.c9.c9","c11.c7.c0.c0","c11.c7.c1.c1","c11.c7.c10.c10","c11.c7.c11.c7","c11.c7.c12.c12","c11.c7.c13.c13","c11.c7.c14.c14","c11.c7.c15.c15","c11.c7.c2.c2","c11.c7.c3.c3","c11.c7.c4.c4","c11.c7.c5.c5","c11.c7.c6.c6","c11.c7.c7.c11","c11.c7.c8.c8","c11.c7.c9.c9","c12.c13.c0.c0","c12.c13.c1.c1","c12.c13.c10.c10","c12.c13.c11.c11","c12.c13.c12.c13","c12.c13.c13.c12","c12.c13.c14.c14","c12.c13.c15.c15","c12.c13.c2.c2","c12.c13.c3.c3","c12.c13.c4.c4","c12.c13.c5.c5","c12.c13.c6.c6","c12.c13.c7.c7","c12.c13.c8.c8","c12.c13.c9.c9","c12.c8.c0.c0","c12.c8.c1.c1","c12.c8.c10.c10","c12.c8.c11.c11","c12.c8.c12.c8","c12.c8.c13.c13","c12.c8.c14.c14","c12.c8.c15.c15","c12.c8.c2.c2","c12.c8.c3.c3","c12.c8.c4.c4","c12.c8.c5.c5","c12.c8.c6.c6","c12.c8.c7.c7","c12.c8.c8.c12","c12.c8.c9.c9","c13.c12.c0.c0","c13.c12.c1.c1","c13.c12.c10.c10","c13.c12.c11.c11","c13.c12.c12.c13","c13.c12.c13.c12","c13.c12.c14.c14","c13.c12.c15.c15","c13.c12.c2.c2","c13.c12.c3.c3","c13.c12.c4.c4","c13.c12.c5.c5","c13.c12.c6.c6","c13.c12.c7.c7","c13.c12.c8.c8","c13.c12.c9.c9","c13.c14.c0.c0","c13.c14.c1.c1","c13.c14.c10.c10","c13.c14.c11.c11","c13.c14.c12.c12","c13.c14.c13.c14","c13.c14.c14.c13","c13.c14.c15.c15","c13.c14.c2.c2","c13.c14.c3.c3","c13.c14.c4.c4","c13.c14.c5.c5","c13.c14.c6.c6","c13.c14.c7.c7","c13.c14.c8.c8","c13.c14.c9.c9","c13.c9.c0.c0","c13.c9.c1.c1","c13.c9.c10.c10","c13.c9.c11.c11","c13.c9.c12.c12","c13.c9.c13.c9","c13.c9.c14.c14","c13.c9.c15.c15","c13.c9.c2.c2","c13.c9.c3.c3","c13.c9.c4.c4","c13.c9.c5.c5","c13.c9.c6.c6","c13.c9.c7.c7","c13.c9.c8.c8","c13.c9.c9.c13","c14.c10.c0.c0","c14.c10.c1.c1","c14.c10.c10.c14","c14.c10.c11.c11","c14.c10.c12.c12","c14.c10.c13.c13","c14.c10.c14.c10","c14.c10.c15.c15","c14.c10.c2.c2","c14.c10.c3.c3","c14.c10.c4.c4","c14.c10.c5.c5","c14.c10.c6.c6","c14.c10.c7.c7","c14.c10.c8.c8","c14.c10.c9.c9","c14.c13.c0.c0","c14.c13.c1.c1","c14.c13.c10.c10","c14.c13.c11.c11","c14.c13.c12.c12","c14.c13.c13.c14","c14.c13.c14.c13","c14.c13.c15.c15","c14.c13.c2.c2","c14.c13.c3.c3","c14.c13.c4.c4","c14.c13.c5.c5","c14.c13.c6.c6","c14.c13.c7.c7","c14.c13.c8.c8","c14.c13.c9.c9","c14.c15.c0.c0","c14.c15.c1.c1","c14.c15.c10.c10","c14.c15.c11.c11","c14.c15.c12.c12","c14.c15.c13.c13","c14.c15.c14.c15","c14.c15.c15.c14","c14.c15.c2.c2","c14.c15.c3.c3","c14.c15.c4.c4","c14.c15.c5.c5","c14.c15.c6.c6","c14.c15.c7.c7","c14.c15.c8.c8","c14.c15.c9.c9","c15.c11.c0.c0","c15.c11.c1.c1","c15.c11.c10.c10","c15.c11.c11.c15","c15.c11.c12.c12","c15.c11.c13.c13","c15.c11.c14.c14","c15.c11.c15.c11","c15.c11.c2.c2","c15.c11.c3.c3","c15.c11.c4.c4","c15.c11.c5.c5","c15.c11.c6.c6","c15.c11.c7.c7","c15.c11.c8.c8","c15.c11.c9.c9","c15.c14.c0.c0","c15.c14.c1.c1","c15.c14.c10.c10","c15.c14.c11.c11","c15.c14.c12.c12","c15.c14.c13.c13","c15.c14.c14.c15","c15.c14.c15.c14","c15.c14.c2.c2","c15.c14.c3.c3","c15.c14.c4.c4","c15.c14.c5.c5","c15.c14.c6.c6","c15.c14.c7.c7","c15.c14.c8.c8","c15.c14.c9.c9","c2.c1.c0.c0","c2.c1.c1.c2","c2.c1.c10.c10","c2.c1.c11.c11","c2.c1.c12.c12","c2.c1.c13.c13","c2.c1.c14.c14","c2.c1.c15.c15","c2.c1.c2.c1","c2.c1.c3.c3","c2.c1.c4.c4","c2.c1.c5.c5","c2.c1.c6.c6","c2.c1.c7.c7","c2.c1.c8.c8","c2.c1.c9.c9","c2.c3.c0.c0","c2.c3.c1.c1","c2.c3.c10.c10","c2.c3.c11.c11","c2.c3.c12.c12","c2.c3.c13.c13","c2.c3.c14.c14","c2.c3.c15.c15","c2.c3.c2.c3","c2.c3.c3.c2","c2.c3.c4.c4","c2.c3.c5.c5","c2.c3.c6.c6","c2.c3.c7.c7","c2.c3.c8.c8","c2.c3.c9.c9","c2.c6.c0.c0","c2.c6.c1.c1","c2.c6.c10.c10","c2.c6.c11.c11","c2.c6.c12.c12","c2.c6.c13.c13","c2.c6.c14.c14","c2.c6.c15.c15","c2.c6.c2.c6","c2.c6.c3.c3","c2.c6.c4.c4","c2.c6.c5.c5","c2.c6.c6.c2","c2.c6.c7.c7","c2.c6.c8.c8","c2.c6.c9.c9","c3.c2.c0.c0","c3.c2.c1.c1","c3.c2.c10.c10","c3.c2.c11.c11","c3.c2.c12.c12","c3.c2.c13.c13","c3.c2.c14.c14","c3.c2.c15.c15","c3.c2.c2.c3","c3.c2.c3.c2","c3.c2.c4.c4","c3.c2.c5.c5","c3.c2.c6.c6","c3.c2.c7.c7","c3.c2.c8.c8","c3.c2.c9.c9","c3.c7.c0.c0","c3.c7.c1.c1","c3.c7.c10.c10","c3.c7.c11.c11","c3.c7.c12.c12","c3.c7.c13.c13","c3.c7.c14.c14","c3.c7.c15.c15","c3.c7.c2.c2","c3.c7.c3.c7","c3.c7.c4.c4","c3.c7.c5.c5","c3.c7.c6.c6","c3.c7.c7.c3","c3.c7.c8.c8","c3.c7.c9.c9","c4.c0.c0.c4","c4.c0.c1.c1","c4.c0.c10.c10","c4.c0.c11.c11","c4.c0.c12.c12","c4.c0.c13.c13","c4.c0.c14.c14","c4.c0.c15.c15","c4.c0.c2.c2","c4.c0.c3.c3","c4.c0.c4.c0","c4.c0.c5.c5","c4.c0.c6.c6","c4.c0.c7.c7","c4.c0.c8.c8","c4.c0.c9.c9","c4.c5.c0.c0","c4.c5.c1.c1","c4.c5.c10.c10","c4.c5.c11.c11","c4.c5.c12.c12","c4.c5.c13.c13","c4.c5.c14.c14","c4.c5.c15.c15","c4.c5.c2.c2","c4.c5.c3.c3","c4.c5.c4.c5","c4.c5.c5.c4","c4.c5.c6.c6","c4.c5.c7.c7","c4.c5.c8.c8","c4.c5.c9.c9","c4.c8.c0.c0","c4.c8.c1.c1","c4.c8.c10.c10","c4.c8.c11.c11","c4.c8.c12.c12","c4.c8.c13.c13","c4.c8.c14.c14","c4.c8.c15.c15","c4.c8.c2.c2","c4.c8.c3.c3","c4.c8.c4.c8","c4.c8.c5.c5","c4.c8.c6.c6","c4.c8.c7.c7","c4.c8.c8.c4","c4.c8.c9.c9","c5.c1.c0.c0","c5.c1.c1.c5","c5.c1.c10.c10","c5.c1.c11.c11","c5.c1.c12.c12","c5.c1.c13.c13","c5.c1.c14.c14","c5.c1.c15.c15","c5.c1.c2.c2","c5.c1.c3.c3","c5.c1.c4.c4","c5.c1.c5.c1","c5.c1.c6.c6","c5.c1.c7.c7","c5.c1.c8.c8","c5.c1.c9.c9","c5.c4.c0.c0","c5.c4.c1.c1","c5.c4.c10.c10","c5.c4.c11.c11","c5.c4.c12.c12","c5.c4.c13.c13","c5.c4.c14.c14","c5.c4.c15.c15","c5.c4.c2.c2","c5.c4.c3.c3","c5.c4.c4.c5","c5.c4.c5.c4","c5.c4.c6.c6","c5.c4.c7.c7","c5.c4.c8.c8","c5.c4.c9.c9","c5.c6.c0.c0","c5.c6.c1.c1","c5.c6.c10.c10","c5.c6.c11.c11","c5.c6.c12.c12","c5.c6.c13.c13","c5.c6.c14.c14","c5.c6.c15.c15","c5.c6.c2.c2","c5.c6.c3.c3","c5.c6.c4.c4","c5.c6.c5.c6","c5.c6.c6.c5","c5.c6.c7.c7","c5.c6.c8.c8","c5.c6.c9.c9","c5.c9.c0.c0","c5.c9.c1.c1","c5.c9.c10.c10","c5.c9.c11.c11","c5.c9.c12.c12","c5.c9.c13.c13","c5.c9.c14.c14","c5.c9.c15.c15","c5.c9.c2.c2","c5.c9.c3.c3","c5.c9.c4.c4","c5.c9.c5.c9","c5.c9.c6.c6","c5.c9.c7.c7","c5.c9.c8.c8","c5.c9.c9.c5","c6.c10.c0.c0","c6.c10.c1.c1","c6.c10.c10.c6","c6.c10.c11.c11","c6.c10.c12.c12","c6.c10.c13.c13","c6.c10.c14.c14","c6.c10.c15.c15","c6.c10.c2.c2","c6.c10.c3.c3","c6.c10.c4.c4","c6.c10.c5.c5","c6.c10.c6.c10","c6.c10.c7.c7","c6.c10.c8.c8","c6.c10.c9.c9","c6.c2.c0.c0","c6.c2.c1.c1","c6.c2.c10.c10","c6.c2.c11.c11","c6.c2.c12.c12","c6.c2.c13.c13","c6.c2.c14.c14","c6.c2.c15.c15","c6.c2.c2.c6","c6.c2.c3.c3","c6.c2.c4.c4","c6.c2.c5.c5","c6.c2.c6.c2","c6.c2.c7.c7","c6.c2.c8.c8","c6.c2.c9.c9","c6.c5.c0.c0","c6.c5.c1.c1","c6.c5.c10.c10","c6.c5.c11.c11","c6.c5.c12.c12","c6.c5.c13.c13","c6.c5.c14.c14","c6.c5.c15.c15","c6.c5.c2.c2","c6.c5.c3.c3","c6.c5.c4.c4","c6.c5.c5.c6","c6.c5.c6.c5","c6.c5.c7.c7","c6.c5.c8.c8","c6.c5.c9.c9","c6.c7.c0.c0","c6.c7.c1.c1","c6.c7.c10.c10","c6.c7.c11.c11","c6.c7.c12.c12","c6.c7.c13.c13","c6.c7.c14.c14","c6.c7.c15.c15","c6.c7.c2.c2","c6.c7.c3.c3","c6.c7.c4.c4","c6.c7.c5.c5","c6.c7.c6.c7","c6.c7.c7.c6","c6.c7.c8.c8","c6.c7.c9.c9","c7.c11.c0.c0","c7.c11.c1.c1","c7.c11.c10.c10","c7.c11.c11.c7","c7.c11.c12.c12","c7.c11.c13.c13","c7.c11.c14.c14","c7.c11.c15.c15","c7.c11.c2.c2","c7.c11.c3.c3","c7.c11.c4.c4","c7.c11.c5.c5","c7.c11.c6.c6","c7.c11.c7.c11","c7.c11.c8.c8","c7.c11.c9.c9","c7.c3.c0.c0","c7.c3.c1.c1","c7.c3.c10.c10","c7.c3.c11.c11","c7.c3.c12.c12","c7.c3.c13.c13","c7.c3.c14.c14","c7.c3.c15.c15","c7.c3.c2.c2","c7.c3.c3.c7","c7.c3.c4.c4","c7.c3.c5.c5","c7.c3.c6.c6","c7.c3.c7.c3","c7.c3.c8.c8","c7.c3.c9.c9","c7.c6.c0.c0","c7.c6.c1.c1","c7.c6.c10.c10","c7.c6.c11.c11","c7.c6.c12.c12","c7.c6.c13.c13","c7.c6.c14.c14","c7.c6.c15.c15","c7.c6.c2.c2","c7.c6.c3.c3","c7.c6.c4.c4","c7.c6.c5.c5","c7.c6.c6.c7","c7.c6.c7.c6","c7.c6.c8.c8","c7.c6.c9.c9","c8.c12.c0.c0","c8.c12.c1.c1","c8.c12.c10.c10","c8.c12.c11.c11","c8.c12.c12.c8","c8.c12.c13.c13","c8.c12.c14.c14","c8.c12.c15.c15","c8.c12.c2.c2","c8.c12.c3.c3","c8.c12.c4.c4","c8.c12.c5.c5","c8.c12.c6.c6","c8.c12.c7.c7","c8.c12.c8.c12","c8.c12.c9.c9","c8.c4.c0.c0","c8.c4.c1.c1","c8.c4.c10.c10","c8.c4.c11.c11","c8.c4.c12.c12","c8.c4.c13.c13","c8.c4.c14.c14","c8.c4.c15.c15","c8.c4.c2.c2","c8.c4.c3.c3","c8.c4.c4.c8","c8.c4.c5.c5","c8.c4.c6.c6","c8.c4.c7.c7","c8.c4.c8.c4","c8.c4.c9.c9","c8.c9.c0.c0","c8.c9.c1.c1","c8.c9.c10.c10","c8.c9.c11.c11","c8.c9.c12.c12","c8.c9.c13.c13","c8.c9.c14.c14","c8.c9.c15.c15","c8.c9.c2.c2","c8.c9.c3.c3","c8.c9.c4.c4","c8.c9.c5.c5","c8.c9.c6.c6","c8.c9.c7.c7","c8.c9.c8.c9","c8.c9.c9.c8","c9.c10.c0.c0","c9.c10.c1.c1","c9.c10.c10.c9","c9.c10.c11.c11","c9.c10.c12.c12","c9.c10.c13.c13","c9.c10.c14.c14","c9.c10.c15.c15","c9.c10.c2.c2","c9.c10.c3.c3","c9.c10.c4.c4","c9.c10.c5.c5","c9.c10.c6.c6","c9.c10.c7.c7","c9.c10.c8.c8","c9.c10.c9.c10","c9.c13.c0.c0","c9.c13.c1.c1","c9.c13.c10.c10","c9.c13.c11.c11","c9.c13.c12.c12","c9.c13.c13.c9","c9.c13.c14.c14","c9.c13.c15.c15","c9.c13.c2.c2","c9.c13.c3.c3","c9.c13.c4.c4","c9.c13.c5.c5","c9.c13.c6.c6","c9.c13.c7.c7","c9.c13.c8.c8","c9.c13.c9.c13","c9.c5.c0.c0","c9.c5.c1.c1","c9.c5.c10.c10","c9.c5.c11.c11","c9.c5.c12.c12","c9.c5.c13.c13","c9.c5.c14.c14","c9.c5.c15.c15","c9.c5.c2.c2","c9.c5.c3.c3","c9.c5.c4.c4","c9.c5.c5.c9","c9.c5.c6.c6","c9.c5.c7.c7","c9.c5.c8.c8","c9.c5.c9.c5","c9.c8.c0.c0","c9.c8.c1.c1","c9.c8.c10.c10","c9.c8.c11.c11","c9.c8.c12.c12","c9.c8.c13.c13","c9.c8.c14.c14","c9.c8.c15.c15","c9.c8.c2.c2","c9.c8.c3.c3","c9.c8.c4.c4","c9.c8.c5.c5","c9.c8.c6.c6","c9.c8.c7.c7","c9.c8.c8.c9","c9.c8.c9.c8"])
T	017e2b8fcb53	Iteration(Mention("frontier"),"#p0","#s1",Iteration(Mention("#s1"),"#p2","#s3",Iteration(Mention("#s3"),"#p4","#s5",Iteration(Mention("#s5"),"#p6","#s7",Iteration(Mention("#s7"),"#p8","#s9",Iteration(Mention("#s9"),"#p10","#s11",Iteration(Mention("#s11"),"#p12","#s13",Iteration(Mention("#s13"),"#p14","#s15",Iteration(Mention("#s15"),"#p16","#s17",Iteration(Mention("#s17"),"#p18","#s19",Iteration(Mention("#s19"),"#p20","#s21",Iteration(Mention("#s21"),"#p22","#s23",Iteration(Mention("#s23"),"#p24","#s25",Iteration(Mention("#s25"),"#p26","#s27",Iteration(Mention("#s27"),"#p28","#s29",Iteration(Mention("#s29"),"#p30","#s31",Iteration(Iteration(Call("superpose",Deref("#p0");,Singleton(Concat(Concat(Concat(Concat(Concat(Concat(Concat(Concat(Concat(Concat(Concat(Concat(Concat(Concat(Deref("#p2"),Deref("#p4")),Deref("#p6")),Deref("#p8")),Deref("#p10")),Deref("#p12")),Deref("#p14")),Deref("#p16")),Deref("#p18")),Deref("#p20")),Deref("#p22")),Deref("#p24")),Deref("#p26")),Deref("#p28")),Deref("#p30")))),"#p32","#s33",Iteration(Unwrap(Iteration(Union(Union(Union(Union(Union(Union(Union(Union(Union(Union(Union(Union(Union(Union(Union(Union(Union(Union(Union(Union(Union(Union(Union(Union(Union(Union(Union(Union(Union(Union(Union(Union(Union(Union(Union(Union(Union(Union(Union(Union(Union(Union(Union(Union(Union(Union(Union(Composition(Singleton(Constant(["c0","c4"])),Literal(["c0.c4","c4.c0"])),Composition(Singleton(Constant(["c0","c1"])),Literal(["c0.c1","c1.c0"]))),Composition(Singleton(Constant(["c1","c5"])),Literal(["c1.c5","c5.c1"]))),Composition(Singleton(Constant(["c1","c0"])),Literal(["c0.c1","c1.c0"]))),Composition(Singleton(Constant(["c1","c2"])),Literal(["c1.c2","c2.c1"]))),Composition(Singleton(Constant(["c2","c6"])),Literal(["c2.c6","c6.c2"]))),Composition(Singleton(Constant(["c2","c1"])),Literal(["c1.c2","c2.c1"]))),Composition(Singleton(Constant(["c2","c3"])),Literal(["c2.c3","c3.c2"]))),Composition(Singleton(Constant(["c3","c7"])),Literal(["c3.c7","c7.c3"]))),Composition(Singleton(Constant(["c3","c2"])),Literal(["c2.c3","c3.c2"]))),Composition(Singleton(Constant(["c4","c0"])),Literal(["c0.c4","c4.c0"]))),Composition(Singleton(Constant(["c4","c8"])),Literal(["c4.c8","c8.c4"]))),Composition(Singleton(Constant(["c4","c5"])),Literal(["c4.c5","c5.c4"]))),Composition(Singleton(Constant(["c5","c1"])),Literal(["c1.c5","c5.c1"]))),Composition(Singleton(Constant(["c5","c9"])),Literal(["c5.c9","c9.c5"]))),Composition(Singleton(Constant(["c5","c4"])),Literal(["c4.c5","c5.c4"]))),Composition(Singleton(Constant(["c5","c6"])),Literal(["c5.c6","c6.c5"]))),Composition(Singleton(Constant(["c6","c2"])),Literal(["c2.c6","c6.c2"]))),Composition(Singleton(Constant(["c6","c10"])),Literal(["c10.c6","c6.c10"]))),Composition(Singleton(Constant(["c6","c5"])),Literal(["c5.c6","c6.c5"]))),Composition(Singleton(Constant(["c6","c7"])),Literal(["c6.c7","c7.c6"]))),Composition(Singleton(Constant(["c7","c3"])),Literal(["c3.c7","c7.c3"]))),Composition(Singleton(Constant(["c7","c11"])),Literal(["c11.c7","c7.c11"]))),Composition(Singleton(Constant(["c7","c6"])),Literal(["c6.c7","c7.c6"]))),Composition(Singleton(Constant(["c8","c4"])),Literal(["c4.c8","c8.c4"]))),Composition(Singleton(Constant(["c8","c12"])),Literal(["c12.c8","c8.c12"]))),Composition(Singleton(Constant(["c8","c9"])),Literal(["c8.c9","c9.c8"]))),Composition(Singleton(Constant(["c9","c5"])),Literal(["c5.c9","c9.c5"]))),Composition(Singleton(Constant(["c9","c13"])),Literal(["c13.c9","c9.c13"]))),Composition(Singleton(Constant(["c9","c8"])),Literal(["c8.c9","c9.c8"]))),Composition(Singleton(Constant(["c9","c10"])),Literal(["c10.c9","c9.c10"]))),Composition(Singleton(Constant(["c10","c6"])),Literal(["c10.c6","c6.c10"]))),Composition(Singleton(Constant(["c10","c14"])),Literal(["c10.c14","c14.c10"]))),Composition(Singleton(Constant(["c10","c9"])),Literal(["c10.c9","c9.c10"]))),Composition(Singleton(Constant(["c10","c11"])),Literal(["c10.c11","c11.c10"]))),Composition(Singleton(Constant(["c11","c7"])),Literal(["c11.c7","c7.c11"]))),Composition(Singleton(Constant(["c11","c15"])),Literal(["c11.c15","c15.c11"]))),Composition(Singleton(Constant(["c11","c10"])),Literal(["c10.c11","c11.c10"]))),Composition(Singleton(Constant(["c12","c8"])),Literal(["c12.c8","c8.c12"]))),Composition(Singleton(Constant(["c12","c13"])),Literal(["c12.c13","c13.c12"]))),Composition(Singleton(Constant(["c13","c9"])),Literal(["c13.c9","c9.c13"]))),Composition(Singleton(Constant(["c13","c12"])),Literal(["c12.c13","c13.c12"]))),Composition(Singleton(Constant(["c13","c14"])),Literal(["c13.c14","c14.c13"]))),Composition(Singleton(Constant(["c14","c10"])),Literal(["c10.c14","c14.c10"]))),Composition(Singleton(Constant(["c14","c13"])),Literal(["c13.c14","c14.c13"]))),Composition(Singleton(Constant(["c14","c15"])),Literal(["c14.c15","c15.c14"]))),Composition(Singleton(Constant(["c15","c11"])),Literal(["c11.c15","c15.c11"]))),Composition(Singleton(Constant(["c15","c14"])),Literal(["c14.c15","c15.c14"]))),"#p34","#s35",Iteration(Mention("#s35"),"#p36","#s37",Wrap(Union(Raffination(Literal(["c0.c0","c1.c1","c10.c10","c11.c11","c12.c12","c13.c13","c14.c14","c15.c15","c2.c2","c3.c3","c4.c4","c5.c5","c6.c6","c7.c7","c8.c8","c9.c9"]),Iteration(Mention("#s37"),"#p38","#s39",Singleton(Deref("#p38")))),Mention("#s37")),Concat(Deref("#p34"),Deref("#p36"))))),Deref("#p0")),"#p40","#s41",Composition(Wrap(Unwrap(Mention("#s41"),Deref("#p32")),Deref("#p40")),Mention("#s33")))),"#p42","#s43",Iteration(Unwrap(Iteration(Union(Union(Union(Union(Union(Union(Union(Union(Union(Union(Union(Union(Union(Union(Union(Union(Union(Union(Union(Union(Union(Union(Union(Union(Union(Union(Union(Union(Union(Union(Union(Union(Union(Union(Union(Union(Union(Union(Union(Union(Union(Union(Union(Union(Union(Union(Union(Composition(Singleton(Constant(["c0","c4"])),Literal(["c0.c4","c4.c0"])),Composition(Singleton(Constant(["c0","c1"])),Literal(["c0.c1","c1.c0"]))),Composition(Singleton(Constant(["c1","c5"])),Literal(["c1.c5","c5.c1"]))),Composition(Singleton(Constant(["c1","c0"])),Literal(["c0.c1","c1.c0"]))),Composition(Singleton(Constant(["c1","c2"])),Literal(["c1.c2","c2.c1"]))),Composition(Singleton(Constant(["c2","c6"])),Literal(["c2.c6","c6.c2"]))),Composition(Singleton(Constant(["c2","c1"])),Literal(["c1.c2","c2.c1"]))),Composition(Singleton(Constant(["c2","c3"])),Literal(["c2.c3","c3.c2"]))),Composition(Singleton(Constant(["c3","c7"])),Literal(["c3.c7","c7.c3"]))),Composition(Singleton(Constant(["c3","c2"])),Literal(["c2.c3","c3.c2"]))),Composition(Singleton(Constant(["c4","c0"])),Literal(["c0.c4","c4.c0"]))),Composition(Singleton(Constant(["c4","c8"])),Literal(["c4.c8","c8.c4"]))),Composition(Singleton(Constant(["c4","c5"])),Literal(["c4.c5","c5.c4"]))),Composition(Singleton(Constant(["c5","c1"])),Literal(["c1.c5","c5.c1"]))),Composition(Singleton(Constant(["c5","c9"])),Literal(["c5.c9","c9.c5"]))),Composition(Singleton(Constant(["c5","c4"])),Literal(["c4.c5","c5.c4"]))),Composition(Singleton(Constant(["c5","c6"])),Literal(["c5.c6","c6.c5"]))),Composition(Singleton(Constant(["c6","c2"])),Literal(["c2.c6","c6.c2"]))),Composition(Singleton(Constant(["c6","c10"])),Literal(["c10.c6","c6.c10"]))),Composition(Singleton(Constant(["c6","c5"])),Literal(["c5.c6","c6.c5"]))),Composition(Singleton(Constant(["c6","c7"])),Literal(["c6.c7","c7.c6"]))),Composition(Singleton(Constant(["c7","c3"])),Literal(["c3.c7","c7.c3"]))),Composition(Singleton(Constant(["c7","c11"])),Literal(["c11.c7","c7.c11"]))),Composition(Singleton(Constant(["c7","c6"])),Literal(["c6.c7","c7.c6"]))),Composition(Singleton(Constant(["c8","c4"])),Literal(["c4.c8","c8.c4"]))),Composition(Singleton(Constant(["c8","c12"])),Literal(["c12.c8","c8.c12"]))),Composition(Singleton(Constant(["c8","c9"])),Literal(["c8.c9","c9.c8"]))),Composition(Singleton(Constant(["c9","c5"])),Literal(["c5.c9","c9.c5"]))),Composition(Singleton(Constant(["c9","c13"])),Literal(["c13.c9","c9.c13"]))),Composition(Singleton(Constant(["c9","c8"])),Literal(["c8.c9","c9.c8"]))),Composition(Singleton(Constant(["c9","c10"])),Literal(["c10.c9","c9.c10"]))),Composition(Singleton(Constant(["c10","c6"])),Literal(["c10.c6","c6.c10"]))),Composition(Singleton(Constant(["c10","c14"])),Literal(["c10.c14","c14.c10"]))),Composition(Singleton(Constant(["c10","c9"])),Literal(["c10.c9","c9.c10"]))),Composition(Singleton(Constant(["c10","c11"])),Literal(["c10.c11","c11.c10"]))),Composition(Singleton(Constant(["c11","c7"])),Literal(["c11.c7","c7.c11"]))),Composition(Singleton(Constant(["c11","c15"])),Literal(["c11.c15","c15.c11"]))),Composition(Singleton(Constant(["c11","c10"])),Literal(["c10.c11","c11.c10"]))),Composition(Singleton(Constant(["c12","c8"])),Literal(["c12.c8","c8.c12"]))),Composition(Singleton(Constant(["c12","c13"])),Literal(["c12.c13","c13.c12"]))),Composition(Singleton(Constant(["c13","c9"])),Literal(["c13.c9","c9.c13"]))),Composition(Singleton(Constant(["c13","c12"])),Literal(["c12.c13","c13.c12"]))),Composition(Singleton(Constant(["c13","c14"])),Literal(["c13.c14","c14.c13"]))),Composition(Singleton(Constant(["c14","c10"])),Literal(["c10.c14","c14.c10"]))),Composition(Singleton(Constant(["c14","c13"])),Literal(["c13.c14","c14.c13"]))),Composition(Singleton(Constant(["c14","c15"])),Literal(["c14.c15","c15.c14"]))),Composition(Singleton(Constant(["c15","c11"])),Literal(["c11.c15","c15.c11"]))),Composition(Singleton(Constant(["c15","c14"])),Literal(["c14.c15","c15.c14"]))),"#p44","#s45",Iteration(Mention("#s45"),"#p46","#s47",Wrap(Union(Raffination(Literal(["c0.c0","c1.c1","c10.c10","c11.c11","c12.c12","c13.c13","c14.c14","c15.c15","c2.c2","c3.c3","c4.c4","c5.c5","c6.c6","c7.c7","c8.c8","c9.c9"]),Iteration(Mention("#s47"),"#p48","#s49",Singleton(Deref("#p48")))),Mention("#s47")),Concat(Deref("#p44"),Deref("#p46"))))),Concat(Concat(Deref("#p0"),Deref("#p42")),Deref("#p0"))),"#p50","#s51",Call("collapse",Deref("#p50");,Mention("#s43"))))))))))))))))))))
T	4d6b088c638f	Iteration(Mention("frontier"),"#p0","#s1",Iteration(Mention("#s1"),"#p2","#s3",Iteration(Mention("#s3"),"#p4","#s5",Iteration(Mention("#s5"),"#p6","#s7",Iteration(Mention("#s7"),"#p8","#s9",Iteration(Mention("#s9"),"#p10","#s11",Iteration(Mention("#s11"),"#p12","#s13",Iteration(Mention("#s13"),"#p14","#s15",Iteration(Mention("#s15"),"#p16","#s17",Iteration(Mention("#s17"),"#p18","#s19",Iteration(Mention("#s19"),"#p20","#s21",Iteration(Mention("#s21"),"#p22","#s23",Iteration(Mention("#s23"),"#p24","#s25",Iteration(Mention("#s25"),"#p26","#s27",Iteration(Mention("#s27"),"#p28","#s29",Iteration(Mention("#s29"),"#p30","#s31",Iteration(Iteration(Call("superpose",Deref("#p0");,Singleton(Concat(Concat(Concat(Concat(Concat(Concat(Concat(Concat(Concat(Concat(Concat(Concat(Concat(Concat(Deref("#p2"),Deref("#p4")),Deref("#p6")),Deref("#p8")),Deref("#p10")),Deref("#p12")),Deref("#p14")),Deref("#p16")),Deref("#p18")),Deref("#p20")),Deref("#p22")),Deref("#p24")),Deref("#p26")),Deref("#p28")),Deref("#p30")))),"#p32","#s33",Iteration(Unwrap(Literal(["c0.c1.c0.c1","c0.c1.c1.c0","c0.c1.c10.c10","c0.c1.c11.c11","c0.c1.c12.c12","c0.c1.c13.c13","c0.c1.c14.c14","c0.c1.c15.c15","c0.c1.c2.c2","c0.c1.c3.c3","c0.c1.c4.c4","c0.c1.c5.c5","c0.c1.c6.c6","c0.c1.c7.c7","c0.c1.c8.c8","c0.c1.c9.c9","c0.c4.c0.c4","c0.c4.c1.c1","c0.c4.c10.c10","c0.c4.c11.c11","c0.c4.c12.c12","c0.c4.c13.c13","c0.c4.c14.c14","c0.c4.c15.c15","c0.c4.c2.c2","c0.c4.c3.c3","c0.c4.c4.c0","c0.c4.c5.c5","c0.c4.c6.c6","c0.c4.c7.c7","c0.c4.c8.c8","c0.c4.c9.c9","c1.c0.c0.c1","c1.c0.c1.c0","c1.c0.c10.c10","c1.c0.c11.c11","c1.c0.c12.c12","c1.c0.c13.c13","c1.c0.c14.c14","c1.c0.c15.c15","c1.c0.c2.c2","c1.c0.c3.c3","c1.c0.c4.c4","c1.c0.c5.c5","c1.c0.c6.c6","c1.c0.c7.c7","c1.c0.c8.c8","c1.c0.c9.c9","c1.c2.c0.c0","c1.c2.c1.c2","c1.c2.c10.c10","c1.c2.c11.c11","c1.c2.c12.c12","c1.c2.c13.c13","c1.c2.c14.c14","c1.c2.c15.c15","c1.c2.c2.c1","c1.c2.c3.c3","c1.c2.c4.c4","c1.c2.c5.c5","c1.c2.c6.c6","c1.c2.c7.c7","c1.c2.c8.c8","c1.c2.c9.c9","c1.c5.c0.c0","c1.c5.c1.c5","c1.c5.c10.c10","c1.c5.c11.c11","c1.c5.c12.c12","c1.c5.c13.c13","c1.c5.c14.c14","c1.c5.c15.c15","c1.c5.c2.c2","c1.c5.c3.c3","c1.c5.c4.c4","c1.c5.c5.c1","c1.c5.c6.c6","c1.c5.c7.c7","c1.c5.c8.c8","c1.c5.c9.c9","c10.c11.c0.c0","c10.c11.c1.c1","c10.c11.c10.c11","c10.c11.c11.c10","c10.c11.c12.c12","c10.c11.c13.c13","c10.c11.c14.c14","c10.c11.c15.c15","c10.c11.c2.c2","c10.c11.c3.c3","c10.c11.c4.c4","c10.c11.c5.c5","c10.c11.c6.c6","c10.c11.c7.c7","c10.c11.c8.c8","c10.c11.c9.c9","c10.c14.c0.c0","c10.c14.c1.c1","c10.c14.c10.c14","c10.c14.c11.c11","c10.c14.c12.c12","c10.c14.c13.c13","c10.c14.c14.c10","c10.c14.c15.c15","c10.c14.c2.c2","c10.c14.c3.c3","c10.c14.c4.c4","c10.c14.c5.c5","c10.c14.c6.c6","c10.c14.c7.c7","c10.c14.c8.c8","c10.c14.c9.c9","c10.c6.c0.c0","c10.c6.c1.c1","c10.c6.c10.c6","c10.c6.c11.c11","c10.c6.c12.c12","c10.c6.c13.c13","c10.c6.c14.c14","c10.c6.c15.c15","c10.c6.c2.c2","c10.c6.c3.c3","c10.c6.c4.c4","c10.c6.c5.c5","c10.c6.c6.c10","c10.c6.c7.c7","c10.c6.c8.c8","c10.c6.c9.c9","c10.c9.c0.c0","c10.c9.c1.c1","c10.c9.c10.c9","c10.c9.c11.c11","c10.c9.c12.c12","c10.c9.c13.c13","c10.c9.c14.c14","c10.c9.c15.c15","c10.c9.c2.c2","c10.c9.c3.c3","c10.c9.c4.c4","c10.c9.c5.c5","c10.c9.c6.c6","c10.c9.c7.c7","c10.c9.c8.c8","c10.c9.c9.c10","c11.c10.c0.c0","c11.c10.c1.c1","c11.c10.c10.c11","c11.c10.c11.c10","c11.c10.c12.c12","c11.c10.c13.c13","c11.c10.c14.c14","c11.c10.c15.c15","c11.c10.c2.c2","c11.c10.c3.c3","c11.c10.c4.c4","c11.c10.c5.c5","c11.c10.c6.c6","c11.c10.c7.c7","c11.c10.c8.c8","c11.c10.c9.c9","c11.c15.c0.c0","c11.c15.c1.c1","c11.c15.c10.c10","c11.c15.c11.c15","c11.c15.c12.c12","c11.c15.c13.c13","c11.c15.c14.c14","c11.c15.c15.c11","c11.c15.c2.c2","c11.c15.c3.c3","c11.c15.c4.c4","c11.c15.c5.c5","c11.c15.c6.c6","c11.c15.c7.c7","c11.c15.c8.c8","c11.c15.c9.c9","c11.c7.c0.c0","c11.c7.c1.c1","c11.c7.c10.c10","c11.c7.c11.c7","c11.c7.c12.c12","c11.c7.c13.c13","c11.c7.c14.c14","c11.c7.c15.c15","c11.c7.c2.c2","c11.c7.c3.c3","c11.c7.c4.c4","c11.c7.c5.c5","c11.c7.c6.c6","c11.c7.c7.c11","c11.c7.c8.c8","c11.c7.c9.c9","c12.c13.c0.c0","c12.c13.c1.c1","c12.c13.c10.c10","c12.c13.c11.c11","c12.c13.c12.c13","c12.c13.c13.c12","c12.c13.c14.c14","c12.c13.c15.c15","c12.c13.c2.c2","c12.c13.c3.c3","c12.c13.c4.c4","c12.c13.c5.c5","c12.c13.c6.c6","c12.c13.c7.c7","c12.c13.c8.c8","c12.c13.c9.c9","c12.c8.c0.c0","c12.c8.c1.c1","c12.c8.c10.c10","c12.c8.c11.c11","c12.c8.c12.c8","c12.c8.c13.c13","c12.c8.c14.c14","c12.c8.c15.c15","c12.c8.c2.c2","c12.c8.c3.c3","c12.c8.c4.c4","c12.c8.c5.c5","c12.c8.c6.c6","c12.c8.c7.c7","c12.c8.c8.c12","c12.c8.c9.c9","c13.c12.c0.c0","c13.c12.c1.c1","c13.c12.c10.c10","c13.c12.c11.c11","c13.c12.c12.c13","c13.c12.c13.c12","c13.c12.c14.c14","c13.c12.c15.c15","c13.c12.c2.c2","c13.c12.c3.c3","c13.c12.c4.c4","c13.c12.c5.c5","c13.c12.c6.c6","c13.c12.c7.c7","c13.c12.c8.c8","c13.c12.c9.c9","c13.c14.c0.c0","c13.c14.c1.c1","c13.c14.c10.c10","c13.c14.c11.c11","c13.c14.c12.c12","c13.c14.c13.c14","c13.c14.c14.c13","c13.c14.c15.c15","c13.c14.c2.c2","c13.c14.c3.c3","c13.c14.c4.c4","c13.c14.c5.c5","c13.c14.c6.c6","c13.c14.c7.c7","c13.c14.c8.c8","c13.c14.c9.c9","c13.c9.c0.c0","c13.c9.c1.c1","c13.c9.c10.c10","c13.c9.c11.c11","c13.c9.c12.c12","c13.c9.c13.c9","c13.c9.c14.c14","c13.c9.c15.c15","c13.c9.c2.c2","c13.c9.c3.c3","c13.c9.c4.c4","c13.c9.c5.c5","c13.c9.c6.c6","c13.c9.c7.c7","c13.c9.c8.c8","c13.c9.c9.c13","c14.c10.c0.c0","c14.c10.c1.c1","c14.c10.c10.c14","c14.c10.c11.c11","c14.c10.c12.c12","c14.c10.c13.c13","c14.c10.c14.c10","c14.c10.c15.c15","c14.c10.c2.c2","c14.c10.c3.c3","c14.c10.c4.c4","c14.c10.c5.c5","c14.c10.c6.c6","c14.c10.c7.c7","c14.c10.c8.c8","c14.c10.c9.c9","c14.c13.c0.c0","c14.c13.c1.c1","c14.c13.c10.c10","c14.c13.c11.c11","c14.c13.c12.c12","c14.c13.c13.c14","c14.c13.c14.c13","c14.c13.c15.c15","c14.c13.c2.c2","c14.c13.c3.c3","c14.c13.c4.c4","c14.c13.c5.c5","c14.c13.c6.c6","c14.c13.c7.c7","c14.c13.c8.c8","c14.c13.c9.c9","c14.c15.c0.c0","c14.c15.c1.c1","c14.c15.c10.c10","c14.c15.c11.c11","c14.c15.c12.c12","c14.c15.c13.c13","c14.c15.c14.c15","c14.c15.c15.c14","c14.c15.c2.c2","c14.c15.c3.c3","c14.c15.c4.c4","c14.c15.c5.c5","c14.c15.c6.c6","c14.c15.c7.c7","c14.c15.c8.c8","c14.c15.c9.c9","c15.c11.c0.c0","c15.c11.c1.c1","c15.c11.c10.c10","c15.c11.c11.c15","c15.c11.c12.c12","c15.c11.c13.c13","c15.c11.c14.c14","c15.c11.c15.c11","c15.c11.c2.c2","c15.c11.c3.c3","c15.c11.c4.c4","c15.c11.c5.c5","c15.c11.c6.c6","c15.c11.c7.c7","c15.c11.c8.c8","c15.c11.c9.c9","c15.c14.c0.c0","c15.c14.c1.c1","c15.c14.c10.c10","c15.c14.c11.c11","c15.c14.c12.c12","c15.c14.c13.c13","c15.c14.c14.c15","c15.c14.c15.c14","c15.c14.c2.c2","c15.c14.c3.c3","c15.c14.c4.c4","c15.c14.c5.c5","c15.c14.c6.c6","c15.c14.c7.c7","c15.c14.c8.c8","c15.c14.c9.c9","c2.c1.c0.c0","c2.c1.c1.c2","c2.c1.c10.c10","c2.c1.c11.c11","c2.c1.c12.c12","c2.c1.c13.c13","c2.c1.c14.c14","c2.c1.c15.c15","c2.c1.c2.c1","c2.c1.c3.c3","c2.c1.c4.c4","c2.c1.c5.c5","c2.c1.c6.c6","c2.c1.c7.c7","c2.c1.c8.c8","c2.c1.c9.c9","c2.c3.c0.c0","c2.c3.c1.c1","c2.c3.c10.c10","c2.c3.c11.c11","c2.c3.c12.c12","c2.c3.c13.c13","c2.c3.c14.c14","c2.c3.c15.c15","c2.c3.c2.c3","c2.c3.c3.c2","c2.c3.c4.c4","c2.c3.c5.c5","c2.c3.c6.c6","c2.c3.c7.c7","c2.c3.c8.c8","c2.c3.c9.c9","c2.c6.c0.c0","c2.c6.c1.c1","c2.c6.c10.c10","c2.c6.c11.c11","c2.c6.c12.c12","c2.c6.c13.c13","c2.c6.c14.c14","c2.c6.c15.c15","c2.c6.c2.c6","c2.c6.c3.c3","c2.c6.c4.c4","c2.c6.c5.c5","c2.c6.c6.c2","c2.c6.c7.c7","c2.c6.c8.c8","c2.c6.c9.c9","c3.c2.c0.c0","c3.c2.c1.c1","c3.c2.c10.c10","c3.c2.c11.c11","c3.c2.c12.c12","c3.c2.c13.c13","c3.c2.c14.c14","c3.c2.c15.c15","c3.c2.c2.c3","c3.c2.c3.c2","c3.c2.c4.c4","c3.c2.c5.c5","c3.c2.c6.c6","c3.c2.c7.c7","c3.c2.c8.c8","c3.c2.c9.c9","c3.c7.c0.c0","c3.c7.c1.c1","c3.c7.c10.c10","c3.c7.c11.c11","c3.c7.c12.c12","c3.c7.c13.c13","c3.c7.c14.c14","c3.c7.c15.c15","c3.c7.c2.c2","c3.c7.c3.c7","c3.c7.c4.c4","c3.c7.c5.c5","c3.c7.c6.c6","c3.c7.c7.c3","c3.c7.c8.c8","c3.c7.c9.c9","c4.c0.c0.c4","c4.c0.c1.c1","c4.c0.c10.c10","c4.c0.c11.c11","c4.c0.c12.c12","c4.c0.c13.c13","c4.c0.c14.c14","c4.c0.c15.c15","c4.c0.c2.c2","c4.c0.c3.c3","c4.c0.c4.c0","c4.c0.c5.c5","c4.c0.c6.c6","c4.c0.c7.c7","c4.c0.c8.c8","c4.c0.c9.c9","c4.c5.c0.c0","c4.c5.c1.c1","c4.c5.c10.c10","c4.c5.c11.c11","c4.c5.c12.c12","c4.c5.c13.c13","c4.c5.c14.c14","c4.c5.c15.c15","c4.c5.c2.c2","c4.c5.c3.c3","c4.c5.c4.c5","c4.c5.c5.c4","c4.c5.c6.c6","c4.c5.c7.c7","c4.c5.c8.c8","c4.c5.c9.c9","c4.c8.c0.c0","c4.c8.c1.c1","c4.c8.c10.c10","c4.c8.c11.c11","c4.c8.c12.c12","c4.c8.c13.c13","c4.c8.c14.c14","c4.c8.c15.c15","c4.c8.c2.c2","c4.c8.c3.c3","c4.c8.c4.c8","c4.c8.c5.c5","c4.c8.c6.c6","c4.c8.c7.c7","c4.c8.c8.c4","c4.c8.c9.c9","c5.c1.c0.c0","c5.c1.c1.c5","c5.c1.c10.c10","c5.c1.c11.c11","c5.c1.c12.c12","c5.c1.c13.c13","c5.c1.c14.c14","c5.c1.c15.c15","c5.c1.c2.c2","c5.c1.c3.c3","c5.c1.c4.c4","c5.c1.c5.c1","c5.c1.c6.c6","c5.c1.c7.c7","c5.c1.c8.c8","c5.c1.c9.c9","c5.c4.c0.c0","c5.c4.c1.c1","c5.c4.c10.c10","c5.c4.c11.c11","c5.c4.c12.c12","c5.c4.c13.c13","c5.c4.c14.c14","c5.c4.c15.c15","c5.c4.c2.c2","c5.c4.c3.c3","c5.c4.c4.c5","c5.c4.c5.c4","c5.c4.c6.c6","c5.c4.c7.c7","c5.c4.c8.c8","c5.c4.c9.c9","c5.c6.c0.c0","c5.c6.c1.c1","c5.c6.c10.c10","c5.c6.c11.c11","c5.c6.c12.c12","c5.c6.c13.c13","c5.c6.c14.c14","c5.c6.c15.c15","c5.c6.c2.c2","c5.c6.c3.c3","c5.c6.c4.c4","c5.c6.c5.c6","c5.c6.c6.c5","c5.c6.c7.c7","c5.c6.c8.c8","c5.c6.c9.c9","c5.c9.c0.c0","c5.c9.c1.c1","c5.c9.c10.c10","c5.c9.c11.c11","c5.c9.c12.c12","c5.c9.c13.c13","c5.c9.c14.c14","c5.c9.c15.c15","c5.c9.c2.c2","c5.c9.c3.c3","c5.c9.c4.c4","c5.c9.c5.c9","c5.c9.c6.c6","c5.c9.c7.c7","c5.c9.c8.c8","c5.c9.c9.c5","c6.c10.c0.c0","c6.c10.c1.c1","c6.c10.c10.c6","c6.c10.c11.c11","c6.c10.c12.c12","c6.c10.c13.c13","c6.c10.c14.c14","c6.c10.c15.c15","c6.c10.c2.c2","c6.c10.c3.c3","c6.c10.c4.c4","c6.c10.c5.c5","c6.c10.c6.c10","c6.c10.c7.c7","c6.c10.c8.c8","c6.c10.c9.c9","c6.c2.c0.c0","c6.c2.c1.c1","c6.c2.c10.c10","c6.c2.c11.c11","c6.c2.c12.c12","c6.c2.c13.c13","c6.c2.c14.c14","c6.c2.c15.c15","c6.c2.c2.c6","c6.c2.c3.c3","c6.c2.c4.c4","c6.c2.c5.c5","c6.c2.c6.c2","c6.c2.c7.c7","c6.c2.c8.c8","c6.c2.c9.c9","c6.c5.c0.c0","c6.c5.c1.c1","c6.c5.c10.c10","c6.c5.c11.c11","c6.c5.c12.c12","c6.c5.c13.c13","c6.c5.c14.c14","c6.c5.c15.c15","c6.c5.c2.c2","c6.c5.c3.c3","c6.c5.c4.c4","c6.c5.c5.c6","c6.c5.c6.c5","c6.c5.c7.c7","c6.c5.c8.c8","c6.c5.c9.c9","c6.c7.c0.c0","c6.c7.c1.c1","c6.c7.c10.c10","c6.c7.c11.c11","c6.c7.c12.c12","c6.c7.c13.c13","c6.c7.c14.c14","c6.c7.c15.c15","c6.c7.c2.c2","c6.c7.c3.c3","c6.c7.c4.c4","c6.c7.c5.c5","c6.c7.c6.c7","c6.c7.c7.c6","c6.c7.c8.c8","c6.c7.c9.c9","c7.c11.c0.c0","c7.c11.c1.c1","c7.c11.c10.c10","c7.c11.c11.c7","c7.c11.c12.c12","c7.c11.c13.c13","c7.c11.c14.c14","c7.c11.c15.c15","c7.c11.c2.c2","c7.c11.c3.c3","c7.c11.c4.c4","c7.c11.c5.c5","c7.c11.c6.c6","c7.c11.c7.c11","c7.c11.c8.c8","c7.c11.c9.c9","c7.c3.c0.c0","c7.c3.c1.c1","c7.c3.c10.c10","c7.c3.c11.c11","c7.c3.c12.c12","c7.c3.c13.c13","c7.c3.c14.c14","c7.c3.c15.c15","c7.c3.c2.c2","c7.c3.c3.c7","c7.c3.c4.c4","c7.c3.c5.c5","c7.c3.c6.c6","c7.c3.c7.c3","c7.c3.c8.c8","c7.c3.c9.c9","c7.c6.c0.c0","c7.c6.c1.c1","c7.c6.c10.c10","c7.c6.c11.c11","c7.c6.c12.c12","c7.c6.c13.c13","c7.c6.c14.c14","c7.c6.c15.c15","c7.c6.c2.c2","c7.c6.c3.c3","c7.c6.c4.c4","c7.c6.c5.c5","c7.c6.c6.c7","c7.c6.c7.c6","c7.c6.c8.c8","c7.c6.c9.c9","c8.c12.c0.c0","c8.c12.c1.c1","c8.c12.c10.c10","c8.c12.c11.c11","c8.c12.c12.c8","c8.c12.c13.c13","c8.c12.c14.c14","c8.c12.c15.c15","c8.c12.c2.c2","c8.c12.c3.c3","c8.c12.c4.c4","c8.c12.c5.c5","c8.c12.c6.c6","c8.c12.c7.c7","c8.c12.c8.c12","c8.c12.c9.c9","c8.c4.c0.c0","c8.c4.c1.c1","c8.c4.c10.c10","c8.c4.c11.c11","c8.c4.c12.c12","c8.c4.c13.c13","c8.c4.c14.c14","c8.c4.c15.c15","c8.c4.c2.c2","c8.c4.c3.c3","c8.c4.c4.c8","c8.c4.c5.c5","c8.c4.c6.c6","c8.c4.c7.c7","c8.c4.c8.c4","c8.c4.c9.c9","c8.c9.c0.c0","c8.c9.c1.c1","c8.c9.c10.c10","c8.c9.c11.c11","c8.c9.c12.c12","c8.c9.c13.c13","c8.c9.c14.c14","c8.c9.c15.c15","c8.c9.c2.c2","c8.c9.c3.c3","c8.c9.c4.c4","c8.c9.c5.c5","c8.c9.c6.c6","c8.c9.c7.c7","c8.c9.c8.c9","c8.c9.c9.c8","c9.c10.c0.c0","c9.c10.c1.c1","c9.c10.c10.c9","c9.c10.c11.c11","c9.c10.c12.c12","c9.c10.c13.c13","c9.c10.c14.c14","c9.c10.c15.c15","c9.c10.c2.c2","c9.c10.c3.c3","c9.c10.c4.c4","c9.c10.c5.c5","c9.c10.c6.c6","c9.c10.c7.c7","c9.c10.c8.c8","c9.c10.c9.c10","c9.c13.c0.c0","c9.c13.c1.c1","c9.c13.c10.c10","c9.c13.c11.c11","c9.c13.c12.c12","c9.c13.c13.c9","c9.c13.c14.c14","c9.c13.c15.c15","c9.c13.c2.c2","c9.c13.c3.c3","c9.c13.c4.c4","c9.c13.c5.c5","c9.c13.c6.c6","c9.c13.c7.c7","c9.c13.c8.c8","c9.c13.c9.c13","c9.c5.c0.c0","c9.c5.c1.c1","c9.c5.c10.c10","c9.c5.c11.c11","c9.c5.c12.c12","c9.c5.c13.c13","c9.c5.c14.c14","c9.c5.c15.c15","c9.c5.c2.c2","c9.c5.c3.c3","c9.c5.c4.c4","c9.c5.c5.c9","c9.c5.c6.c6","c9.c5.c7.c7","c9.c5.c8.c8","c9.c5.c9.c5","c9.c8.c0.c0","c9.c8.c1.c1","c9.c8.c10.c10","c9.c8.c11.c11","c9.c8.c12.c12","c9.c8.c13.c13","c9.c8.c14.c14","c9.c8.c15.c15","c9.c8.c2.c2","c9.c8.c3.c3","c9.c8.c4.c4","c9.c8.c5.c5","c9.c8.c6.c6","c9.c8.c7.c7","c9.c8.c8.c9","c9.c8.c9.c8"]),Deref("#p0")),"#p34","#s35",Composition(Wrap(Unwrap(Mention("#s35"),Deref("#p32")),Deref("#p34")),Mention("#s33")))),"#p36","#s37",Iteration(Unwrap(Literal(["c0.c1.c0.c1","c0.c1.c1.c0","c0.c1.c10.c10","c0.c1.c11.c11","c0.c1.c12.c12","c0.c1.c13.c13","c0.c1.c14.c14","c0.c1.c15.c15","c0.c1.c2.c2","c0.c1.c3.c3","c0.c1.c4.c4","c0.c1.c5.c5","c0.c1.c6.c6","c0.c1.c7.c7","c0.c1.c8.c8","c0.c1.c9.c9","c0.c4.c0.c4","c0.c4.c1.c1","c0.c4.c10.c10","c0.c4.c11.c11","c0.c4.c12.c12","c0.c4.c13.c13","c0.c4.c14.c14","c0.c4.c15.c15","c0.c4.c2.c2","c0.c4.c3.c3","c0.c4.c4.c0","c0.c4.c5.c5","c0.c4.c6.c6","c0.c4.c7.c7","c0.c4.c8.c8","c0.c4.c9.c9","c1.c0.c0.c1","c1.c0.c1.c0","c1.c0.c10.c10","c1.c0.c11.c11","c1.c0.c12.c12","c1.c0.c13.c13","c1.c0.c14.c14","c1.c0.c15.c15","c1.c0.c2.c2","c1.c0.c3.c3","c1.c0.c4.c4","c1.c0.c5.c5","c1.c0.c6.c6","c1.c0.c7.c7","c1.c0.c8.c8","c1.c0.c9.c9","c1.c2.c0.c0","c1.c2.c1.c2","c1.c2.c10.c10","c1.c2.c11.c11","c1.c2.c12.c12","c1.c2.c13.c13","c1.c2.c14.c14","c1.c2.c15.c15","c1.c2.c2.c1","c1.c2.c3.c3","c1.c2.c4.c4","c1.c2.c5.c5","c1.c2.c6.c6","c1.c2.c7.c7","c1.c2.c8.c8","c1.c2.c9.c9","c1.c5.c0.c0","c1.c5.c1.c5","c1.c5.c10.c10","c1.c5.c11.c11","c1.c5.c12.c12","c1.c5.c13.c13","c1.c5.c14.c14","c1.c5.c15.c15","c1.c5.c2.c2","c1.c5.c3.c3","c1.c5.c4.c4","c1.c5.c5.c1","c1.c5.c6.c6","c1.c5.c7.c7","c1.c5.c8.c8","c1.c5.c9.c9","c10.c11.c0.c0","c10.c11.c1.c1","c10.c11.c10.c11","c10.c11.c11.c10","c10.c11.c12.c12","c10.c11.c13.c13","c10.c11.c14.c14","c10.c11.c15.c15","c10.c11.c2.c2","c10.c11.c3.c3","c10.c11.c4.c4","c10.c11.c5.c5","c10.c11.c6.c6","c10.c11.c7.c7","c10.c11.c8.c8","c10.c11.c9.c9","c10.c14.c0.c0","c10.c14.c1.c1","c10.c14.c10.c14","c10.c14.c11.c11","c10.c14.c12.c12","c10.c14.c13.c13","c10.c14.c14.c10","c10.c14.c15.c15","c10.c14.c2.c2","c10.c14.c3.c3","c10.c14.c4.c4","c10.c14.c5.c5","c10.c14.c6.c6","c10.c14.c7.c7","c10.c14.c8.c8","c10.c14.c9.c9","c10.c6.c0.c0","c10.c6.c1.c1","c10.c6.c10.c6","c10.c6.c11.c11","c10.c6.c12.c12","c10.c6.c13.c13","c10.c6.c14.c14","c10.c6.c15.c15","c10.c6.c2.c2","c10.c6.c3.c3","c10.c6.c4.c4","c10.c6.c5.c5","c10.c6.c6.c10","c10.c6.c7.c7","c10.c6.c8.c8","c10.c6.c9.c9","c10.c9.c0.c0","c10.c9.c1.c1","c10.c9.c10.c9","c10.c9.c11.c11","c10.c9.c12.c12","c10.c9.c13.c13","c10.c9.c14.c14","c10.c9.c15.c15","c10.c9.c2.c2","c10.c9.c3.c3","c10.c9.c4.c4","c10.c9.c5.c5","c10.c9.c6.c6","c10.c9.c7.c7","c10.c9.c8.c8","c10.c9.c9.c10","c11.c10.c0.c0","c11.c10.c1.c1","c11.c10.c10.c11","c11.c10.c11.c10","c11.c10.c12.c12","c11.c10.c13.c13","c11.c10.c14.c14","c11.c10.c15.c15","c11.c10.c2.c2","c11.c10.c3.c3","c11.c10.c4.c4","c11.c10.c5.c5","c11.c10.c6.c6","c11.c10.c7.c7","c11.c10.c8.c8","c11.c10.c9.c9","c11.c15.c0.c0","c11.c15.c1.c1","c11.c15.c10.c10","c11.c15.c11.c15","c11.c15.c12.c12","c11.c15.c13.c13","c11.c15.c14.c14","c11.c15.c15.c11","c11.c15.c2.c2","c11.c15.c3.c3","c11.c15.c4.c4","c11.c15.c5.c5","c11.c15.c6.c6","c11.c15.c7.c7","c11.c15.c8.c8","c11.c15.c9.c9","c11.c7.c0.c0","c11.c7.c1.c1","c11.c7.c10.c10","c11.c7.c11.c7","c11.c7.c12.c12","c11.c7.c13.c13","c11.c7.c14.c14","c11.c7.c15.c15","c11.c7.c2.c2","c11.c7.c3.c3","c11.c7.c4.c4","c11.c7.c5.c5","c11.c7.c6.c6","c11.c7.c7.c11","c11.c7.c8.c8","c11.c7.c9.c9","c12.c13.c0.c0","c12.c13.c1.c1","c12.c13.c10.c10","c12.c13.c11.c11","c12.c13.c12.c13","c12.c13.c13.c12","c12.c13.c14.c14","c12.c13.c15.c15","c12.c13.c2.c2","c12.c13.c3.c3","c12.c13.c4.c4","c12.c13.c5.c5","c12.c13.c6.c6","c12.c13.c7.c7","c12.c13.c8.c8","c12.c13.c9.c9","c12.c8.c0.c0","c12.c8.c1.c1","c12.c8.c10.c10","c12.c8.c11.c11","c12.c8.c12.c8","c12.c8.c13.c13","c12.c8.c14.c14","c12.c8.c15.c15","c12.c8.c2.c2","c12.c8.c3.c3","c12.c8.c4.c4","c12.c8.c5.c5","c12.c8.c6.c6","c12.c8.c7.c7","c12.c8.c8.c12","c12.c8.c9.c9","c13.c12.c0.c0","c13.c12.c1.c1","c13.c12.c10.c10","c13.c12.c11.c11","c13.c12.c12.c13","c13.c12.c13.c12","c13.c12.c14.c14","c13.c12.c15.c15","c13.c12.c2.c2","c13.c12.c3.c3","c13.c12.c4.c4","c13.c12.c5.c5","c13.c12.c6.c6","c13.c12.c7.c7","c13.c12.c8.c8","c13.c12.c9.c9","c13.c14.c0.c0","c13.c14.c1.c1","c13.c14.c10.c10","c13.c14.c11.c11","c13.c14.c12.c12","c13.c14.c13.c14","c13.c14.c14.c13","c13.c14.c15.c15","c13.c14.c2.c2","c13.c14.c3.c3","c13.c14.c4.c4","c13.c14.c5.c5","c13.c14.c6.c6","c13.c14.c7.c7","c13.c14.c8.c8","c13.c14.c9.c9","c13.c9.c0.c0","c13.c9.c1.c1","c13.c9.c10.c10","c13.c9.c11.c11","c13.c9.c12.c12","c13.c9.c13.c9","c13.c9.c14.c14","c13.c9.c15.c15","c13.c9.c2.c2","c13.c9.c3.c3","c13.c9.c4.c4","c13.c9.c5.c5","c13.c9.c6.c6","c13.c9.c7.c7","c13.c9.c8.c8","c13.c9.c9.c13","c14.c10.c0.c0","c14.c10.c1.c1","c14.c10.c10.c14","c14.c10.c11.c11","c14.c10.c12.c12","c14.c10.c13.c13","c14.c10.c14.c10","c14.c10.c15.c15","c14.c10.c2.c2","c14.c10.c3.c3","c14.c10.c4.c4","c14.c10.c5.c5","c14.c10.c6.c6","c14.c10.c7.c7","c14.c10.c8.c8","c14.c10.c9.c9","c14.c13.c0.c0","c14.c13.c1.c1","c14.c13.c10.c10","c14.c13.c11.c11","c14.c13.c12.c12","c14.c13.c13.c14","c14.c13.c14.c13","c14.c13.c15.c15","c14.c13.c2.c2","c14.c13.c3.c3","c14.c13.c4.c4","c14.c13.c5.c5","c14.c13.c6.c6","c14.c13.c7.c7","c14.c13.c8.c8","c14.c13.c9.c9","c14.c15.c0.c0","c14.c15.c1.c1","c14.c15.c10.c10","c14.c15.c11.c11","c14.c15.c12.c12","c14.c15.c13.c13","c14.c15.c14.c15","c14.c15.c15.c14","c14.c15.c2.c2","c14.c15.c3.c3","c14.c15.c4.c4","c14.c15.c5.c5","c14.c15.c6.c6","c14.c15.c7.c7","c14.c15.c8.c8","c14.c15.c9.c9","c15.c11.c0.c0","c15.c11.c1.c1","c15.c11.c10.c10","c15.c11.c11.c15","c15.c11.c12.c12","c15.c11.c13.c13","c15.c11.c14.c14","c15.c11.c15.c11","c15.c11.c2.c2","c15.c11.c3.c3","c15.c11.c4.c4","c15.c11.c5.c5","c15.c11.c6.c6","c15.c11.c7.c7","c15.c11.c8.c8","c15.c11.c9.c9","c15.c14.c0.c0","c15.c14.c1.c1","c15.c14.c10.c10","c15.c14.c11.c11","c15.c14.c12.c12","c15.c14.c13.c13","c15.c14.c14.c15","c15.c14.c15.c14","c15.c14.c2.c2","c15.c14.c3.c3","c15.c14.c4.c4","c15.c14.c5.c5","c15.c14.c6.c6","c15.c14.c7.c7","c15.c14.c8.c8","c15.c14.c9.c9","c2.c1.c0.c0","c2.c1.c1.c2","c2.c1.c10.c10","c2.c1.c11.c11","c2.c1.c12.c12","c2.c1.c13.c13","c2.c1.c14.c14","c2.c1.c15.c15","c2.c1.c2.c1","c2.c1.c3.c3","c2.c1.c4.c4","c2.c1.c5.c5","c2.c1.c6.c6","c2.c1.c7.c7","c2.c1.c8.c8","c2.c1.c9.c9","c2.c3.c0.c0","c2.c3.c1.c1","c2.c3.c10.c10","c2.c3.c11.c11","c2.c3.c12.c12","c2.c3.c13.c13","c2.c3.c14.c14","c2.c3.c15.c15","c2.c3.c2.c3","c2.c3.c3.c2","c2.c3.c4.c4","c2.c3.c5.c5","c2.c3.c6.c6","c2.c3.c7.c7","c2.c3.c8.c8","c2.c3.c9.c9","c2.c6.c0.c0","c2.c6.c1.c1","c2.c6.c10.c10","c2.c6.c11.c11","c2.c6.c12.c12","c2.c6.c13.c13","c2.c6.c14.c14","c2.c6.c15.c15","c2.c6.c2.c6","c2.c6.c3.c3","c2.c6.c4.c4","c2.c6.c5.c5","c2.c6.c6.c2","c2.c6.c7.c7","c2.c6.c8.c8","c2.c6.c9.c9","c3.c2.c0.c0","c3.c2.c1.c1","c3.c2.c10.c10","c3.c2.c11.c11","c3.c2.c12.c12","c3.c2.c13.c13","c3.c2.c14.c14","c3.c2.c15.c15","c3.c2.c2.c3","c3.c2.c3.c2","c3.c2.c4.c4","c3.c2.c5.c5","c3.c2.c6.c6","c3.c2.c7.c7","c3.c2.c8.c8","c3.c2.c9.c9","c3.c7.c0.c0","c3.c7.c1.c1","c3.c7.c10.c10","c3.c7.c11.c11","c3.c7.c12.c12","c3.c7.c13.c13","c3.c7.c14.c14","c3.c7.c15.c15","c3.c7.c2.c2","c3.c7.c3.c7","c3.c7.c4.c4","c3.c7.c5.c5","c3.c7.c6.c6","c3.c7.c7.c3","c3.c7.c8.c8","c3.c7.c9.c9","c4.c0.c0.c4","c4.c0.c1.c1","c4.c0.c10.c10","c4.c0.c11.c11","c4.c0.c12.c12","c4.c0.c13.c13","c4.c0.c14.c14","c4.c0.c15.c15","c4.c0.c2.c2","c4.c0.c3.c3","c4.c0.c4.c0","c4.c0.c5.c5","c4.c0.c6.c6","c4.c0.c7.c7","c4.c0.c8.c8","c4.c0.c9.c9","c4.c5.c0.c0","c4.c5.c1.c1","c4.c5.c10.c10","c4.c5.c11.c11","c4.c5.c12.c12","c4.c5.c13.c13","c4.c5.c14.c14","c4.c5.c15.c15","c4.c5.c2.c2","c4.c5.c3.c3","c4.c5.c4.c5","c4.c5.c5.c4","c4.c5.c6.c6","c4.c5.c7.c7","c4.c5.c8.c8","c4.c5.c9.c9","c4.c8.c0.c0","c4.c8.c1.c1","c4.c8.c10.c10","c4.c8.c11.c11","c4.c8.c12.c12","c4.c8.c13.c13","c4.c8.c14.c14","c4.c8.c15.c15","c4.c8.c2.c2","c4.c8.c3.c3","c4.c8.c4.c8","c4.c8.c5.c5","c4.c8.c6.c6","c4.c8.c7.c7","c4.c8.c8.c4","c4.c8.c9.c9","c5.c1.c0.c0","c5.c1.c1.c5","c5.c1.c10.c10","c5.c1.c11.c11","c5.c1.c12.c12","c5.c1.c13.c13","c5.c1.c14.c14","c5.c1.c15.c15","c5.c1.c2.c2","c5.c1.c3.c3","c5.c1.c4.c4","c5.c1.c5.c1","c5.c1.c6.c6","c5.c1.c7.c7","c5.c1.c8.c8","c5.c1.c9.c9","c5.c4.c0.c0","c5.c4.c1.c1","c5.c4.c10.c10","c5.c4.c11.c11","c5.c4.c12.c12","c5.c4.c13.c13","c5.c4.c14.c14","c5.c4.c15.c15","c5.c4.c2.c2","c5.c4.c3.c3","c5.c4.c4.c5","c5.c4.c5.c4","c5.c4.c6.c6","c5.c4.c7.c7","c5.c4.c8.c8","c5.c4.c9.c9","c5.c6.c0.c0","c5.c6.c1.c1","c5.c6.c10.c10","c5.c6.c11.c11","c5.c6.c12.c12","c5.c6.c13.c13","c5.c6.c14.c14","c5.c6.c15.c15","c5.c6.c2.c2","c5.c6.c3.c3","c5.c6.c4.c4","c5.c6.c5.c6","c5.c6.c6.c5","c5.c6.c7.c7","c5.c6.c8.c8","c5.c6.c9.c9","c5.c9.c0.c0","c5.c9.c1.c1","c5.c9.c10.c10","c5.c9.c11.c11","c5.c9.c12.c12","c5.c9.c13.c13","c5.c9.c14.c14","c5.c9.c15.c15","c5.c9.c2.c2","c5.c9.c3.c3","c5.c9.c4.c4","c5.c9.c5.c9","c5.c9.c6.c6","c5.c9.c7.c7","c5.c9.c8.c8","c5.c9.c9.c5","c6.c10.c0.c0","c6.c10.c1.c1","c6.c10.c10.c6","c6.c10.c11.c11","c6.c10.c12.c12","c6.c10.c13.c13","c6.c10.c14.c14","c6.c10.c15.c15","c6.c10.c2.c2","c6.c10.c3.c3","c6.c10.c4.c4","c6.c10.c5.c5","c6.c10.c6.c10","c6.c10.c7.c7","c6.c10.c8.c8","c6.c10.c9.c9","c6.c2.c0.c0","c6.c2.c1.c1","c6.c2.c10.c10","c6.c2.c11.c11","c6.c2.c12.c12","c6.c2.c13.c13","c6.c2.c14.c14","c6.c2.c15.c15","c6.c2.c2.c6","c6.c2.c3.c3","c6.c2.c4.c4","c6.c2.c5.c5","c6.c2.c6.c2","c6.c2.c7.c7","c6.c2.c8.c8","c6.c2.c9.c9","c6.c5.c0.c0","c6.c5.c1.c1","c6.c5.c10.c10","c6.c5.c11.c11","c6.c5.c12.c12","c6.c5.c13.c13","c6.c5.c14.c14","c6.c5.c15.c15","c6.c5.c2.c2","c6.c5.c3.c3","c6.c5.c4.c4","c6.c5.c5.c6","c6.c5.c6.c5","c6.c5.c7.c7","c6.c5.c8.c8","c6.c5.c9.c9","c6.c7.c0.c0","c6.c7.c1.c1","c6.c7.c10.c10","c6.c7.c11.c11","c6.c7.c12.c12","c6.c7.c13.c13","c6.c7.c14.c14","c6.c7.c15.c15","c6.c7.c2.c2","c6.c7.c3.c3","c6.c7.c4.c4","c6.c7.c5.c5","c6.c7.c6.c7","c6.c7.c7.c6","c6.c7.c8.c8","c6.c7.c9.c9","c7.c11.c0.c0","c7.c11.c1.c1","c7.c11.c10.c10","c7.c11.c11.c7","c7.c11.c12.c12","c7.c11.c13.c13","c7.c11.c14.c14","c7.c11.c15.c15","c7.c11.c2.c2","c7.c11.c3.c3","c7.c11.c4.c4","c7.c11.c5.c5","c7.c11.c6.c6","c7.c11.c7.c11","c7.c11.c8.c8","c7.c11.c9.c9","c7.c3.c0.c0","c7.c3.c1.c1","c7.c3.c10.c10","c7.c3.c11.c11","c7.c3.c12.c12","c7.c3.c13.c13","c7.c3.c14.c14","c7.c3.c15.c15","c7.c3.c2.c2","c7.c3.c3.c7","c7.c3.c4.c4","c7.c3.c5.c5","c7.c3.c6.c6","c7.c3.c7.c3","c7.c3.c8.c8","c7.c3.c9.c9","c7.c6.c0.c0","c7.c6.c1.c1","c7.c6.c10.c10","c7.c6.c11.c11","c7.c6.c12.c12","c7.c6.c13.c13","c7.c6.c14.c14","c7.c6.c15.c15","c7.c6.c2.c2","c7.c6.c3.c3","c7.c6.c4.c4","c7.c6.c5.c5","c7.c6.c6.c7","c7.c6.c7.c6","c7.c6.c8.c8","c7.c6.c9.c9","c8.c12.c0.c0","c8.c12.c1.c1","c8.c12.c10.c10","c8.c12.c11.c11","c8.c12.c12.c8","c8.c12.c13.c13","c8.c12.c14.c14","c8.c12.c15.c15","c8.c12.c2.c2","c8.c12.c3.c3","c8.c12.c4.c4","c8.c12.c5.c5","c8.c12.c6.c6","c8.c12.c7.c7","c8.c12.c8.c12","c8.c12.c9.c9","c8.c4.c0.c0","c8.c4.c1.c1","c8.c4.c10.c10","c8.c4.c11.c11","c8.c4.c12.c12","c8.c4.c13.c13","c8.c4.c14.c14","c8.c4.c15.c15","c8.c4.c2.c2","c8.c4.c3.c3","c8.c4.c4.c8","c8.c4.c5.c5","c8.c4.c6.c6","c8.c4.c7.c7","c8.c4.c8.c4","c8.c4.c9.c9","c8.c9.c0.c0","c8.c9.c1.c1","c8.c9.c10.c10","c8.c9.c11.c11","c8.c9.c12.c12","c8.c9.c13.c13","c8.c9.c14.c14","c8.c9.c15.c15","c8.c9.c2.c2","c8.c9.c3.c3","c8.c9.c4.c4","c8.c9.c5.c5","c8.c9.c6.c6","c8.c9.c7.c7","c8.c9.c8.c9","c8.c9.c9.c8","c9.c10.c0.c0","c9.c10.c1.c1","c9.c10.c10.c9","c9.c10.c11.c11","c9.c10.c12.c12","c9.c10.c13.c13","c9.c10.c14.c14","c9.c10.c15.c15","c9.c10.c2.c2","c9.c10.c3.c3","c9.c10.c4.c4","c9.c10.c5.c5","c9.c10.c6.c6","c9.c10.c7.c7","c9.c10.c8.c8","c9.c10.c9.c10","c9.c13.c0.c0","c9.c13.c1.c1","c9.c13.c10.c10","c9.c13.c11.c11","c9.c13.c12.c12","c9.c13.c13.c9","c9.c13.c14.c14","c9.c13.c15.c15","c9.c13.c2.c2","c9.c13.c3.c3","c9.c13.c4.c4","c9.c13.c5.c5","c9.c13.c6.c6","c9.c13.c7.c7","c9.c13.c8.c8","c9.c13.c9.c13","c9.c5.c0.c0","c9.c5.c1.c1","c9.c5.c10.c10","c9.c5.c11.c11","c9.c5.c12.c12","c9.c5.c13.c13","c9.c5.c14.c14","c9.c5.c15.c15","c9.c5.c2.c2","c9.c5.c3.c3","c9.c5.c4.c4","c9.c5.c5.c9","c9.c5.c6.c6","c9.c5.c7.c7","c9.c5.c8.c8","c9.c5.c9.c5","c9.c8.c0.c0","c9.c8.c1.c1","c9.c8.c10.c10","c9.c8.c11.c11","c9.c8.c12.c12","c9.c8.c13.c13","c9.c8.c14.c14","c9.c8.c15.c15","c9.c8.c2.c2","c9.c8.c3.c3","c9.c8.c4.c4","c9.c8.c5.c5","c9.c8.c6.c6","c9.c8.c7.c7","c9.c8.c8.c9","c9.c8.c9.c8"]),Concat(Concat(Deref("#p0"),Deref("#p36")),Deref("#p0"))),"#p38","#s39",Call("collapse",Deref("#p38");,Mention("#s37"))))))))))))))))))))
T	ee6e161f6487	Unwrap(Literal(["c0.c1.c0.c1","c0.c1.c1.c0","c0.c1.c10.c10","c0.c1.c11.c11","c0.c1.c12.c12","c0.c1.c13.c13","c0.c1.c14.c14","c0.c1.c15.c15","c0.c1.c2.c2","c0.c1.c3.c3","c0.c1.c4.c4","c0.c1.c5.c5","c0.c1.c6.c6","c0.c1.c7.c7","c0.c1.c8.c8","c0.c1.c9.c9","c0.c4.c0.c4","c0.c4.c1.c1","c0.c4.c10.c10","c0.c4.c11.c11","c0.c4.c12.c12","c0.c4.c13.c13","c0.c4.c14.c14","c0.c4.c15.c15","c0.c4.c2.c2","c0.c4.c3.c3","c0.c4.c4.c0","c0.c4.c5.c5","c0.c4.c6.c6","c0.c4.c7.c7","c0.c4.c8.c8","c0.c4.c9.c9","c1.c0.c0.c1","c1.c0.c1.c0","c1.c0.c10.c10","c1.c0.c11.c11","c1.c0.c12.c12","c1.c0.c13.c13","c1.c0.c14.c14","c1.c0.c15.c15","c1.c0.c2.c2","c1.c0.c3.c3","c1.c0.c4.c4","c1.c0.c5.c5","c1.c0.c6.c6","c1.c0.c7.c7","c1.c0.c8.c8","c1.c0.c9.c9","c1.c2.c0.c0","c1.c2.c1.c2","c1.c2.c10.c10","c1.c2.c11.c11","c1.c2.c12.c12","c1.c2.c13.c13","c1.c2.c14.c14","c1.c2.c15.c15","c1.c2.c2.c1","c1.c2.c3.c3","c1.c2.c4.c4","c1.c2.c5.c5","c1.c2.c6.c6","c1.c2.c7.c7","c1.c2.c8.c8","c1.c2.c9.c9","c1.c5.c0.c0","c1.c5.c1.c5","c1.c5.c10.c10","c1.c5.c11.c11","c1.c5.c12.c12","c1.c5.c13.c13","c1.c5.c14.c14","c1.c5.c15.c15","c1.c5.c2.c2","c1.c5.c3.c3","c1.c5.c4.c4","c1.c5.c5.c1","c1.c5.c6.c6","c1.c5.c7.c7","c1.c5.c8.c8","c1.c5.c9.c9","c10.c11.c0.c0","c10.c11.c1.c1","c10.c11.c10.c11","c10.c11.c11.c10","c10.c11.c12.c12","c10.c11.c13.c13","c10.c11.c14.c14","c10.c11.c15.c15","c10.c11.c2.c2","c10.c11.c3.c3","c10.c11.c4.c4","c10.c11.c5.c5","c10.c11.c6.c6","c10.c11.c7.c7","c10.c11.c8.c8","c10.c11.c9.c9","c10.c14.c0.c0","c10.c14.c1.c1","c10.c14.c10.c14","c10.c14.c11.c11","c10.c14.c12.c12","c10.c14.c13.c13","c10.c14.c14.c10","c10.c14.c15.c15","c10.c14.c2.c2","c10.c14.c3.c3","c10.c14.c4.c4","c10.c14.c5.c5","c10.c14.c6.c6","c10.c14.c7.c7","c10.c14.c8.c8","c10.c14.c9.c9","c10.c6.c0.c0","c10.c6.c1.c1","c10.c6.c10.c6","c10.c6.c11.c11","c10.c6.c12.c12","c10.c6.c13.c13","c10.c6.c14.c14","c10.c6.c15.c15","c10.c6.c2.c2","c10.c6.c3.c3","c10.c6.c4.c4","c10.c6.c5.c5","c10.c6.c6.c10","c10.c6.c7.c7","c10.c6.c8.c8","c10.c6.c9.c9","c10.c9.c0.c0","c10.c9.c1.c1","c10.c9.c10.c9","c10.c9.c11.c11","c10.c9.c12.c12","c10.c9.c13.c13","c10.c9.c14.c14","c10.c9.c15.c15","c10.c9.c2.c2","c10.c9.c3.c3","c10.c9.c4.c4","c10.c9.c5.c5","c10.c9.c6.c6","c10.c9.c7.c7","c10.c9.c8.c8","c10.c9.c9.c10","c11.c10.c0.c0","c11.c10.c1.c1","c11.c10.c10.c11","c11.c10.c11.c10","c11.c10.c12.c12","c11.c10.c13.c13","c11.c10.c14.c14","c11.c10.c15.c15","c11.c10.c2.c2","c11.c10.c3.c3","c11.c10.c4.c4","c11.c10.c5.c5","c11.c10.c6.c6","c11.c10.c7.c7","c11.c10.c8.c8","c11.c10.c9.c9","c11.c15.c0.c0","c11.c15.c1.c1","c11.c15.c10.c10","c11.c15.c11.c15","c11.c15.c12.c12","c11.c15.c13.c13","c11.c15.c14.c14","c11.c15.c15.c11","c11.c15.c2.c2","c11.c15.c3.c3","c11.c15.c4.c4","c11.c15.c5.c5","c11.c15.c6.c6","c11.c15.c7.c7","c11.c15.c8.c8","c11.c15.c9.c9","c11.c7.c0.c0","c11.c7.c1.c1","c11.c7.c10.c10","c11.c7.c11.c7","c11.c7.c12.c12","c11.c7.c13.c13","c11.c7.c14.c14","c11.c7.c15.c15","c11.c7.c2.c2","c11.c7.c3.c3","c11.c7.c4.c4","c11.c7.c5.c5","c11.c7.c6.c6","c11.c7.c7.c11","c11.c7.c8.c8","c11.c7.c9.c9","c12.c13.c0.c0","c12.c13.c1.c1","c12.c13.c10.c10","c12.c13.c11.c11","c12.c13.c12.c13","c12.c13.c13.c12","c12.c13.c14.c14","c12.c13.c15.c15","c12.c13.c2.c2","c12.c13.c3.c3","c12.c13.c4.c4","c12.c13.c5.c5","c12.c13.c6.c6","c12.c13.c7.c7","c12.c13.c8.c8","c12.c13.c9.c9","c12.c8.c0.c0","c12.c8.c1.c1","c12.c8.c10.c10","c12.c8.c11.c11","c12.c8.c12.c8","c12.c8.c13.c13","c12.c8.c14.c14","c12.c8.c15.c15","c12.c8.c2.c2","c12.c8.c3.c3","c12.c8.c4.c4","c12.c8.c5.c5","c12.c8.c6.c6","c12.c8.c7.c7","c12.c8.c8.c12","c12.c8.c9.c9","c13.c12.c0.c0","c13.c12.c1.c1","c13.c12.c10.c10","c13.c12.c11.c11","c13.c12.c12.c13","c13.c12.c13.c12","c13.c12.c14.c14","c13.c12.c15.c15","c13.c12.c2.c2","c13.c12.c3.c3","c13.c12.c4.c4","c13.c12.c5.c5","c13.c12.c6.c6","c13.c12.c7.c7","c13.c12.c8.c8","c13.c12.c9.c9","c13.c14.c0.c0","c13.c14.c1.c1","c13.c14.c10.c10","c13.c14.c11.c11","c13.c14.c12.c12","c13.c14.c13.c14","c13.c14.c14.c13","c13.c14.c15.c15","c13.c14.c2.c2","c13.c14.c3.c3","c13.c14.c4.c4","c13.c14.c5.c5","c13.c14.c6.c6","c13.c14.c7.c7","c13.c14.c8.c8","c13.c14.c9.c9","c13.c9.c0.c0","c13.c9.c1.c1","c13.c9.c10.c10","c13.c9.c11.c11","c13.c9.c12.c12","c13.c9.c13.c9","c13.c9.c14.c14","c13.c9.c15.c15","c13.c9.c2.c2","c13.c9.c3.c3","c13.c9.c4.c4","c13.c9.c5.c5","c13.c9.c6.c6","c13.c9.c7.c7","c13.c9.c8.c8","c13.c9.c9.c13","c14.c10.c0.c0","c14.c10.c1.c1","c14.c10.c10.c14","c14.c10.c11.c11","c14.c10.c12.c12","c14.c10.c13.c13","c14.c10.c14.c10","c14.c10.c15.c15","c14.c10.c2.c2","c14.c10.c3.c3","c14.c10.c4.c4","c14.c10.c5.c5","c14.c10.c6.c6","c14.c10.c7.c7","c14.c10.c8.c8","c14.c10.c9.c9","c14.c13.c0.c0","c14.c13.c1.c1","c14.c13.c10.c10","c14.c13.c11.c11","c14.c13.c12.c12","c14.c13.c13.c14","c14.c13.c14.c13","c14.c13.c15.c15","c14.c13.c2.c2","c14.c13.c3.c3","c14.c13.c4.c4","c14.c13.c5.c5","c14.c13.c6.c6","c14.c13.c7.c7","c14.c13.c8.c8","c14.c13.c9.c9","c14.c15.c0.c0","c14.c15.c1.c1","c14.c15.c10.c10","c14.c15.c11.c11","c14.c15.c12.c12","c14.c15.c13.c13","c14.c15.c14.c15","c14.c15.c15.c14","c14.c15.c2.c2","c14.c15.c3.c3","c14.c15.c4.c4","c14.c15.c5.c5","c14.c15.c6.c6","c14.c15.c7.c7","c14.c15.c8.c8","c14.c15.c9.c9","c15.c11.c0.c0","c15.c11.c1.c1","c15.c11.c10.c10","c15.c11.c11.c15","c15.c11.c12.c12","c15.c11.c13.c13","c15.c11.c14.c14","c15.c11.c15.c11","c15.c11.c2.c2","c15.c11.c3.c3","c15.c11.c4.c4","c15.c11.c5.c5","c15.c11.c6.c6","c15.c11.c7.c7","c15.c11.c8.c8","c15.c11.c9.c9","c15.c14.c0.c0","c15.c14.c1.c1","c15.c14.c10.c10","c15.c14.c11.c11","c15.c14.c12.c12","c15.c14.c13.c13","c15.c14.c14.c15","c15.c14.c15.c14","c15.c14.c2.c2","c15.c14.c3.c3","c15.c14.c4.c4","c15.c14.c5.c5","c15.c14.c6.c6","c15.c14.c7.c7","c15.c14.c8.c8","c15.c14.c9.c9","c2.c1.c0.c0","c2.c1.c1.c2","c2.c1.c10.c10","c2.c1.c11.c11","c2.c1.c12.c12","c2.c1.c13.c13","c2.c1.c14.c14","c2.c1.c15.c15","c2.c1.c2.c1","c2.c1.c3.c3","c2.c1.c4.c4","c2.c1.c5.c5","c2.c1.c6.c6","c2.c1.c7.c7","c2.c1.c8.c8","c2.c1.c9.c9","c2.c3.c0.c0","c2.c3.c1.c1","c2.c3.c10.c10","c2.c3.c11.c11","c2.c3.c12.c12","c2.c3.c13.c13","c2.c3.c14.c14","c2.c3.c15.c15","c2.c3.c2.c3","c2.c3.c3.c2","c2.c3.c4.c4","c2.c3.c5.c5","c2.c3.c6.c6","c2.c3.c7.c7","c2.c3.c8.c8","c2.c3.c9.c9","c2.c6.c0.c0","c2.c6.c1.c1","c2.c6.c10.c10","c2.c6.c11.c11","c2.c6.c12.c12","c2.c6.c13.c13","c2.c6.c14.c14","c2.c6.c15.c15","c2.c6.c2.c6","c2.c6.c3.c3","c2.c6.c4.c4","c2.c6.c5.c5","c2.c6.c6.c2","c2.c6.c7.c7","c2.c6.c8.c8","c2.c6.c9.c9","c3.c2.c0.c0","c3.c2.c1.c1","c3.c2.c10.c10","c3.c2.c11.c11","c3.c2.c12.c12","c3.c2.c13.c13","c3.c2.c14.c14","c3.c2.c15.c15","c3.c2.c2.c3","c3.c2.c3.c2","c3.c2.c4.c4","c3.c2.c5.c5","c3.c2.c6.c6","c3.c2.c7.c7","c3.c2.c8.c8","c3.c2.c9.c9","c3.c7.c0.c0","c3.c7.c1.c1","c3.c7.c10.c10","c3.c7.c11.c11","c3.c7.c12.c12","c3.c7.c13.c13","c3.c7.c14.c14","c3.c7.c15.c15","c3.c7.c2.c2","c3.c7.c3.c7","c3.c7.c4.c4","c3.c7.c5.c5","c3.c7.c6.c6","c3.c7.c7.c3","c3.c7.c8.c8","c3.c7.c9.c9","c4.c0.c0.c4","c4.c0.c1.c1","c4.c0.c10.c10","c4.c0.c11.c11","c4.c0.c12.c12","c4.c0.c13.c13","c4.c0.c14.c14","c4.c0.c15.c15","c4.c0.c2.c2","c4.c0.c3.c3","c4.c0.c4.c0","c4.c0.c5.c5","c4.c0.c6.c6","c4.c0.c7.c7","c4.c0.c8.c8","c4.c0.c9.c9","c4.c5.c0.c0","c4.c5.c1.c1","c4.c5.c10.c10","c4.c5.c11.c11","c4.c5.c12.c12","c4.c5.c13.c13","c4.c5.c14.c14","c4.c5.c15.c15","c4.c5.c2.c2","c4.c5.c3.c3","c4.c5.c4.c5","c4.c5.c5.c4","c4.c5.c6.c6","c4.c5.c7.c7","c4.c5.c8.c8","c4.c5.c9.c9","c4.c8.c0.c0","c4.c8.c1.c1","c4.c8.c10.c10","c4.c8.c11.c11","c4.c8.c12.c12","c4.c8.c13.c13","c4.c8.c14.c14","c4.c8.c15.c15","c4.c8.c2.c2","c4.c8.c3.c3","c4.c8.c4.c8","c4.c8.c5.c5","c4.c8.c6.c6","c4.c8.c7.c7","c4.c8.c8.c4","c4.c8.c9.c9","c5.c1.c0.c0","c5.c1.c1.c5","c5.c1.c10.c10","c5.c1.c11.c11","c5.c1.c12.c12","c5.c1.c13.c13","c5.c1.c14.c14","c5.c1.c15.c15","c5.c1.c2.c2","c5.c1.c3.c3","c5.c1.c4.c4","c5.c1.c5.c1","c5.c1.c6.c6","c5.c1.c7.c7","c5.c1.c8.c8","c5.c1.c9.c9","c5.c4.c0.c0","c5.c4.c1.c1","c5.c4.c10.c10","c5.c4.c11.c11","c5.c4.c12.c12","c5.c4.c13.c13","c5.c4.c14.c14","c5.c4.c15.c15","c5.c4.c2.c2","c5.c4.c3.c3","c5.c4.c4.c5","c5.c4.c5.c4","c5.c4.c6.c6","c5.c4.c7.c7","c5.c4.c8.c8","c5.c4.c9.c9","c5.c6.c0.c0","c5.c6.c1.c1","c5.c6.c10.c10","c5.c6.c11.c11","c5.c6.c12.c12","c5.c6.c13.c13","c5.c6.c14.c14","c5.c6.c15.c15","c5.c6.c2.c2","c5.c6.c3.c3","c5.c6.c4.c4","c5.c6.c5.c6","c5.c6.c6.c5","c5.c6.c7.c7","c5.c6.c8.c8","c5.c6.c9.c9","c5.c9.c0.c0","c5.c9.c1.c1","c5.c9.c10.c10","c5.c9.c11.c11","c5.c9.c12.c12","c5.c9.c13.c13","c5.c9.c14.c14","c5.c9.c15.c15","c5.c9.c2.c2","c5.c9.c3.c3","c5.c9.c4.c4","c5.c9.c5.c9","c5.c9.c6.c6","c5.c9.c7.c7","c5.c9.c8.c8","c5.c9.c9.c5","c6.c10.c0.c0","c6.c10.c1.c1","c6.c10.c10.c6","c6.c10.c11.c11","c6.c10.c12.c12","c6.c10.c13.c13","c6.c10.c14.c14","c6.c10.c15.c15","c6.c10.c2.c2","c6.c10.c3.c3","c6.c10.c4.c4","c6.c10.c5.c5","c6.c10.c6.c10","c6.c10.c7.c7","c6.c10.c8.c8","c6.c10.c9.c9","c6.c2.c0.c0","c6.c2.c1.c1","c6.c2.c10.c10","c6.c2.c11.c11","c6.c2.c12.c12","c6.c2.c13.c13","c6.c2.c14.c14","c6.c2.c15.c15","c6.c2.c2.c6","c6.c2.c3.c3","c6.c2.c4.c4","c6.c2.c5.c5","c6.c2.c6.c2","c6.c2.c7.c7","c6.c2.c8.c8","c6.c2.c9.c9","c6.c5.c0.c0","c6.c5.c1.c1","c6.c5.c10.c10","c6.c5.c11.c11","c6.c5.c12.c12","c6.c5.c13.c13","c6.c5.c14.c14","c6.c5.c15.c15","c6.c5.c2.c2","c6.c5.c3.c3","c6.c5.c4.c4","c6.c5.c5.c6","c6.c5.c6.c5","c6.c5.c7.c7","c6.c5.c8.c8","c6.c5.c9.c9","c6.c7.c0.c0","c6.c7.c1.c1","c6.c7.c10.c10","c6.c7.c11.c11","c6.c7.c12.c12","c6.c7.c13.c13","c6.c7.c14.c14","c6.c7.c15.c15","c6.c7.c2.c2","c6.c7.c3.c3","c6.c7.c4.c4","c6.c7.c5.c5","c6.c7.c6.c7","c6.c7.c7.c6","c6.c7.c8.c8","c6.c7.c9.c9","c7.c11.c0.c0","c7.c11.c1.c1","c7.c11.c10.c10","c7.c11.c11.c7","c7.c11.c12.c12","c7.c11.c13.c13","c7.c11.c14.c14","c7.c11.c15.c15","c7.c11.c2.c2","c7.c11.c3.c3","c7.c11.c4.c4","c7.c11.c5.c5","c7.c11.c6.c6","c7.c11.c7.c11","c7.c11.c8.c8","c7.c11.c9.c9","c7.c3.c0.c0","c7.c3.c1.c1","c7.c3.c10.c10","c7.c3.c11.c11","c7.c3.c12.c12","c7.c3.c13.c13","c7.c3.c14.c14","c7.c3.c15.c15","c7.c3.c2.c2","c7.c3.c3.c7","c7.c3.c4.c4","c7.c3.c5.c5","c7.c3.c6.c6","c7.c3.c7.c3","c7.c3.c8.c8","c7.c3.c9.c9","c7.c6.c0.c0","c7.c6.c1.c1","c7.c6.c10.c10","c7.c6.c11.c11","c7.c6.c12.c12","c7.c6.c13.c13","c7.c6.c14.c14","c7.c6.c15.c15","c7.c6.c2.c2","c7.c6.c3.c3","c7.c6.c4.c4","c7.c6.c5.c5","c7.c6.c6.c7","c7.c6.c7.c6","c7.c6.c8.c8","c7.c6.c9.c9","c8.c12.c0.c0","c8.c12.c1.c1","c8.c12.c10.c10","c8.c12.c11.c11","c8.c12.c12.c8","c8.c12.c13.c13","c8.c12.c14.c14","c8.c12.c15.c15","c8.c12.c2.c2","c8.c12.c3.c3","c8.c12.c4.c4","c8.c12.c5.c5","c8.c12.c6.c6","c8.c12.c7.c7","c8.c12.c8.c12","c8.c12.c9.c9","c8.c4.c0.c0","c8.c4.c1.c1","c8.c4.c10.c10","c8.c4.c11.c11","c8.c4.c12.c12","c8.c4.c13.c13","c8.c4.c14.c14","c8.c4.c15.c15","c8.c4.c2.c2","c8.c4.c3.c3","c8.c4.c4.c8","c8.c4.c5.c5","c8.c4.c6.c6","c8.c4.c7.c7","c8.c4.c8.c4","c8.c4.c9.c9","c8.c9.c0.c0","c8.c9.c1.c1","c8.c9.c10.c10","c8.c9.c11.c11","c8.c9.c12.c12","c8.c9.c13.c13","c8.c9.c14.c14","c8.c9.c15.c15","c8.c9.c2.c2","c8.c9.c3.c3","c8.c9.c4.c4","c8.c9.c5.c5","c8.c9.c6.c6","c8.c9.c7.c7","c8.c9.c8.c9","c8.c9.c9.c8","c9.c10.c0.c0","c9.c10.c1.c1","c9.c10.c10.c9","c9.c10.c11.c11","c9.c10.c12.c12","c9.c10.c13.c13","c9.c10.c14.c14","c9.c10.c15.c15","c9.c10.c2.c2","c9.c10.c3.c3","c9.c10.c4.c4","c9.c10.c5.c5","c9.c10.c6.c6","c9.c10.c7.c7","c9.c10.c8.c8","c9.c10.c9.c10","c9.c13.c0.c0","c9.c13.c1.c1","c9.c13.c10.c10","c9.c13.c11.c11","c9.c13.c12.c12","c9.c13.c13.c9","c9.c13.c14.c14","c9.c13.c15.c15","c9.c13.c2.c2","c9.c13.c3.c3","c9.c13.c4.c4","c9.c13.c5.c5","c9.c13.c6.c6","c9.c13.c7.c7","c9.c13.c8.c8","c9.c13.c9.c13","c9.c5.c0.c0","c9.c5.c1.c1","c9.c5.c10.c10","c9.c5.c11.c11","c9.c5.c12.c12","c9.c5.c13.c13","c9.c5.c14.c14","c9.c5.c15.c15","c9.c5.c2.c2","c9.c5.c3.c3","c9.c5.c4.c4","c9.c5.c5.c9","c9.c5.c6.c6","c9.c5.c7.c7","c9.c5.c8.c8","c9.c5.c9.c5","c9.c8.c0.c0","c9.c8.c1.c1","c9.c8.c10.c10","c9.c8.c11.c11","c9.c8.c12.c12","c9.c8.c13.c13","c9.c8.c14.c14","c9.c8.c15.c15","c9.c8.c2.c2","c9.c8.c3.c3","c9.c8.c4.c4","c9.c8.c5.c5","c9.c8.c6.c6","c9.c8.c7.c7","c9.c8.c8.c9","c9.c8.c9.c8"]),Concat(Concat(Deref("q"),Deref("act")),Deref("q")))
T	eb440835897a	Unwrap(Unwrap(Literal(["c0.c1.c0.c1","c0.c1.c1.c0","c0.c1.c10.c10","c0.c1.c11.c11","c0.c1.c12.c12","c0.c1.c13.c13","c0.c1.c14.c14","c0.c1.c15.c15","c0.c1.c2.c2","c0.c1.c3.c3","c0.c1.c4.c4","c0.c1.c5.c5","c0.c1.c6.c6","c0.c1.c7.c7","c0.c1.c8.c8","c0.c1.c9.c9","c0.c4.c0.c4","c0.c4.c1.c1","c0.c4.c10.c10","c0.c4.c11.c11","c0.c4.c12.c12","c0.c4.c13.c13","c0.c4.c14.c14","c0.c4.c15.c15","c0.c4.c2.c2","c0.c4.c3.c3","c0.c4.c4.c0","c0.c4.c5.c5","c0.c4.c6.c6","c0.c4.c7.c7","c0.c4.c8.c8","c0.c4.c9.c9","c1.c0.c0.c1","c1.c0.c1.c0","c1.c0.c10.c10","c1.c0.c11.c11","c1.c0.c12.c12","c1.c0.c13.c13","c1.c0.c14.c14","c1.c0.c15.c15","c1.c0.c2.c2","c1.c0.c3.c3","c1.c0.c4.c4","c1.c0.c5.c5","c1.c0.c6.c6","c1.c0.c7.c7","c1.c0.c8.c8","c1.c0.c9.c9","c1.c2.c0.c0","c1.c2.c1.c2","c1.c2.c10.c10","c1.c2.c11.c11","c1.c2.c12.c12","c1.c2.c13.c13","c1.c2.c14.c14","c1.c2.c15.c15","c1.c2.c2.c1","c1.c2.c3.c3","c1.c2.c4.c4","c1.c2.c5.c5","c1.c2.c6.c6","c1.c2.c7.c7","c1.c2.c8.c8","c1.c2.c9.c9","c1.c5.c0.c0","c1.c5.c1.c5","c1.c5.c10.c10","c1.c5.c11.c11","c1.c5.c12.c12","c1.c5.c13.c13","c1.c5.c14.c14","c1.c5.c15.c15","c1.c5.c2.c2","c1.c5.c3.c3","c1.c5.c4.c4","c1.c5.c5.c1","c1.c5.c6.c6","c1.c5.c7.c7","c1.c5.c8.c8","c1.c5.c9.c9","c10.c11.c0.c0","c10.c11.c1.c1","c10.c11.c10.c11","c10.c11.c11.c10","c10.c11.c12.c12","c10.c11.c13.c13","c10.c11.c14.c14","c10.c11.c15.c15","c10.c11.c2.c2","c10.c11.c3.c3","c10.c11.c4.c4","c10.c11.c5.c5","c10.c11.c6.c6","c10.c11.c7.c7","c10.c11.c8.c8","c10.c11.c9.c9","c10.c14.c0.c0","c10.c14.c1.c1","c10.c14.c10.c14","c10.c14.c11.c11","c10.c14.c12.c12","c10.c14.c13.c13","c10.c14.c14.c10","c10.c14.c15.c15","c10.c14.c2.c2","c10.c14.c3.c3","c10.c14.c4.c4","c10.c14.c5.c5","c10.c14.c6.c6","c10.c14.c7.c7","c10.c14.c8.c8","c10.c14.c9.c9","c10.c6.c0.c0","c10.c6.c1.c1","c10.c6.c10.c6","c10.c6.c11.c11","c10.c6.c12.c12","c10.c6.c13.c13","c10.c6.c14.c14","c10.c6.c15.c15","c10.c6.c2.c2","c10.c6.c3.c3","c10.c6.c4.c4","c10.c6.c5.c5","c10.c6.c6.c10","c10.c6.c7.c7","c10.c6.c8.c8","c10.c6.c9.c9","c10.c9.c0.c0","c10.c9.c1.c1","c10.c9.c10.c9","c10.c9.c11.c11","c10.c9.c12.c12","c10.c9.c13.c13","c10.c9.c14.c14","c10.c9.c15.c15","c10.c9.c2.c2","c10.c9.c3.c3","c10.c9.c4.c4","c10.c9.c5.c5","c10.c9.c6.c6","c10.c9.c7.c7","c10.c9.c8.c8","c10.c9.c9.c10","c11.c10.c0.c0","c11.c10.c1.c1","c11.c10.c10.c11","c11.c10.c11.c10","c11.c10.c12.c12","c11.c10.c13.c13","c11.c10.c14.c14","c11.c10.c15.c15","c11.c10.c2.c2","c11.c10.c3.c3","c11.c10.c4.c4","c11.c10.c5.c5","c11.c10.c6.c6","c11.c10.c7.c7","c11.c10.c8.c8","c11.c10.c9.c9","c11.c15.c0.c0","c11.c15.c1.c1","c11.c15.c10.c10","c11.c15.c11.c15","c11.c15.c12.c12","c11.c15.c13.c13","c11.c15.c14.c14","c11.c15.c15.c11","c11.c15.c2.c2","c11.c15.c3.c3","c11.c15.c4.c4","c11.c15.c5.c5","c11.c15.c6.c6","c11.c15.c7.c7","c11.c15.c8.c8","c11.c15.c9.c9","c11.c7.c0.c0","c11.c7.c1.c1","c11.c7.c10.c10","c11.c7.c11.c7","c11.c7.c12.c12","c11.c7.c13.c13","c11.c7.c14.c14","c11.c7.c15.c15","c11.c7.c2.c2","c11.c7.c3.c3","c11.c7.c4.c4","c11.c7.c5.c5","c11.c7.c6.c6","c11.c7.c7.c11","c11.c7.c8.c8","c11.c7.c9.c9","c12.c13.c0.c0","c12.c13.c1.c1","c12.c13.c10.c10","c12.c13.c11.c11","c12.c13.c12.c13","c12.c13.c13.c12","c12.c13.c14.c14","c12.c13.c15.c15","c12.c13.c2.c2","c12.c13.c3.c3","c12.c13.c4.c4","c12.c13.c5.c5","c12.c13.c6.c6","c12.c13.c7.c7","c12.c13.c8.c8","c12.c13.c9.c9","c12.c8.c0.c0","c12.c8.c1.c1","c12.c8.c10.c10","c12.c8.c11.c11","c12.c8.c12.c8","c12.c8.c13.c13","c12.c8.c14.c14","c12.c8.c15.c15","c12.c8.c2.c2","c12.c8.c3.c3","c12.c8.c4.c4","c12.c8.c5.c5","c12.c8.c6.c6","c12.c8.c7.c7","c12.c8.c8.c12","c12.c8.c9.c9","c13.c12.c0.c0","c13.c12.c1.c1","c13.c12.c10.c10","c13.c12.c11.c11","c13.c12.c12.c13","c13.c12.c13.c12","c13.c12.c14.c14","c13.c12.c15.c15","c13.c12.c2.c2","c13.c12.c3.c3","c13.c12.c4.c4","c13.c12.c5.c5","c13.c12.c6.c6","c13.c12.c7.c7","c13.c12.c8.c8","c13.c12.c9.c9","c13.c14.c0.c0","c13.c14.c1.c1","c13.c14.c10.c10","c13.c14.c11.c11","c13.c14.c12.c12","c13.c14.c13.c14","c13.c14.c14.c13","c13.c14.c15.c15","c13.c14.c2.c2","c13.c14.c3.c3","c13.c14.c4.c4","c13.c14.c5.c5","c13.c14.c6.c6","c13.c14.c7.c7","c13.c14.c8.c8","c13.c14.c9.c9","c13.c9.c0.c0","c13.c9.c1.c1","c13.c9.c10.c10","c13.c9.c11.c11","c13.c9.c12.c12","c13.c9.c13.c9","c13.c9.c14.c14","c13.c9.c15.c15","c13.c9.c2.c2","c13.c9.c3.c3","c13.c9.c4.c4","c13.c9.c5.c5","c13.c9.c6.c6","c13.c9.c7.c7","c13.c9.c8.c8","c13.c9.c9.c13","c14.c10.c0.c0","c14.c10.c1.c1","c14.c10.c10.c14","c14.c10.c11.c11","c14.c10.c12.c12","c14.c10.c13.c13","c14.c10.c14.c10","c14.c10.c15.c15","c14.c10.c2.c2","c14.c10.c3.c3","c14.c10.c4.c4","c14.c10.c5.c5","c14.c10.c6.c6","c14.c10.c7.c7","c14.c10.c8.c8","c14.c10.c9.c9","c14.c13.c0.c0","c14.c13.c1.c1","c14.c13.c10.c10","c14.c13.c11.c11","c14.c13.c12.c12","c14.c13.c13.c14","c14.c13.c14.c13","c14.c13.c15.c15","c14.c13.c2.c2","c14.c13.c3.c3","c14.c13.c4.c4","c14.c13.c5.c5","c14.c13.c6.c6","c14.c13.c7.c7","c14.c13.c8.c8","c14.c13.c9.c9","c14.c15.c0.c0","c14.c15.c1.c1","c14.c15.c10.c10","c14.c15.c11.c11","c14.c15.c12.c12","c14.c15.c13.c13","c14.c15.c14.c15","c14.c15.c15.c14","c14.c15.c2.c2","c14.c15.c3.c3","c14.c15.c4.c4","c14.c15.c5.c5","c14.c15.c6.c6","c14.c15.c7.c7","c14.c15.c8.c8","c14.c15.c9.c9","c15.c11.c0.c0","c15.c11.c1.c1","c15.c11.c10.c10","c15.c11.c11.c15","c15.c11.c12.c12","c15.c11.c13.c13","c15.c11.c14.c14","c15.c11.c15.c11","c15.c11.c2.c2","c15.c11.c3.c3","c15.c11.c4.c4","c15.c11.c5.c5","c15.c11.c6.c6","c15.c11.c7.c7","c15.c11.c8.c8","c15.c11.c9.c9","c15.c14.c0.c0","c15.c14.c1.c1","c15.c14.c10.c10","c15.c14.c11.c11","c15.c14.c12.c12","c15.c14.c13.c13","c15.c14.c14.c15","c15.c14.c15.c14","c15.c14.c2.c2","c15.c14.c3.c3","c15.c14.c4.c4","c15.c14.c5.c5","c15.c14.c6.c6","c15.c14.c7.c7","c15.c14.c8.c8","c15.c14.c9.c9","c2.c1.c0.c0","c2.c1.c1.c2","c2.c1.c10.c10","c2.c1.c11.c11","c2.c1.c12.c12","c2.c1.c13.c13","c2.c1.c14.c14","c2.c1.c15.c15","c2.c1.c2.c1","c2.c1.c3.c3","c2.c1.c4.c4","c2.c1.c5.c5","c2.c1.c6.c6","c2.c1.c7.c7","c2.c1.c8.c8","c2.c1.c9.c9","c2.c3.c0.c0","c2.c3.c1.c1","c2.c3.c10.c10","c2.c3.c11.c11","c2.c3.c12.c12","c2.c3.c13.c13","c2.c3.c14.c14","c2.c3.c15.c15","c2.c3.c2.c3","c2.c3.c3.c2","c2.c3.c4.c4","c2.c3.c5.c5","c2.c3.c6.c6","c2.c3.c7.c7","c2.c3.c8.c8","c2.c3.c9.c9","c2.c6.c0.c0","c2.c6.c1.c1","c2.c6.c10.c10","c2.c6.c11.c11","c2.c6.c12.c12","c2.c6.c13.c13","c2.c6.c14.c14","c2.c6.c15.c15","c2.c6.c2.c6","c2.c6.c3.c3","c2.c6.c4.c4","c2.c6.c5.c5","c2.c6.c6.c2","c2.c6.c7.c7","c2.c6.c8.c8","c2.c6.c9.c9","c3.c2.c0.c0","c3.c2.c1.c1","c3.c2.c10.c10","c3.c2.c11.c11","c3.c2.c12.c12","c3.c2.c13.c13","c3.c2.c14.c14","c3.c2.c15.c15","c3.c2.c2.c3","c3.c2.c3.c2","c3.c2.c4.c4","c3.c2.c5.c5","c3.c2.c6.c6","c3.c2.c7.c7","c3.c2.c8.c8","c3.c2.c9.c9","c3.c7.c0.c0","c3.c7.c1.c1","c3.c7.c10.c10","c3.c7.c11.c11","c3.c7.c12.c12","c3.c7.c13.c13","c3.c7.c14.c14","c3.c7.c15.c15","c3.c7.c2.c2","c3.c7.c3.c7","c3.c7.c4.c4","c3.c7.c5.c5","c3.c7.c6.c6","c3.c7.c7.c3","c3.c7.c8.c8","c3.c7.c9.c9","c4.c0.c0.c4","c4.c0.c1.c1","c4.c0.c10.c10","c4.c0.c11.c11","c4.c0.c12.c12","c4.c0.c13.c13","c4.c0.c14.c14","c4.c0.c15.c15","c4.c0.c2.c2","c4.c0.c3.c3","c4.c0.c4.c0","c4.c0.c5.c5","c4.c0.c6.c6","c4.c0.c7.c7","c4.c0.c8.c8","c4.c0.c9.c9","c4.c5.c0.c0","c4.c5.c1.c1","c4.c5.c10.c10","c4.c5.c11.c11","c4.c5.c12.c12","c4.c5.c13.c13","c4.c5.c14.c14","c4.c5.c15.c15","c4.c5.c2.c2","c4.c5.c3.c3","c4.c5.c4.c5","c4.c5.c5.c4","c4.c5.c6.c6","c4.c5.c7.c7","c4.c5.c8.c8","c4.c5.c9.c9","c4.c8.c0.c0","c4.c8.c1.c1","c4.c8.c10.c10","c4.c8.c11.c11","c4.c8.c12.c12","c4.c8.c13.c13","c4.c8.c14.c14","c4.c8.c15.c15","c4.c8.c2.c2","c4.c8.c3.c3","c4.c8.c4.c8","c4.c8.c5.c5","c4.c8.c6.c6","c4.c8.c7.c7","c4.c8.c8.c4","c4.c8.c9.c9","c5.c1.c0.c0","c5.c1.c1.c5","c5.c1.c10.c10","c5.c1.c11.c11","c5.c1.c12.c12","c5.c1.c13.c13","c5.c1.c14.c14","c5.c1.c15.c15","c5.c1.c2.c2","c5.c1.c3.c3","c5.c1.c4.c4","c5.c1.c5.c1","c5.c1.c6.c6","c5.c1.c7.c7","c5.c1.c8.c8","c5.c1.c9.c9","c5.c4.c0.c0","c5.c4.c1.c1","c5.c4.c10.c10","c5.c4.c11.c11","c5.c4.c12.c12","c5.c4.c13.c13","c5.c4.c14.c14","c5.c4.c15.c15","c5.c4.c2.c2","c5.c4.c3.c3","c5.c4.c4.c5","c5.c4.c5.c4","c5.c4.c6.c6","c5.c4.c7.c7","c5.c4.c8.c8","c5.c4.c9.c9","c5.c6.c0.c0","c5.c6.c1.c1","c5.c6.c10.c10","c5.c6.c11.c11","c5.c6.c12.c12","c5.c6.c13.c13","c5.c6.c14.c14","c5.c6.c15.c15","c5.c6.c2.c2","c5.c6.c3.c3","c5.c6.c4.c4","c5.c6.c5.c6","c5.c6.c6.c5","c5.c6.c7.c7","c5.c6.c8.c8","c5.c6.c9.c9","c5.c9.c0.c0","c5.c9.c1.c1","c5.c9.c10.c10","c5.c9.c11.c11","c5.c9.c12.c12","c5.c9.c13.c13","c5.c9.c14.c14","c5.c9.c15.c15","c5.c9.c2.c2","c5.c9.c3.c3","c5.c9.c4.c4","c5.c9.c5.c9","c5.c9.c6.c6","c5.c9.c7.c7","c5.c9.c8.c8","c5.c9.c9.c5","c6.c10.c0.c0","c6.c10.c1.c1","c6.c10.c10.c6","c6.c10.c11.c11","c6.c10.c12.c12","c6.c10.c13.c13","c6.c10.c14.c14","c6.c10.c15.c15","c6.c10.c2.c2","c6.c10.c3.c3","c6.c10.c4.c4","c6.c10.c5.c5","c6.c10.c6.c10","c6.c10.c7.c7","c6.c10.c8.c8","c6.c10.c9.c9","c6.c2.c0.c0","c6.c2.c1.c1","c6.c2.c10.c10","c6.c2.c11.c11","c6.c2.c12.c12","c6.c2.c13.c13","c6.c2.c14.c14","c6.c2.c15.c15","c6.c2.c2.c6","c6.c2.c3.c3","c6.c2.c4.c4","c6.c2.c5.c5","c6.c2.c6.c2","c6.c2.c7.c7","c6.c2.c8.c8","c6.c2.c9.c9","c6.c5.c0.c0","c6.c5.c1.c1","c6.c5.c10.c10","c6.c5.c11.c11","c6.c5.c12.c12","c6.c5.c13.c13","c6.c5.c14.c14","c6.c5.c15.c15","c6.c5.c2.c2","c6.c5.c3.c3","c6.c5.c4.c4","c6.c5.c5.c6","c6.c5.c6.c5","c6.c5.c7.c7","c6.c5.c8.c8","c6.c5.c9.c9","c6.c7.c0.c0","c6.c7.c1.c1","c6.c7.c10.c10","c6.c7.c11.c11","c6.c7.c12.c12","c6.c7.c13.c13","c6.c7.c14.c14","c6.c7.c15.c15","c6.c7.c2.c2","c6.c7.c3.c3","c6.c7.c4.c4","c6.c7.c5.c5","c6.c7.c6.c7","c6.c7.c7.c6","c6.c7.c8.c8","c6.c7.c9.c9","c7.c11.c0.c0","c7.c11.c1.c1","c7.c11.c10.c10","c7.c11.c11.c7","c7.c11.c12.c12","c7.c11.c13.c13","c7.c11.c14.c14","c7.c11.c15.c15","c7.c11.c2.c2","c7.c11.c3.c3","c7.c11.c4.c4","c7.c11.c5.c5","c7.c11.c6.c6","c7.c11.c7.c11","c7.c11.c8.c8","c7.c11.c9.c9","c7.c3.c0.c0","c7.c3.c1.c1","c7.c3.c10.c10","c7.c3.c11.c11","c7.c3.c12.c12","c7.c3.c13.c13","c7.c3.c14.c14","c7.c3.c15.c15","c7.c3.c2.c2","c7.c3.c3.c7","c7.c3.c4.c4","c7.c3.c5.c5","c7.c3.c6.c6","c7.c3.c7.c3","c7.c3.c8.c8","c7.c3.c9.c9","c7.c6.c0.c0","c7.c6.c1.c1","c7.c6.c10.c10","c7.c6.c11.c11","c7.c6.c12.c12","c7.c6.c13.c13","c7.c6.c14.c14","c7.c6.c15.c15","c7.c6.c2.c2","c7.c6.c3.c3","c7.c6.c4.c4","c7.c6.c5.c5","c7.c6.c6.c7","c7.c6.c7.c6","c7.c6.c8.c8","c7.c6.c9.c9","c8.c12.c0.c0","c8.c12.c1.c1","c8.c12.c10.c10","c8.c12.c11.c11","c8.c12.c12.c8","c8.c12.c13.c13","c8.c12.c14.c14","c8.c12.c15.c15","c8.c12.c2.c2","c8.c12.c3.c3","c8.c12.c4.c4","c8.c12.c5.c5","c8.c12.c6.c6","c8.c12.c7.c7","c8.c12.c8.c12","c8.c12.c9.c9","c8.c4.c0.c0","c8.c4.c1.c1","c8.c4.c10.c10","c8.c4.c11.c11","c8.c4.c12.c12","c8.c4.c13.c13","c8.c4.c14.c14","c8.c4.c15.c15","c8.c4.c2.c2","c8.c4.c3.c3","c8.c4.c4.c8","c8.c4.c5.c5","c8.c4.c6.c6","c8.c4.c7.c7","c8.c4.c8.c4","c8.c4.c9.c9","c8.c9.c0.c0","c8.c9.c1.c1","c8.c9.c10.c10","c8.c9.c11.c11","c8.c9.c12.c12","c8.c9.c13.c13","c8.c9.c14.c14","c8.c9.c15.c15","c8.c9.c2.c2","c8.c9.c3.c3","c8.c9.c4.c4","c8.c9.c5.c5","c8.c9.c6.c6","c8.c9.c7.c7","c8.c9.c8.c9","c8.c9.c9.c8","c9.c10.c0.c0","c9.c10.c1.c1","c9.c10.c10.c9","c9.c10.c11.c11","c9.c10.c12.c12","c9.c10.c13.c13","c9.c10.c14.c14","c9.c10.c15.c15","c9.c10.c2.c2","c9.c10.c3.c3","c9.c10.c4.c4","c9.c10.c5.c5","c9.c10.c6.c6","c9.c10.c7.c7","c9.c10.c8.c8","c9.c10.c9.c10","c9.c13.c0.c0","c9.c13.c1.c1","c9.c13.c10.c10","c9.c13.c11.c11","c9.c13.c12.c12","c9.c13.c13.c9","c9.c13.c14.c14","c9.c13.c15.c15","c9.c13.c2.c2","c9.c13.c3.c3","c9.c13.c4.c4","c9.c13.c5.c5","c9.c13.c6.c6","c9.c13.c7.c7","c9.c13.c8.c8","c9.c13.c9.c13","c9.c5.c0.c0","c9.c5.c1.c1","c9.c5.c10.c10","c9.c5.c11.c11","c9.c5.c12.c12","c9.c5.c13.c13","c9.c5.c14.c14","c9.c5.c15.c15","c9.c5.c2.c2","c9.c5.c3.c3","c9.c5.c4.c4","c9.c5.c5.c9","c9.c5.c6.c6","c9.c5.c7.c7","c9.c5.c8.c8","c9.c5.c9.c5","c9.c8.c0.c0","c9.c8.c1.c1","c9.c8.c10.c10","c9.c8.c11.c11","c9.c8.c12.c12","c9.c8.c13.c13","c9.c8.c14.c14","c9.c8.c15.c15","c9.c8.c2.c2","c9.c8.c3.c3","c9.c8.c4.c4","c9.c8.c5.c5","c9.c8.c6.c6","c9.c8.c7.c7","c9.c8.c8.c9","c9.c8.c9.c8"]),Concat(Deref("q"),Deref("act"))),Deref("q"))
T	ab559e59c4da	Iteration(Mention("frontier"),"#p0","#s1",Iteration(Mention("#s1"),"#p2","#s3",Iteration(Mention("#s3"),"#p4","#s5",Iteration(Mention("#s5"),"#p6","#s7",Iteration(Mention("#s7"),"#p8","#s9",Iteration(Mention("#s9"),"#p10","#s11",Iteration(Mention("#s11"),"#p12","#s13",Iteration(Mention("#s13"),"#p14","#s15",Iteration(Mention("#s15"),"#p16","#s17",Iteration(Mention("#s17"),"#p18","#s19",Iteration(Mention("#s19"),"#p20","#s21",Iteration(Mention("#s21"),"#p22","#s23",Iteration(Mention("#s23"),"#p24","#s25",Iteration(Mention("#s25"),"#p26","#s27",Iteration(Mention("#s27"),"#p28","#s29",Iteration(Mention("#s29"),"#p30","#s31",Iteration(Iteration(Call("superpose",Deref("#p0");,Singleton(Concat(Concat(Concat(Concat(Concat(Concat(Concat(Concat(Concat(Concat(Concat(Concat(Concat(Concat(Deref("#p2"),Deref("#p4")),Deref("#p6")),Deref("#p8")),Deref("#p10")),Deref("#p12")),Deref("#p14")),Deref("#p16")),Deref("#p18")),Deref("#p20")),Deref("#p22")),Deref("#p24")),Deref("#p26")),Deref("#p28")),Deref("#p30")))),"#p32","#s33",Iteration(Unwrap(Literal(["c0.c1.c0.c1","c0.c1.c1.c0","c0.c1.c10.c10","c0.c1.c11.c11","c0.c1.c12.c12","c0.c1.c13.c13","c0.c1.c14.c14","c0.c1.c15.c15","c0.c1.c2.c2","c0.c1.c3.c3","c0.c1.c4.c4","c0.c1.c5.c5","c0.c1.c6.c6","c0.c1.c7.c7","c0.c1.c8.c8","c0.c1.c9.c9","c0.c4.c0.c4","c0.c4.c1.c1","c0.c4.c10.c10","c0.c4.c11.c11","c0.c4.c12.c12","c0.c4.c13.c13","c0.c4.c14.c14","c0.c4.c15.c15","c0.c4.c2.c2","c0.c4.c3.c3","c0.c4.c4.c0","c0.c4.c5.c5","c0.c4.c6.c6","c0.c4.c7.c7","c0.c4.c8.c8","c0.c4.c9.c9","c1.c0.c0.c1","c1.c0.c1.c0","c1.c0.c10.c10","c1.c0.c11.c11","c1.c0.c12.c12","c1.c0.c13.c13","c1.c0.c14.c14","c1.c0.c15.c15","c1.c0.c2.c2","c1.c0.c3.c3","c1.c0.c4.c4","c1.c0.c5.c5","c1.c0.c6.c6","c1.c0.c7.c7","c1.c0.c8.c8","c1.c0.c9.c9","c1.c2.c0.c0","c1.c2.c1.c2","c1.c2.c10.c10","c1.c2.c11.c11","c1.c2.c12.c12","c1.c2.c13.c13","c1.c2.c14.c14","c1.c2.c15.c15","c1.c2.c2.c1","c1.c2.c3.c3","c1.c2.c4.c4","c1.c2.c5.c5","c1.c2.c6.c6","c1.c2.c7.c7","c1.c2.c8.c8","c1.c2.c9.c9","c1.c5.c0.c0","c1.c5.c1.c5","c1.c5.c10.c10","c1.c5.c11.c11","c1.c5.c12.c12","c1.c5.c13.c13","c1.c5.c14.c14","c1.c5.c15.c15","c1.c5.c2.c2","c1.c5.c3.c3","c1.c5.c4.c4","c1.c5.c5.c1","c1.c5.c6.c6","c1.c5.c7.c7","c1.c5.c8.c8","c1.c5.c9.c9","c10.c11.c0.c0","c10.c11.c1.c1","c10.c11.c10.c11","c10.c11.c11.c10","c10.c11.c12.c12","c10.c11.c13.c13","c10.c11.c14.c14","c10.c11.c15.c15","c10.c11.c2.c2","c10.c11.c3.c3","c10.c11.c4.c4","c10.c11.c5.c5","c10.c11.c6.c6","c10.c11.c7.c7","c10.c11.c8.c8","c10.c11.c9.c9","c10.c14.c0.c0","c10.c14.c1.c1","c10.c14.c10.c14","c10.c14.c11.c11","c10.c14.c12.c12","c10.c14.c13.c13","c10.c14.c14.c10","c10.c14.c15.c15","c10.c14.c2.c2","c10.c14.c3.c3","c10.c14.c4.c4","c10.c14.c5.c5","c10.c14.c6.c6","c10.c14.c7.c7","c10.c14.c8.c8","c10.c14.c9.c9","c10.c6.c0.c0","c10.c6.c1.c1","c10.c6.c10.c6","c10.c6.c11.c11","c10.c6.c12.c12","c10.c6.c13.c13","c10.c6.c14.c14","c10.c6.c15.c15","c10.c6.c2.c2","c10.c6.c3.c3","c10.c6.c4.c4","c10.c6.c5.c5","c10.c6.c6.c10","c10.c6.c7.c7","c10.c6.c8.c8","c10.c6.c9.c9","c10.c9.c0.c0","c10.c9.c1.c1","c10.c9.c10.c9","c10.c9.c11.c11","c10.c9.c12.c12","c10.c9.c13.c13","c10.c9.c14.c14","c10.c9.c15.c15","c10.c9.c2.c2","c10.c9.c3.c3","c10.c9.c4.c4","c10.c9.c5.c5","c10.c9.c6.c6","c10.c9.c7.c7","c10.c9.c8.c8","c10.c9.c9.c10","c11.c10.c0.c0","c11.c10.c1.c1","c11.c10.c10.c11","c11.c10.c11.c10","c11.c10.c12.c12","c11.c10.c13.c13","c11.c10.c14.c14","c11.c10.c15.c15","c11.c10.c2.c2","c11.c10.c3.c3","c11.c10.c4.c4","c11.c10.c5.c5","c11.c10.c6.c6","c11.c10.c7.c7","c11.c10.c8.c8","c11.c10.c9.c9","c11.c15.c0.c0","c11.c15.c1.c1","c11.c15.c10.c10","c11.c15.c11.c15","c11.c15.c12.c12","c11.c15.c13.c13","c11.c15.c14.c14","c11.c15.c15.c11","c11.c15.c2.c2","c11.c15.c3.c3","c11.c15.c4.c4","c11.c15.c5.c5","c11.c15.c6.c6","c11.c15.c7.c7","c11.c15.c8.c8","c11.c15.c9.c9","c11.c7.c0.c0","c11.c7.c1.c1","c11.c7.c10.c10","c11.c7.c11.c7","c11.c7.c12.c12","c11.c7.c13.c13","c11.c7.c14.c14","c11.c7.c15.c15","c11.c7.c2.c2","c11.c7.c3.c3","c11.c7.c4.c4","c11.c7.c5.c5","c11.c7.c6.c6","c11.c7.c7.c11","c11.c7.c8.c8","c11.c7.c9.c9","c12.c13.c0.c0","c12.c13.c1.c1","c12.c13.c10.c10","c12.c13.c11.c11","c12.c13.c12.c13","c12.c13.c13.c12","c12.c13.c14.c14","c12.c13.c15.c15","c12.c13.c2.c2","c12.c13.c3.c3","c12.c13.c4.c4","c12.c13.c5.c5","c12.c13.c6.c6","c12.c13.c7.c7","c12.c13.c8.c8","c12.c13.c9.c9","c12.c8.c0.c0","c12.c8.c1.c1","c12.c8.c10.c10","c12.c8.c11.c11","c12.c8.c12.c8","c12.c8.c13.c13","c12.c8.c14.c14","c12.c8.c15.c15","c12.c8.c2.c2","c12.c8.c3.c3","c12.c8.c4.c4","c12.c8.c5.c5","c12.c8.c6.c6","c12.c8.c7.c7","c12.c8.c8.c12","c12.c8.c9.c9","c13.c12.c0.c0","c13.c12.c1.c1","c13.c12.c10.c10","c13.c12.c11.c11","c13.c12.c12.c13","c13.c12.c13.c12","c13.c12.c14.c14","c13.c12.c15.c15","c13.c12.c2.c2","c13.c12.c3.c3","c13.c12.c4.c4","c13.c12.c5.c5","c13.c12.c6.c6","c13.c12.c7.c7","c13.c12.c8.c8","c13.c12.c9.c9","c13.c14.c0.c0","c13.c14.c1.c1","c13.c14.c10.c10","c13.c14.c11.c11","c13.c14.c12.c12","c13.c14.c13.c14","c13.c14.c14.c13","c13.c14.c15.c15","c13.c14.c2.c2","c13.c14.c3.c3","c13.c14.c4.c4","c13.c14.c5.c5","c13.c14.c6.c6","c13.c14.c7.c7","c13.c14.c8.c8","c13.c14.c9.c9","c13.c9.c0.c0","c13.c9.c1.c1","c13.c9.c10.c10","c13.c9.c11.c11","c13.c9.c12.c12","c13.c9.c13.c9","c13.c9.c14.c14","c13.c9.c15.c15","c13.c9.c2.c2","c13.c9.c3.c3","c13.c9.c4.c4","c13.c9.c5.c5","c13.c9.c6.c6","c13.c9.c7.c7","c13.c9.c8.c8","c13.c9.c9.c13","c14.c10.c0.c0","c14.c10.c1.c1","c14.c10.c10.c14","c14.c10.c11.c11","c14.c10.c12.c12","c14.c10.c13.c13","c14.c10.c14.c10","c14.c10.c15.c15","c14.c10.c2.c2","c14.c10.c3.c3","c14.c10.c4.c4","c14.c10.c5.c5","c14.c10.c6.c6","c14.c10.c7.c7","c14.c10.c8.c8","c14.c10.c9.c9","c14.c13.c0.c0","c14.c13.c1.c1","c14.c13.c10.c10","c14.c13.c11.c11","c14.c13.c12.c12","c14.c13.c13.c14","c14.c13.c14.c13","c14.c13.c15.c15","c14.c13.c2.c2","c14.c13.c3.c3","c14.c13.c4.c4","c14.c13.c5.c5","c14.c13.c6.c6","c14.c13.c7.c7","c14.c13.c8.c8","c14.c13.c9.c9","c14.c15.c0.c0","c14.c15.c1.c1","c14.c15.c10.c10","c14.c15.c11.c11","c14.c15.c12.c12","c14.c15.c13.c13","c14.c15.c14.c15","c14.c15.c15.c14","c14.c15.c2.c2","c14.c15.c3.c3","c14.c15.c4.c4","c14.c15.c5.c5","c14.c15.c6.c6","c14.c15.c7.c7","c14.c15.c8.c8","c14.c15.c9.c9","c15.c11.c0.c0","c15.c11.c1.c1","c15.c11.c10.c10","c15.c11.c11.c15","c15.c11.c12.c12","c15.c11.c13.c13","c15.c11.c14.c14","c15.c11.c15.c11","c15.c11.c2.c2","c15.c11.c3.c3","c15.c11.c4.c4","c15.c11.c5.c5","c15.c11.c6.c6","c15.c11.c7.c7","c15.c11.c8.c8","c15.c11.c9.c9","c15.c14.c0.c0","c15.c14.c1.c1","c15.c14.c10.c10","c15.c14.c11.c11","c15.c14.c12.c12","c15.c14.c13.c13","c15.c14.c14.c15","c15.c14.c15.c14","c15.c14.c2.c2","c15.c14.c3.c3","c15.c14.c4.c4","c15.c14.c5.c5","c15.c14.c6.c6","c15.c14.c7.c7","c15.c14.c8.c8","c15.c14.c9.c9","c2.c1.c0.c0","c2.c1.c1.c2","c2.c1.c10.c10","c2.c1.c11.c11","c2.c1.c12.c12","c2.c1.c13.c13","c2.c1.c14.c14","c2.c1.c15.c15","c2.c1.c2.c1","c2.c1.c3.c3","c2.c1.c4.c4","c2.c1.c5.c5","c2.c1.c6.c6","c2.c1.c7.c7","c2.c1.c8.c8","c2.c1.c9.c9","c2.c3.c0.c0","c2.c3.c1.c1","c2.c3.c10.c10","c2.c3.c11.c11","c2.c3.c12.c12","c2.c3.c13.c13","c2.c3.c14.c14","c2.c3.c15.c15","c2.c3.c2.c3","c2.c3.c3.c2","c2.c3.c4.c4","c2.c3.c5.c5","c2.c3.c6.c6","c2.c3.c7.c7","c2.c3.c8.c8","c2.c3.c9.c9","c2.c6.c0.c0","c2.c6.c1.c1","c2.c6.c10.c10","c2.c6.c11.c11","c2.c6.c12.c12","c2.c6.c13.c13","c2.c6.c14.c14","c2.c6.c15.c15","c2.c6.c2.c6","c2.c6.c3.c3","c2.c6.c4.c4","c2.c6.c5.c5","c2.c6.c6.c2","c2.c6.c7.c7","c2.c6.c8.c8","c2.c6.c9.c9","c3.c2.c0.c0","c3.c2.c1.c1","c3.c2.c10.c10","c3.c2.c11.c11","c3.c2.c12.c12","c3.c2.c13.c13","c3.c2.c14.c14","c3.c2.c15.c15","c3.c2.c2.c3","c3.c2.c3.c2","c3.c2.c4.c4","c3.c2.c5.c5","c3.c2.c6.c6","c3.c2.c7.c7","c3.c2.c8.c8","c3.c2.c9.c9","c3.c7.c0.c0","c3.c7.c1.c1","c3.c7.c10.c10","c3.c7.c11.c11","c3.c7.c12.c12","c3.c7.c13.c13","c3.c7.c14.c14","c3.c7.c15.c15","c3.c7.c2.c2","c3.c7.c3.c7","c3.c7.c4.c4","c3.c7.c5.c5","c3.c7.c6.c6","c3.c7.c7.c3","c3.c7.c8.c8","c3.c7.c9.c9","c4.c0.c0.c4","c4.c0.c1.c1","c4.c0.c10.c10","c4.c0.c11.c11","c4.c0.c12.c12","c4.c0.c13.c13","c4.c0.c14.c14","c4.c0.c15.c15","c4.c0.c2.c2","c4.c0.c3.c3","c4.c0.c4.c0","c4.c0.c5.c5","c4.c0.c6.c6","c4.c0.c7.c7","c4.c0.c8.c8","c4.c0.c9.c9","c4.c5.c0.c0","c4.c5.c1.c1","c4.c5.c10.c10","c4.c5.c11.c11","c4.c5.c12.c12","c4.c5.c13.c13","c4.c5.c14.c14","c4.c5.c15.c15","c4.c5.c2.c2","c4.c5.c3.c3","c4.c5.c4.c5","c4.c5.c5.c4","c4.c5.c6.c6","c4.c5.c7.c7","c4.c5.c8.c8","c4.c5.c9.c9","c4.c8.c0.c0","c4.c8.c1.c1","c4.c8.c10.c10","c4.c8.c11.c11","c4.c8.c12.c12","c4.c8.c13.c13","c4.c8.c14.c14","c4.c8.c15.c15","c4.c8.c2.c2","c4.c8.c3.c3","c4.c8.c4.c8","c4.c8.c5.c5","c4.c8.c6.c6","c4.c8.c7.c7","c4.c8.c8.c4","c4.c8.c9.c9","c5.c1.c0.c0","c5.c1.c1.c5","c5.c1.c10.c10","c5.c1.c11.c11","c5.c1.c12.c12","c5.c1.c13.c13","c5.c1.c14.c14","c5.c1.c15.c15","c5.c1.c2.c2","c5.c1.c3.c3","c5.c1.c4.c4","c5.c1.c5.c1","c5.c1.c6.c6","c5.c1.c7.c7","c5.c1.c8.c8","c5.c1.c9.c9","c5.c4.c0.c0","c5.c4.c1.c1","c5.c4.c10.c10","c5.c4.c11.c11","c5.c4.c12.c12","c5.c4.c13.c13","c5.c4.c14.c14","c5.c4.c15.c15","c5.c4.c2.c2","c5.c4.c3.c3","c5.c4.c4.c5","c5.c4.c5.c4","c5.c4.c6.c6","c5.c4.c7.c7","c5.c4.c8.c8","c5.c4.c9.c9","c5.c6.c0.c0","c5.c6.c1.c1","c5.c6.c10.c10","c5.c6.c11.c11","c5.c6.c12.c12","c5.c6.c13.c13","c5.c6.c14.c14","c5.c6.c15.c15","c5.c6.c2.c2","c5.c6.c3.c3","c5.c6.c4.c4","c5.c6.c5.c6","c5.c6.c6.c5","c5.c6.c7.c7","c5.c6.c8.c8","c5.c6.c9.c9","c5.c9.c0.c0","c5.c9.c1.c1","c5.c9.c10.c10","c5.c9.c11.c11","c5.c9.c12.c12","c5.c9.c13.c13","c5.c9.c14.c14","c5.c9.c15.c15","c5.c9.c2.c2","c5.c9.c3.c3","c5.c9.c4.c4","c5.c9.c5.c9","c5.c9.c6.c6","c5.c9.c7.c7","c5.c9.c8.c8","c5.c9.c9.c5","c6.c10.c0.c0","c6.c10.c1.c1","c6.c10.c10.c6","c6.c10.c11.c11","c6.c10.c12.c12","c6.c10.c13.c13","c6.c10.c14.c14","c6.c10.c15.c15","c6.c10.c2.c2","c6.c10.c3.c3","c6.c10.c4.c4","c6.c10.c5.c5","c6.c10.c6.c10","c6.c10.c7.c7","c6.c10.c8.c8","c6.c10.c9.c9","c6.c2.c0.c0","c6.c2.c1.c1","c6.c2.c10.c10","c6.c2.c11.c11","c6.c2.c12.c12","c6.c2.c13.c13","c6.c2.c14.c14","c6.c2.c15.c15","c6.c2.c2.c6","c6.c2.c3.c3","c6.c2.c4.c4","c6.c2.c5.c5","c6.c2.c6.c2","c6.c2.c7.c7","c6.c2.c8.c8","c6.c2.c9.c9","c6.c5.c0.c0","c6.c5.c1.c1","c6.c5.c10.c10","c6.c5.c11.c11","c6.c5.c12.c12","c6.c5.c13.c13","c6.c5.c14.c14","c6.c5.c15.c15","c6.c5.c2.c2","c6.c5.c3.c3","c6.c5.c4.c4","c6.c5.c5.c6","c6.c5.c6.c5","c6.c5.c7.c7","c6.c5.c8.c8","c6.c5.c9.c9","c6.c7.c0.c0","c6.c7.c1.c1","c6.c7.c10.c10","c6.c7.c11.c11","c6.c7.c12.c12","c6.c7.c13.c13","c6.c7.c14.c14","c6.c7.c15.c15","c6.c7.c2.c2","c6.c7.c3.c3","c6.c7.c4.c4","c6.c7.c5.c5","c6.c7.c6.c7","c6.c7.c7.c6","c6.c7.c8.c8","c6.c7.c9.c9","c7.c11.c0.c0","c7.c11.c1.c1","c7.c11.c10.c10","c7.c11.c11.c7","c7.c11.c12.c12","c7.c11.c13.c13","c7.c11.c14.c14","c7.c11.c15.c15","c7.c11.c2.c2","c7.c11.c3.c3","c7.c11.c4.c4","c7.c11.c5.c5","c7.c11.c6.c6","c7.c11.c7.c11","c7.c11.c8.c8","c7.c11.c9.c9","c7.c3.c0.c0","c7.c3.c1.c1","c7.c3.c10.c10","c7.c3.c11.c11","c7.c3.c12.c12","c7.c3.c13.c13","c7.c3.c14.c14","c7.c3.c15.c15","c7.c3.c2.c2","c7.c3.c3.c7","c7.c3.c4.c4","c7.c3.c5.c5","c7.c3.c6.c6","c7.c3.c7.c3","c7.c3.c8.c8","c7.c3.c9.c9","c7.c6.c0.c0","c7.c6.c1.c1","c7.c6.c10.c10","c7.c6.c11.c11","c7.c6.c12.c12","c7.c6.c13.c13","c7.c6.c14.c14","c7.c6.c15.c15","c7.c6.c2.c2","c7.c6.c3.c3","c7.c6.c4.c4","c7.c6.c5.c5","c7.c6.c6.c7","c7.c6.c7.c6","c7.c6.c8.c8","c7.c6.c9.c9","c8.c12.c0.c0","c8.c12.c1.c1","c8.c12.c10.c10","c8.c12.c11.c11","c8.c12.c12.c8","c8.c12.c13.c13","c8.c12.c14.c14","c8.c12.c15.c15","c8.c12.c2.c2","c8.c12.c3.c3","c8.c12.c4.c4","c8.c12.c5.c5","c8.c12.c6.c6","c8.c12.c7.c7","c8.c12.c8.c12","c8.c12.c9.c9","c8.c4.c0.c0","c8.c4.c1.c1","c8.c4.c10.c10","c8.c4.c11.c11","c8.c4.c12.c12","c8.c4.c13.c13","c8.c4.c14.c14","c8.c4.c15.c15","c8.c4.c2.c2","c8.c4.c3.c3","c8.c4.c4.c8","c8.c4.c5.c5","c8.c4.c6.c6","c8.c4.c7.c7","c8.c4.c8.c4","c8.c4.c9.c9","c8.c9.c0.c0","c8.c9.c1.c1","c8.c9.c10.c10","c8.c9.c11.c11","c8.c9.c12.c12","c8.c9.c13.c13","c8.c9.c14.c14","c8.c9.c15.c15","c8.c9.c2.c2","c8.c9.c3.c3","c8.c9.c4.c4","c8.c9.c5.c5","c8.c9.c6.c6","c8.c9.c7.c7","c8.c9.c8.c9","c8.c9.c9.c8","c9.c10.c0.c0","c9.c10.c1.c1","c9.c10.c10.c9","c9.c10.c11.c11","c9.c10.c12.c12","c9.c10.c13.c13","c9.c10.c14.c14","c9.c10.c15.c15","c9.c10.c2.c2","c9.c10.c3.c3","c9.c10.c4.c4","c9.c10.c5.c5","c9.c10.c6.c6","c9.c10.c7.c7","c9.c10.c8.c8","c9.c10.c9.c10","c9.c13.c0.c0","c9.c13.c1.c1","c9.c13.c10.c10","c9.c13.c11.c11","c9.c13.c12.c12","c9.c13.c13.c9","c9.c13.c14.c14","c9.c13.c15.c15","c9.c13.c2.c2","c9.c13.c3.c3","c9.c13.c4.c4","c9.c13.c5.c5","c9.c13.c6.c6","c9.c13.c7.c7","c9.c13.c8.c8","c9.c13.c9.c13","c9.c5.c0.c0","c9.c5.c1.c1","c9.c5.c10.c10","c9.c5.c11.c11","c9.c5.c12.c12","c9.c5.c13.c13","c9.c5.c14.c14","c9.c5.c15.c15","c9.c5.c2.c2","c9.c5.c3.c3","c9.c5.c4.c4","c9.c5.c5.c9","c9.c5.c6.c6","c9.c5.c7.c7","c9.c5.c8.c8","c9.c5.c9.c5","c9.c8.c0.c0","c9.c8.c1.c1","c9.c8.c10.c10","c9.c8.c11.c11","c9.c8.c12.c12","c9.c8.c13.c13","c9.c8.c14.c14","c9.c8.c15.c15","c9.c8.c2.c2","c9.c8.c3.c3","c9.c8.c4.c4","c9.c8.c5.c5","c9.c8.c6.c6","c9.c8.c7.c7","c9.c8.c8.c9","c9.c8.c9.c8"]),Deref("#p0")),"#p34","#s35",Composition(Wrap(Unwrap(Mention("#s35"),Deref("#p32")),Deref("#p34")),Mention("#s33")))),"#p36","#s37",Iteration(Unwrap(Unwrap(Literal(["c0.c1.c0.c1","c0.c1.c1.c0","c0.c1.c10.c10","c0.c1.c11.c11","c0.c1.c12.c12","c0.c1.c13.c13","c0.c1.c14.c14","c0.c1.c15.c15","c0.c1.c2.c2","c0.c1.c3.c3","c0.c1.c4.c4","c0.c1.c5.c5","c0.c1.c6.c6","c0.c1.c7.c7","c0.c1.c8.c8","c0.c1.c9.c9","c0.c4.c0.c4","c0.c4.c1.c1","c0.c4.c10.c10","c0.c4.c11.c11","c0.c4.c12.c12","c0.c4.c13.c13","c0.c4.c14.c14","c0.c4.c15.c15","c0.c4.c2.c2","c0.c4.c3.c3","c0.c4.c4.c0","c0.c4.c5.c5","c0.c4.c6.c6","c0.c4.c7.c7","c0.c4.c8.c8","c0.c4.c9.c9","c1.c0.c0.c1","c1.c0.c1.c0","c1.c0.c10.c10","c1.c0.c11.c11","c1.c0.c12.c12","c1.c0.c13.c13","c1.c0.c14.c14","c1.c0.c15.c15","c1.c0.c2.c2","c1.c0.c3.c3","c1.c0.c4.c4","c1.c0.c5.c5","c1.c0.c6.c6","c1.c0.c7.c7","c1.c0.c8.c8","c1.c0.c9.c9","c1.c2.c0.c0","c1.c2.c1.c2","c1.c2.c10.c10","c1.c2.c11.c11","c1.c2.c12.c12","c1.c2.c13.c13","c1.c2.c14.c14","c1.c2.c15.c15","c1.c2.c2.c1","c1.c2.c3.c3","c1.c2.c4.c4","c1.c2.c5.c5","c1.c2.c6.c6","c1.c2.c7.c7","c1.c2.c8.c8","c1.c2.c9.c9","c1.c5.c0.c0","c1.c5.c1.c5","c1.c5.c10.c10","c1.c5.c11.c11","c1.c5.c12.c12","c1.c5.c13.c13","c1.c5.c14.c14","c1.c5.c15.c15","c1.c5.c2.c2","c1.c5.c3.c3","c1.c5.c4.c4","c1.c5.c5.c1","c1.c5.c6.c6","c1.c5.c7.c7","c1.c5.c8.c8","c1.c5.c9.c9","c10.c11.c0.c0","c10.c11.c1.c1","c10.c11.c10.c11","c10.c11.c11.c10","c10.c11.c12.c12","c10.c11.c13.c13","c10.c11.c14.c14","c10.c11.c15.c15","c10.c11.c2.c2","c10.c11.c3.c3","c10.c11.c4.c4","c10.c11.c5.c5","c10.c11.c6.c6","c10.c11.c7.c7","c10.c11.c8.c8","c10.c11.c9.c9","c10.c14.c0.c0","c10.c14.c1.c1","c10.c14.c10.c14","c10.c14.c11.c11","c10.c14.c12.c12","c10.c14.c13.c13","c10.c14.c14.c10","c10.c14.c15.c15","c10.c14.c2.c2","c10.c14.c3.c3","c10.c14.c4.c4","c10.c14.c5.c5","c10.c14.c6.c6","c10.c14.c7.c7","c10.c14.c8.c8","c10.c14.c9.c9","c10.c6.c0.c0","c10.c6.c1.c1","c10.c6.c10.c6","c10.c6.c11.c11","c10.c6.c12.c12","c10.c6.c13.c13","c10.c6.c14.c14","c10.c6.c15.c15","c10.c6.c2.c2","c10.c6.c3.c3","c10.c6.c4.c4","c10.c6.c5.c5","c10.c6.c6.c10","c10.c6.c7.c7","c10.c6.c8.c8","c10.c6.c9.c9","c10.c9.c0.c0","c10.c9.c1.c1","c10.c9.c10.c9","c10.c9.c11.c11","c10.c9.c12.c12","c10.c9.c13.c13","c10.c9.c14.c14","c10.c9.c15.c15","c10.c9.c2.c2","c10.c9.c3.c3","c10.c9.c4.c4","c10.c9.c5.c5","c10.c9.c6.c6","c10.c9.c7.c7","c10.c9.c8.c8","c10.c9.c9.c10","c11.c10.c0.c0","c11.c10.c1.c1","c11.c10.c10.c11","c11.c10.c11.c10","c11.c10.c12.c12","c11.c10.c13.c13","c11.c10.c14.c14","c11.c10.c15.c15","c11.c10.c2.c2","c11.c10.c3.c3","c11.c10.c4.c4","c11.c10.c5.c5","c11.c10.c6.c6","c11.c10.c7.c7","c11.c10.c8.c8","c11.c10.c9.c9","c11.c15.c0.c0","c11.c15.c1.c1","c11.c15.c10.c10","c11.c15.c11.c15","c11.c15.c12.c12","c11.c15.c13.c13","c11.c15.c14.c14","c11.c15.c15.c11","c11.c15.c2.c2","c11.c15.c3.c3","c11.c15.c4.c4","c11.c15.c5.c5","c11.c15.c6.c6","c11.c15.c7.c7","c11.c15.c8.c8","c11.c15.c9.c9","c11.c7.c0.c0","c11.c7.c1.c1","c11.c7.c10.c10","c11.c7.c11.c7","c11.c7.c12.c12","c11.c7.c13.c13","c11.c7.c14.c14","c11.c7.c15.c15","c11.c7.c2.c2","c11.c7.c3.c3","c11.c7.c4.c4","c11.c7.c5.c5","c11.c7.c6.c6","c11.c7.c7.c11","c11.c7.c8.c8","c11.c7.c9.c9","c12.c13.c0.c0","c12.c13.c1.c1","c12.c13.c10.c10","c12.c13.c11.c11","c12.c13.c12.c13","c12.c13.c13.c12","c12.c13.c14.c14","c12.c13.c15.c15","c12.c13.c2.c2","c12.c13.c3.c3","c12.c13.c4.c4","c12.c13.c5.c5","c12.c13.c6.c6","c12.c13.c7.c7","c12.c13.c8.c8","c12.c13.c9.c9","c12.c8.c0.c0","c12.c8.c1.c1","c12.c8.c10.c10","c12.c8.c11.c11","c12.c8.c12.c8","c12.c8.c13.c13","c12.c8.c14.c14","c12.c8.c15.c15","c12.c8.c2.c2","c12.c8.c3.c3","c12.c8.c4.c4","c12.c8.c5.c5","c12.c8.c6.c6","c12.c8.c7.c7","c12.c8.c8.c12","c12.c8.c9.c9","c13.c12.c0.c0","c13.c12.c1.c1","c13.c12.c10.c10","c13.c12.c11.c11","c13.c12.c12.c13","c13.c12.c13.c12","c13.c12.c14.c14","c13.c12.c15.c15","c13.c12.c2.c2","c13.c12.c3.c3","c13.c12.c4.c4","c13.c12.c5.c5","c13.c12.c6.c6","c13.c12.c7.c7","c13.c12.c8.c8","c13.c12.c9.c9","c13.c14.c0.c0","c13.c14.c1.c1","c13.c14.c10.c10","c13.c14.c11.c11","c13.c14.c12.c12","c13.c14.c13.c14","c13.c14.c14.c13","c13.c14.c15.c15","c13.c14.c2.c2","c13.c14.c3.c3","c13.c14.c4.c4","c13.c14.c5.c5","c13.c14.c6.c6","c13.c14.c7.c7","c13.c14.c8.c8","c13.c14.c9.c9","c13.c9.c0.c0","c13.c9.c1.c1","c13.c9.c10.c10","c13.c9.c11.c11","c13.c9.c12.c12","c13.c9.c13.c9","c13.c9.c14.c14","c13.c9.c15.c15","c13.c9.c2.c2","c13.c9.c3.c3","c13.c9.c4.c4","c13.c9.c5.c5","c13.c9.c6.c6","c13.c9.c7.c7","c13.c9.c8.c8","c13.c9.c9.c13","c14.c10.c0.c0","c14.c10.c1.c1","c14.c10.c10.c14","c14.c10.c11.c11","c14.c10.c12.c12","c14.c10.c13.c13","c14.c10.c14.c10","c14.c10.c15.c15","c14.c10.c2.c2","c14.c10.c3.c3","c14.c10.c4.c4","c14.c10.c5.c5","c14.c10.c6.c6","c14.c10.c7.c7","c14.c10.c8.c8","c14.c10.c9.c9","c14.c13.c0.c0","c14.c13.c1.c1","c14.c13.c10.c10","c14.c13.c11.c11","c14.c13.c12.c12","c14.c13.c13.c14","c14.c13.c14.c13","c14.c13.c15.c15","c14.c13.c2.c2","c14.c13.c3.c3","c14.c13.c4.c4","c14.c13.c5.c5","c14.c13.c6.c6","c14.c13.c7.c7","c14.c13.c8.c8","c14.c13.c9.c9","c14.c15.c0.c0","c14.c15.c1.c1","c14.c15.c10.c10","c14.c15.c11.c11","c14.c15.c12.c12","c14.c15.c13.c13","c14.c15.c14.c15","c14.c15.c15.c14","c14.c15.c2.c2","c14.c15.c3.c3","c14.c15.c4.c4","c14.c15.c5.c5","c14.c15.c6.c6","c14.c15.c7.c7","c14.c15.c8.c8","c14.c15.c9.c9","c15.c11.c0.c0","c15.c11.c1.c1","c15.c11.c10.c10","c15.c11.c11.c15","c15.c11.c12.c12","c15.c11.c13.c13","c15.c11.c14.c14","c15.c11.c15.c11","c15.c11.c2.c2","c15.c11.c3.c3","c15.c11.c4.c4","c15.c11.c5.c5","c15.c11.c6.c6","c15.c11.c7.c7","c15.c11.c8.c8","c15.c11.c9.c9","c15.c14.c0.c0","c15.c14.c1.c1","c15.c14.c10.c10","c15.c14.c11.c11","c15.c14.c12.c12","c15.c14.c13.c13","c15.c14.c14.c15","c15.c14.c15.c14","c15.c14.c2.c2","c15.c14.c3.c3","c15.c14.c4.c4","c15.c14.c5.c5","c15.c14.c6.c6","c15.c14.c7.c7","c15.c14.c8.c8","c15.c14.c9.c9","c2.c1.c0.c0","c2.c1.c1.c2","c2.c1.c10.c10","c2.c1.c11.c11","c2.c1.c12.c12","c2.c1.c13.c13","c2.c1.c14.c14","c2.c1.c15.c15","c2.c1.c2.c1","c2.c1.c3.c3","c2.c1.c4.c4","c2.c1.c5.c5","c2.c1.c6.c6","c2.c1.c7.c7","c2.c1.c8.c8","c2.c1.c9.c9","c2.c3.c0.c0","c2.c3.c1.c1","c2.c3.c10.c10","c2.c3.c11.c11","c2.c3.c12.c12","c2.c3.c13.c13","c2.c3.c14.c14","c2.c3.c15.c15","c2.c3.c2.c3","c2.c3.c3.c2","c2.c3.c4.c4","c2.c3.c5.c5","c2.c3.c6.c6","c2.c3.c7.c7","c2.c3.c8.c8","c2.c3.c9.c9","c2.c6.c0.c0","c2.c6.c1.c1","c2.c6.c10.c10","c2.c6.c11.c11","c2.c6.c12.c12","c2.c6.c13.c13","c2.c6.c14.c14","c2.c6.c15.c15","c2.c6.c2.c6","c2.c6.c3.c3","c2.c6.c4.c4","c2.c6.c5.c5","c2.c6.c6.c2","c2.c6.c7.c7","c2.c6.c8.c8","c2.c6.c9.c9","c3.c2.c0.c0","c3.c2.c1.c1","c3.c2.c10.c10","c3.c2.c11.c11","c3.c2.c12.c12","c3.c2.c13.c13","c3.c2.c14.c14","c3.c2.c15.c15","c3.c2.c2.c3","c3.c2.c3.c2","c3.c2.c4.c4","c3.c2.c5.c5","c3.c2.c6.c6","c3.c2.c7.c7","c3.c2.c8.c8","c3.c2.c9.c9","c3.c7.c0.c0","c3.c7.c1.c1","c3.c7.c10.c10","c3.c7.c11.c11","c3.c7.c12.c12","c3.c7.c13.c13","c3.c7.c14.c14","c3.c7.c15.c15","c3.c7.c2.c2","c3.c7.c3.c7","c3.c7.c4.c4","c3.c7.c5.c5","c3.c7.c6.c6","c3.c7.c7.c3","c3.c7.c8.c8","c3.c7.c9.c9","c4.c0.c0.c4","c4.c0.c1.c1","c4.c0.c10.c10","c4.c0.c11.c11","c4.c0.c12.c12","c4.c0.c13.c13","c4.c0.c14.c14","c4.c0.c15.c15","c4.c0.c2.c2","c4.c0.c3.c3","c4.c0.c4.c0","c4.c0.c5.c5","c4.c0.c6.c6","c4.c0.c7.c7","c4.c0.c8.c8","c4.c0.c9.c9","c4.c5.c0.c0","c4.c5.c1.c1","c4.c5.c10.c10","c4.c5.c11.c11","c4.c5.c12.c12","c4.c5.c13.c13","c4.c5.c14.c14","c4.c5.c15.c15","c4.c5.c2.c2","c4.c5.c3.c3","c4.c5.c4.c5","c4.c5.c5.c4","c4.c5.c6.c6","c4.c5.c7.c7","c4.c5.c8.c8","c4.c5.c9.c9","c4.c8.c0.c0","c4.c8.c1.c1","c4.c8.c10.c10","c4.c8.c11.c11","c4.c8.c12.c12","c4.c8.c13.c13","c4.c8.c14.c14","c4.c8.c15.c15","c4.c8.c2.c2","c4.c8.c3.c3","c4.c8.c4.c8","c4.c8.c5.c5","c4.c8.c6.c6","c4.c8.c7.c7","c4.c8.c8.c4","c4.c8.c9.c9","c5.c1.c0.c0","c5.c1.c1.c5","c5.c1.c10.c10","c5.c1.c11.c11","c5.c1.c12.c12","c5.c1.c13.c13","c5.c1.c14.c14","c5.c1.c15.c15","c5.c1.c2.c2","c5.c1.c3.c3","c5.c1.c4.c4","c5.c1.c5.c1","c5.c1.c6.c6","c5.c1.c7.c7","c5.c1.c8.c8","c5.c1.c9.c9","c5.c4.c0.c0","c5.c4.c1.c1","c5.c4.c10.c10","c5.c4.c11.c11","c5.c4.c12.c12","c5.c4.c13.c13","c5.c4.c14.c14","c5.c4.c15.c15","c5.c4.c2.c2","c5.c4.c3.c3","c5.c4.c4.c5","c5.c4.c5.c4","c5.c4.c6.c6","c5.c4.c7.c7","c5.c4.c8.c8","c5.c4.c9.c9","c5.c6.c0.c0","c5.c6.c1.c1","c5.c6.c10.c10","c5.c6.c11.c11","c5.c6.c12.c12","c5.c6.c13.c13","c5.c6.c14.c14","c5.c6.c15.c15","c5.c6.c2.c2","c5.c6.c3.c3","c5.c6.c4.c4","c5.c6.c5.c6","c5.c6.c6.c5","c5.c6.c7.c7","c5.c6.c8.c8","c5.c6.c9.c9","c5.c9.c0.c0","c5.c9.c1.c1","c5.c9.c10.c10","c5.c9.c11.c11","c5.c9.c12.c12","c5.c9.c13.c13","c5.c9.c14.c14","c5.c9.c15.c15","c5.c9.c2.c2","c5.c9.c3.c3","c5.c9.c4.c4","c5.c9.c5.c9","c5.c9.c6.c6","c5.c9.c7.c7","c5.c9.c8.c8","c5.c9.c9.c5","c6.c10.c0.c0","c6.c10.c1.c1","c6.c10.c10.c6","c6.c10.c11.c11","c6.c10.c12.c12","c6.c10.c13.c13","c6.c10.c14.c14","c6.c10.c15.c15","c6.c10.c2.c2","c6.c10.c3.c3","c6.c10.c4.c4","c6.c10.c5.c5","c6.c10.c6.c10","c6.c10.c7.c7","c6.c10.c8.c8","c6.c10.c9.c9","c6.c2.c0.c0","c6.c2.c1.c1","c6.c2.c10.c10","c6.c2.c11.c11","c6.c2.c12.c12","c6.c2.c13.c13","c6.c2.c14.c14","c6.c2.c15.c15","c6.c2.c2.c6","c6.c2.c3.c3","c6.c2.c4.c4","c6.c2.c5.c5","c6.c2.c6.c2","c6.c2.c7.c7","c6.c2.c8.c8","c6.c2.c9.c9","c6.c5.c0.c0","c6.c5.c1.c1","c6.c5.c10.c10","c6.c5.c11.c11","c6.c5.c12.c12","c6.c5.c13.c13","c6.c5.c14.c14","c6.c5.c15.c15","c6.c5.c2.c2","c6.c5.c3.c3","c6.c5.c4.c4","c6.c5.c5.c6","c6.c5.c6.c5","c6.c5.c7.c7","c6.c5.c8.c8","c6.c5.c9.c9","c6.c7.c0.c0","c6.c7.c1.c1","c6.c7.c10.c10","c6.c7.c11.c11","c6.c7.c12.c12","c6.c7.c13.c13","c6.c7.c14.c14","c6.c7.c15.c15","c6.c7.c2.c2","c6.c7.c3.c3","c6.c7.c4.c4","c6.c7.c5.c5","c6.c7.c6.c7","c6.c7.c7.c6","c6.c7.c8.c8","c6.c7.c9.c9","c7.c11.c0.c0","c7.c11.c1.c1","c7.c11.c10.c10","c7.c11.c11.c7","c7.c11.c12.c12","c7.c11.c13.c13","c7.c11.c14.c14","c7.c11.c15.c15","c7.c11.c2.c2","c7.c11.c3.c3","c7.c11.c4.c4","c7.c11.c5.c5","c7.c11.c6.c6","c7.c11.c7.c11","c7.c11.c8.c8","c7.c11.c9.c9","c7.c3.c0.c0","c7.c3.c1.c1","c7.c3.c10.c10","c7.c3.c11.c11","c7.c3.c12.c12","c7.c3.c13.c13","c7.c3.c14.c14","c7.c3.c15.c15","c7.c3.c2.c2","c7.c3.c3.c7","c7.c3.c4.c4","c7.c3.c5.c5","c7.c3.c6.c6","c7.c3.c7.c3","c7.c3.c8.c8","c7.c3.c9.c9","c7.c6.c0.c0","c7.c6.c1.c1","c7.c6.c10.c10","c7.c6.c11.c11","c7.c6.c12.c12","c7.c6.c13.c13","c7.c6.c14.c14","c7.c6.c15.c15","c7.c6.c2.c2","c7.c6.c3.c3","c7.c6.c4.c4","c7.c6.c5.c5","c7.c6.c6.c7","c7.c6.c7.c6","c7.c6.c8.c8","c7.c6.c9.c9","c8.c12.c0.c0","c8.c12.c1.c1","c8.c12.c10.c10","c8.c12.c11.c11","c8.c12.c12.c8","c8.c12.c13.c13","c8.c12.c14.c14","c8.c12.c15.c15","c8.c12.c2.c2","c8.c12.c3.c3","c8.c12.c4.c4","c8.c12.c5.c5","c8.c12.c6.c6","c8.c12.c7.c7","c8.c12.c8.c12","c8.c12.c9.c9","c8.c4.c0.c0","c8.c4.c1.c1","c8.c4.c10.c10","c8.c4.c11.c11","c8.c4.c12.c12","c8.c4.c13.c13","c8.c4.c14.c14","c8.c4.c15.c15","c8.c4.c2.c2","c8.c4.c3.c3","c8.c4.c4.c8","c8.c4.c5.c5","c8.c4.c6.c6","c8.c4.c7.c7","c8.c4.c8.c4","c8.c4.c9.c9","c8.c9.c0.c0","c8.c9.c1.c1","c8.c9.c10.c10","c8.c9.c11.c11","c8.c9.c12.c12","c8.c9.c13.c13","c8.c9.c14.c14","c8.c9.c15.c15","c8.c9.c2.c2","c8.c9.c3.c3","c8.c9.c4.c4","c8.c9.c5.c5","c8.c9.c6.c6","c8.c9.c7.c7","c8.c9.c8.c9","c8.c9.c9.c8","c9.c10.c0.c0","c9.c10.c1.c1","c9.c10.c10.c9","c9.c10.c11.c11","c9.c10.c12.c12","c9.c10.c13.c13","c9.c10.c14.c14","c9.c10.c15.c15","c9.c10.c2.c2","c9.c10.c3.c3","c9.c10.c4.c4","c9.c10.c5.c5","c9.c10.c6.c6","c9.c10.c7.c7","c9.c10.c8.c8","c9.c10.c9.c10","c9.c13.c0.c0","c9.c13.c1.c1","c9.c13.c10.c10","c9.c13.c11.c11","c9.c13.c12.c12","c9.c13.c13.c9","c9.c13.c14.c14","c9.c13.c15.c15","c9.c13.c2.c2","c9.c13.c3.c3","c9.c13.c4.c4","c9.c13.c5.c5","c9.c13.c6.c6","c9.c13.c7.c7","c9.c13.c8.c8","c9.c13.c9.c13","c9.c5.c0.c0","c9.c5.c1.c1","c9.c5.c10.c10","c9.c5.c11.c11","c9.c5.c12.c12","c9.c5.c13.c13","c9.c5.c14.c14","c9.c5.c15.c15","c9.c5.c2.c2","c9.c5.c3.c3","c9.c5.c4.c4","c9.c5.c5.c9","c9.c5.c6.c6","c9.c5.c7.c7","c9.c5.c8.c8","c9.c5.c9.c5","c9.c8.c0.c0","c9.c8.c1.c1","c9.c8.c10.c10","c9.c8.c11.c11","c9.c8.c12.c12","c9.c8.c13.c13","c9.c8.c14.c14","c9.c8.c15.c15","c9.c8.c2.c2","c9.c8.c3.c3","c9.c8.c4.c4","c9.c8.c5.c5","c9.c8.c6.c6","c9.c8.c7.c7","c9.c8.c8.c9","c9.c8.c9.c8"]),Concat(Deref("#p0"),Deref("#p36"))),Deref("#p0")),"#p38","#s39",Call("collapse",Deref("#p38");,Mention("#s37"))))))))))))))))))))
T	6f1ddd263ec2	Composition(Wrap(Unwrap(Mention("map"),Deref("l")),Deref("act")),Mention("t"))
T	71149af2e5a8	Wrap(Composition(Unwrap(Mention("map"),Deref("l")),Mention("t")),Deref("act"))
T	94b707e3c347	Iteration(Mention("frontier"),"#p0","#s1",Iteration(Mention("#s1"),"#p2","#s3",Iteration(Mention("#s3"),"#p4","#s5",Iteration(Mention("#s5"),"#p6","#s7",Iteration(Mention("#s7"),"#p8","#s9",Iteration(Mention("#s9"),"#p10","#s11",Iteration(Mention("#s11"),"#p12","#s13",Iteration(Mention("#s13"),"#p14","#s15",Iteration(Mention("#s15"),"#p16","#s17",Iteration(Mention("#s17"),"#p18","#s19",Iteration(Mention("#s19"),"#p20","#s21",Iteration(Mention("#s21"),"#p22","#s23",Iteration(Mention("#s23"),"#p24","#s25",Iteration(Mention("#s25"),"#p26","#s27",Iteration(Mention("#s27"),"#p28","#s29",Iteration(Mention("#s29"),"#p30","#s31",Iteration(Iteration(Call("superpose",Deref("#p0");,Singleton(Concat(Concat(Concat(Concat(Concat(Concat(Concat(Concat(Concat(Concat(Concat(Concat(Concat(Concat(Deref("#p2"),Deref("#p4")),Deref("#p6")),Deref("#p8")),Deref("#p10")),Deref("#p12")),Deref("#p14")),Deref("#p16")),Deref("#p18")),Deref("#p20")),Deref("#p22")),Deref("#p24")),Deref("#p26")),Deref("#p28")),Deref("#p30")))),"#p32","#s33",Iteration(Unwrap(Literal(["c0.c1.c0.c1","c0.c1.c1.c0","c0.c1.c10.c10","c0.c1.c11.c11","c0.c1.c12.c12","c0.c1.c13.c13","c0.c1.c14.c14","c0.c1.c15.c15","c0.c1.c2.c2","c0.c1.c3.c3","c0.c1.c4.c4","c0.c1.c5.c5","c0.c1.c6.c6","c0.c1.c7.c7","c0.c1.c8.c8","c0.c1.c9.c9","c0.c4.c0.c4","c0.c4.c1.c1","c0.c4.c10.c10","c0.c4.c11.c11","c0.c4.c12.c12","c0.c4.c13.c13","c0.c4.c14.c14","c0.c4.c15.c15","c0.c4.c2.c2","c0.c4.c3.c3","c0.c4.c4.c0","c0.c4.c5.c5","c0.c4.c6.c6","c0.c4.c7.c7","c0.c4.c8.c8","c0.c4.c9.c9","c1.c0.c0.c1","c1.c0.c1.c0","c1.c0.c10.c10","c1.c0.c11.c11","c1.c0.c12.c12","c1.c0.c13.c13","c1.c0.c14.c14","c1.c0.c15.c15","c1.c0.c2.c2","c1.c0.c3.c3","c1.c0.c4.c4","c1.c0.c5.c5","c1.c0.c6.c6","c1.c0.c7.c7","c1.c0.c8.c8","c1.c0.c9.c9","c1.c2.c0.c0","c1.c2.c1.c2","c1.c2.c10.c10","c1.c2.c11.c11","c1.c2.c12.c12","c1.c2.c13.c13","c1.c2.c14.c14","c1.c2.c15.c15","c1.c2.c2.c1","c1.c2.c3.c3","c1.c2.c4.c4","c1.c2.c5.c5","c1.c2.c6.c6","c1.c2.c7.c7","c1.c2.c8.c8","c1.c2.c9.c9","c1.c5.c0.c0","c1.c5.c1.c5","c1.c5.c10.c10","c1.c5.c11.c11","c1.c5.c12.c12","c1.c5.c13.c13","c1.c5.c14.c14","c1.c5.c15.c15","c1.c5.c2.c2","c1.c5.c3.c3","c1.c5.c4.c4","c1.c5.c5.c1","c1.c5.c6.c6","c1.c5.c7.c7","c1.c5.c8.c8","c1.c5.c9.c9","c10.c11.c0.c0","c10.c11.c1.c1","c10.c11.c10.c11","c10.c11.c11.c10","c10.c11.c12.c12","c10.c11.c13.c13","c10.c11.c14.c14","c10.c11.c15.c15","c10.c11.c2.c2","c10.c11.c3.c3","c10.c11.c4.c4","c10.c11.c5.c5","c10.c11.c6.c6","c10.c11.c7.c7","c10.c11.c8.c8","c10.c11.c9.c9","c10.c14.c0.c0","c10.c14.c1.c1","c10.c14.c10.c14","c10.c14.c11.c11","c10.c14.c12.c12","c10.c14.c13.c13","c10.c14.c14.c10","c10.c14.c15.c15","c10.c14.c2.c2","c10.c14.c3.c3","c10.c14.c4.c4","c10.c14.c5.c5","c10.c14.c6.c6","c10.c14.c7.c7","c10.c14.c8.c8","c10.c14.c9.c9","c10.c6.c0.c0","c10.c6.c1.c1","c10.c6.c10.c6","c10.c6.c11.c11","c10.c6.c12.c12","c10.c6.c13.c13","c10.c6.c14.c14","c10.c6.c15.c15","c10.c6.c2.c2","c10.c6.c3.c3","c10.c6.c4.c4","c10.c6.c5.c5","c10.c6.c6.c10","c10.c6.c7.c7","c10.c6.c8.c8","c10.c6.c9.c9","c10.c9.c0.c0","c10.c9.c1.c1","c10.c9.c10.c9","c10.c9.c11.c11","c10.c9.c12.c12","c10.c9.c13.c13","c10.c9.c14.c14","c10.c9.c15.c15","c10.c9.c2.c2","c10.c9.c3.c3","c10.c9.c4.c4","c10.c9.c5.c5","c10.c9.c6.c6","c10.c9.c7.c7","c10.c9.c8.c8","c10.c9.c9.c10","c11.c10.c0.c0","c11.c10.c1.c1","c11.c10.c10.c11","c11.c10.c11.c10","c11.c10.c12.c12","c11.c10.c13.c13","c11.c10.c14.c14","c11.c10.c15.c15","c11.c10.c2.c2","c11.c10.c3.c3","c11.c10.c4.c4","c11.c10.c5.c5","c11.c10.c6.c6","c11.c10.c7.c7","c11.c10.c8.c8","c11.c10.c9.c9","c11.c15.c0.c0","c11.c15.c1.c1","c11.c15.c10.c10","c11.c15.c11.c15","c11.c15.c12.c12","c11.c15.c13.c13","c11.c15.c14.c14","c11.c15.c15.c11","c11.c15.c2.c2","c11.c15.c3.c3","c11.c15.c4.c4","c11.c15.c5.c5","c11.c15.c6.c6","c11.c15.c7.c7","c11.c15.c8.c8","c11.c15.c9.c9","c11.c7.c0.c0","c11.c7.c1.c1","c11.c7.c10.c10","c11.c7.c11.c7","c11.c7.c12.c12","c11.c7.c13.c13","c11.c7.c14.c14","c11.c7.c15.c15","c11.c7.c2.c2","c11.c7.c3.c3","c11.c7.c4.c4","c11.c7.c5.c5","c11.c7.c6.c6","c11.c7.c7.c11","c11.c7.c8.c8","c11.c7.c9.c9","c12.c13.c0.c0","c12.c13.c1.c1","c12.c13.c10.c10","c12.c13.c11.c11","c12.c13.c12.c13","c12.c13.c13.c12","c12.c13.c14.c14","c12.c13.c15.c15","c12.c13.c2.c2","c12.c13.c3.c3","c12.c13.c4.c4","c12.c13.c5.c5","c12.c13.c6.c6","c12.c13.c7.c7","c12.c13.c8.c8","c12.c13.c9.c9","c12.c8.c0.c0","c12.c8.c1.c1","c12.c8.c10.c10","c12.c8.c11.c11","c12.c8.c12.c8","c12.c8.c13.c13","c12.c8.c14.c14","c12.c8.c15.c15","c12.c8.c2.c2","c12.c8.c3.c3","c12.c8.c4.c4","c12.c8.c5.c5","c12.c8.c6.c6","c12.c8.c7.c7","c12.c8.c8.c12","c12.c8.c9.c9","c13.c12.c0.c0","c13.c12.c1.c1","c13.c12.c10.c10","c13.c12.c11.c11","c13.c12.c12.c13","c13.c12.c13.c12","c13.c12.c14.c14","c13.c12.c15.c15","c13.c12.c2.c2","c13.c12.c3.c3","c13.c12.c4.c4","c13.c12.c5.c5","c13.c12.c6.c6","c13.c12.c7.c7","c13.c12.c8.c8","c13.c12.c9.c9","c13.c14.c0.c0","c13.c14.c1.c1","c13.c14.c10.c10","c13.c14.c11.c11","c13.c14.c12.c12","c13.c14.c13.c14","c13.c14.c14.c13","c13.c14.c15.c15","c13.c14.c2.c2","c13.c14.c3.c3","c13.c14.c4.c4","c13.c14.c5.c5","c13.c14.c6.c6","c13.c14.c7.c7","c13.c14.c8.c8","c13.c14.c9.c9","c13.c9.c0.c0","c13.c9.c1.c1","c13.c9.c10.c10","c13.c9.c11.c11","c13.c9.c12.c12","c13.c9.c13.c9","c13.c9.c14.c14","c13.c9.c15.c15","c13.c9.c2.c2","c13.c9.c3.c3","c13.c9.c4.c4","c13.c9.c5.c5","c13.c9.c6.c6","c13.c9.c7.c7","c13.c9.c8.c8","c13.c9.c9.c13","c14.c10.c0.c0","c14.c10.c1.c1","c14.c10.c10.c14","c14.c10.c11.c11","c14.c10.c12.c12","c14.c10.c13.c13","c14.c10.c14.c10","c14.c10.c15.c15","c14.c10.c2.c2","c14.c10.c3.c3","c14.c10.c4.c4","c14.c10.c5.c5","c14.c10.c6.c6","c14.c10.c7.c7","c14.c10.c8.c8","c14.c10.c9.c9","c14.c13.c0.c0","c14.c13.c1.c1","c14.c13.c10.c10","c14.c13.c11.c11","c14.c13.c12.c12","c14.c13.c13.c14","c14.c13.c14.c13","c14.c13.c15.c15","c14.c13.c2.c2","c14.c13.c3.c3","c14.c13.c4.c4","c14.c13.c5.c5","c14.c13.c6.c6","c14.c13.c7.c7","c14.c13.c8.c8","c14.c13.c9.c9","c14.c15.c0.c0","c14.c15.c1.c1","c14.c15.c10.c10","c14.c15.c11.c11","c14.c15.c12.c12","c14.c15.c13.c13","c14.c15.c14.c15","c14.c15.c15.c14","c14.c15.c2.c2","c14.c15.c3.c3","c14.c15.c4.c4","c14.c15.c5.c5","c14.c15.c6.c6","c14.c15.c7.c7","c14.c15.c8.c8","c14.c15.c9.c9","c15.c11.c0.c0","c15.c11.c1.c1","c15.c11.c10.c10","c15.c11.c11.c15","c15.c11.c12.c12","c15.c11.c13.c13","c15.c11.c14.c14","c15.c11.c15.c11","c15.c11.c2.c2","c15.c11.c3.c3","c15.c11.c4.c4","c15.c11.c5.c5","c15.c11.c6.c6","c15.c11.c7.c7","c15.c11.c8.c8","c15.c11.c9.c9","c15.c14.c0.c0","c15.c14.c1.c1","c15.c14.c10.c10","c15.c14.c11.c11","c15.c14.c12.c12","c15.c14.c13.c13","c15.c14.c14.c15","c15.c14.c15.c14","c15.c14.c2.c2","c15.c14.c3.c3","c15.c14.c4.c4","c15.c14.c5.c5","c15.c14.c6.c6","c15.c14.c7.c7","c15.c14.c8.c8","c15.c14.c9.c9","c2.c1.c0.c0","c2.c1.c1.c2","c2.c1.c10.c10","c2.c1.c11.c11","c2.c1.c12.c12","c2.c1.c13.c13","c2.c1.c14.c14","c2.c1.c15.c15","c2.c1.c2.c1","c2.c1.c3.c3","c2.c1.c4.c4","c2.c1.c5.c5","c2.c1.c6.c6","c2.c1.c7.c7","c2.c1.c8.c8","c2.c1.c9.c9","c2.c3.c0.c0","c2.c3.c1.c1","c2.c3.c10.c10","c2.c3.c11.c11","c2.c3.c12.c12","c2.c3.c13.c13","c2.c3.c14.c14","c2.c3.c15.c15","c2.c3.c2.c3","c2.c3.c3.c2","c2.c3.c4.c4","c2.c3.c5.c5","c2.c3.c6.c6","c2.c3.c7.c7","c2.c3.c8.c8","c2.c3.c9.c9","c2.c6.c0.c0","c2.c6.c1.c1","c2.c6.c10.c10","c2.c6.c11.c11","c2.c6.c12.c12","c2.c6.c13.c13","c2.c6.c14.c14","c2.c6.c15.c15","c2.c6.c2.c6","c2.c6.c3.c3","c2.c6.c4.c4","c2.c6.c5.c5","c2.c6.c6.c2","c2.c6.c7.c7","c2.c6.c8.c8","c2.c6.c9.c9","c3.c2.c0.c0","c3.c2.c1.c1","c3.c2.c10.c10","c3.c2.c11.c11","c3.c2.c12.c12","c3.c2.c13.c13","c3.c2.c14.c14","c3.c2.c15.c15","c3.c2.c2.c3","c3.c2.c3.c2","c3.c2.c4.c4","c3.c2.c5.c5","c3.c2.c6.c6","c3.c2.c7.c7","c3.c2.c8.c8","c3.c2.c9.c9","c3.c7.c0.c0","c3.c7.c1.c1","c3.c7.c10.c10","c3.c7.c11.c11","c3.c7.c12.c12","c3.c7.c13.c13","c3.c7.c14.c14","c3.c7.c15.c15","c3.c7.c2.c2","c3.c7.c3.c7","c3.c7.c4.c4","c3.c7.c5.c5","c3.c7.c6.c6","c3.c7.c7.c3","c3.c7.c8.c8","c3.c7.c9.c9","c4.c0.c0.c4","c4.c0.c1.c1","c4.c0.c10.c10","c4.c0.c11.c11","c4.c0.c12.c12","c4.c0.c13.c13","c4.c0.c14.c14","c4.c0.c15.c15","c4.c0.c2.c2","c4.c0.c3.c3","c4.c0.c4.c0","c4.c0.c5.c5","c4.c0.c6.c6","c4.c0.c7.c7","c4.c0.c8.c8","c4.c0.c9.c9","c4.c5.c0.c0","c4.c5.c1.c1","c4.c5.c10.c10","c4.c5.c11.c11","c4.c5.c12.c12","c4.c5.c13.c13","c4.c5.c14.c14","c4.c5.c15.c15","c4.c5.c2.c2","c4.c5.c3.c3","c4.c5.c4.c5","c4.c5.c5.c4","c4.c5.c6.c6","c4.c5.c7.c7","c4.c5.c8.c8","c4.c5.c9.c9","c4.c8.c0.c0","c4.c8.c1.c1","c4.c8.c10.c10","c4.c8.c11.c11","c4.c8.c12.c12","c4.c8.c13.c13","c4.c8.c14.c14","c4.c8.c15.c15","c4.c8.c2.c2","c4.c8.c3.c3","c4.c8.c4.c8","c4.c8.c5.c5","c4.c8.c6.c6","c4.c8.c7.c7","c4.c8.c8.c4","c4.c8.c9.c9","c5.c1.c0.c0","c5.c1.c1.c5","c5.c1.c10.c10","c5.c1.c11.c11","c5.c1.c12.c12","c5.c1.c13.c13","c5.c1.c14.c14","c5.c1.c15.c15","c5.c1.c2.c2","c5.c1.c3.c3","c5.c1.c4.c4","c5.c1.c5.c1","c5.c1.c6.c6","c5.c1.c7.c7","c5.c1.c8.c8","c5.c1.c9.c9","c5.c4.c0.c0","c5.c4.c1.c1","c5.c4.c10.c10","c5.c4.c11.c11","c5.c4.c12.c12","c5.c4.c13.c13","c5.c4.c14.c14","c5.c4.c15.c15","c5.c4.c2.c2","c5.c4.c3.c3","c5.c4.c4.c5","c5.c4.c5.c4","c5.c4.c6.c6","c5.c4.c7.c7","c5.c4.c8.c8","c5.c4.c9.c9","c5.c6.c0.c0","c5.c6.c1.c1","c5.c6.c10.c10","c5.c6.c11.c11","c5.c6.c12.c12","c5.c6.c13.c13","c5.c6.c14.c14","c5.c6.c15.c15","c5.c6.c2.c2","c5.c6.c3.c3","c5.c6.c4.c4","c5.c6.c5.c6","c5.c6.c6.c5","c5.c6.c7.c7","c5.c6.c8.c8","c5.c6.c9.c9","c5.c9.c0.c0","c5.c9.c1.c1","c5.c9.c10.c10","c5.c9.c11.c11","c5.c9.c12.c12","c5.c9.c13.c13","c5.c9.c14.c14","c5.c9.c15.c15","c5.c9.c2.c2","c5.c9.c3.c3","c5.c9.c4.c4","c5.c9.c5.c9","c5.c9.c6.c6","c5.c9.c7.c7","c5.c9.c8.c8","c5.c9.c9.c5","c6.c10.c0.c0","c6.c10.c1.c1","c6.c10.c10.c6","c6.c10.c11.c11","c6.c10.c12.c12","c6.c10.c13.c13","c6.c10.c14.c14","c6.c10.c15.c15","c6.c10.c2.c2","c6.c10.c3.c3","c6.c10.c4.c4","c6.c10.c5.c5","c6.c10.c6.c10","c6.c10.c7.c7","c6.c10.c8.c8","c6.c10.c9.c9","c6.c2.c0.c0","c6.c2.c1.c1","c6.c2.c10.c10","c6.c2.c11.c11","c6.c2.c12.c12","c6.c2.c13.c13","c6.c2.c14.c14","c6.c2.c15.c15","c6.c2.c2.c6","c6.c2.c3.c3","c6.c2.c4.c4","c6.c2.c5.c5","c6.c2.c6.c2","c6.c2.c7.c7","c6.c2.c8.c8","c6.c2.c9.c9","c6.c5.c0.c0","c6.c5.c1.c1","c6.c5.c10.c10","c6.c5.c11.c11","c6.c5.c12.c12","c6.c5.c13.c13","c6.c5.c14.c14","c6.c5.c15.c15","c6.c5.c2.c2","c6.c5.c3.c3","c6.c5.c4.c4","c6.c5.c5.c6","c6.c5.c6.c5","c6.c5.c7.c7","c6.c5.c8.c8","c6.c5.c9.c9","c6.c7.c0.c0","c6.c7.c1.c1","c6.c7.c10.c10","c6.c7.c11.c11","c6.c7.c12.c12","c6.c7.c13.c13","c6.c7.c14.c14","c6.c7.c15.c15","c6.c7.c2.c2","c6.c7.c3.c3","c6.c7.c4.c4","c6.c7.c5.c5","c6.c7.c6.c7","c6.c7.c7.c6","c6.c7.c8.c8","c6.c7.c9.c9","c7.c11.c0.c0","c7.c11.c1.c1","c7.c11.c10.c10","c7.c11.c11.c7","c7.c11.c12.c12","c7.c11.c13.c13","c7.c11.c14.c14","c7.c11.c15.c15","c7.c11.c2.c2","c7.c11.c3.c3","c7.c11.c4.c4","c7.c11.c5.c5","c7.c11.c6.c6","c7.c11.c7.c11","c7.c11.c8.c8","c7.c11.c9.c9","c7.c3.c0.c0","c7.c3.c1.c1","c7.c3.c10.c10","c7.c3.c11.c11","c7.c3.c12.c12","c7.c3.c13.c13","c7.c3.c14.c14","c7.c3.c15.c15","c7.c3.c2.c2","c7.c3.c3.c7","c7.c3.c4.c4","c7.c3.c5.c5","c7.c3.c6.c6","c7.c3.c7.c3","c7.c3.c8.c8","c7.c3.c9.c9","c7.c6.c0.c0","c7.c6.c1.c1","c7.c6.c10.c10","c7.c6.c11.c11","c7.c6.c12.c12","c7.c6.c13.c13","c7.c6.c14.c14","c7.c6.c15.c15","c7.c6.c2.c2","c7.c6.c3.c3","c7.c6.c4.c4","c7.c6.c5.c5","c7.c6.c6.c7","c7.c6.c7.c6","c7.c6.c8.c8","c7.c6.c9.c9","c8.c12.c0.c0","c8.c12.c1.c1","c8.c12.c10.c10","c8.c12.c11.c11","c8.c12.c12.c8","c8.c12.c13.c13","c8.c12.c14.c14","c8.c12.c15.c15","c8.c12.c2.c2","c8.c12.c3.c3","c8.c12.c4.c4","c8.c12.c5.c5","c8.c12.c6.c6","c8.c12.c7.c7","c8.c12.c8.c12","c8.c12.c9.c9","c8.c4.c0.c0","c8.c4.c1.c1","c8.c4.c10.c10","c8.c4.c11.c11","c8.c4.c12.c12","c8.c4.c13.c13","c8.c4.c14.c14","c8.c4.c15.c15","c8.c4.c2.c2","c8.c4.c3.c3","c8.c4.c4.c8","c8.c4.c5.c5","c8.c4.c6.c6","c8.c4.c7.c7","c8.c4.c8.c4","c8.c4.c9.c9","c8.c9.c0.c0","c8.c9.c1.c1","c8.c9.c10.c10","c8.c9.c11.c11","c8.c9.c12.c12","c8.c9.c13.c13","c8.c9.c14.c14","c8.c9.c15.c15","c8.c9.c2.c2","c8.c9.c3.c3","c8.c9.c4.c4","c8.c9.c5.c5","c8.c9.c6.c6","c8.c9.c7.c7","c8.c9.c8.c9","c8.c9.c9.c8","c9.c10.c0.c0","c9.c10.c1.c1","c9.c10.c10.c9","c9.c10.c11.c11","c9.c10.c12.c12","c9.c10.c13.c13","c9.c10.c14.c14","c9.c10.c15.c15","c9.c10.c2.c2","c9.c10.c3.c3","c9.c10.c4.c4","c9.c10.c5.c5","c9.c10.c6.c6","c9.c10.c7.c7","c9.c10.c8.c8","c9.c10.c9.c10","c9.c13.c0.c0","c9.c13.c1.c1","c9.c13.c10.c10","c9.c13.c11.c11","c9.c13.c12.c12","c9.c13.c13.c9","c9.c13.c14.c14","c9.c13.c15.c15","c9.c13.c2.c2","c9.c13.c3.c3","c9.c13.c4.c4","c9.c13.c5.c5","c9.c13.c6.c6","c9.c13.c7.c7","c9.c13.c8.c8","c9.c13.c9.c13","c9.c5.c0.c0","c9.c5.c1.c1","c9.c5.c10.c10","c9.c5.c11.c11","c9.c5.c12.c12","c9.c5.c13.c13","c9.c5.c14.c14","c9.c5.c15.c15","c9.c5.c2.c2","c9.c5.c3.c3","c9.c5.c4.c4","c9.c5.c5.c9","c9.c5.c6.c6","c9.c5.c7.c7","c9.c5.c8.c8","c9.c5.c9.c5","c9.c8.c0.c0","c9.c8.c1.c1","c9.c8.c10.c10","c9.c8.c11.c11","c9.c8.c12.c12","c9.c8.c13.c13","c9.c8.c14.c14","c9.c8.c15.c15","c9.c8.c2.c2","c9.c8.c3.c3","c9.c8.c4.c4","c9.c8.c5.c5","c9.c8.c6.c6","c9.c8.c7.c7","c9.c8.c8.c9","c9.c8.c9.c8"]),Deref("#p0")),"#p34","#s35",Wrap(Composition(Unwrap(Mention("#s35"),Deref("#p32")),Mention("#s33")),Deref("#p34")))),"#p36","#s37",Iteration(Unwrap(Unwrap(Literal(["c0.c1.c0.c1","c0.c1.c1.c0","c0.c1.c10.c10","c0.c1.c11.c11","c0.c1.c12.c12","c0.c1.c13.c13","c0.c1.c14.c14","c0.c1.c15.c15","c0.c1.c2.c2","c0.c1.c3.c3","c0.c1.c4.c4","c0.c1.c5.c5","c0.c1.c6.c6","c0.c1.c7.c7","c0.c1.c8.c8","c0.c1.c9.c9","c0.c4.c0.c4","c0.c4.c1.c1","c0.c4.c10.c10","c0.c4.c11.c11","c0.c4.c12.c12","c0.c4.c13.c13","c0.c4.c14.c14","c0.c4.c15.c15","c0.c4.c2.c2","c0.c4.c3.c3","c0.c4.c4.c0","c0.c4.c5.c5","c0.c4.c6.c6","c0.c4.c7.c7","c0.c4.c8.c8","c0.c4.c9.c9","c1.c0.c0.c1","c1.c0.c1.c0","c1.c0.c10.c10","c1.c0.c11.c11","c1.c0.c12.c12","c1.c0.c13.c13","c1.c0.c14.c14","c1.c0.c15.c15","c1.c0.c2.c2","c1.c0.c3.c3","c1.c0.c4.c4","c1.c0.c5.c5","c1.c0.c6.c6","c1.c0.c7.c7","c1.c0.c8.c8","c1.c0.c9.c9","c1.c2.c0.c0","c1.c2.c1.c2","c1.c2.c10.c10","c1.c2.c11.c11","c1.c2.c12.c12","c1.c2.c13.c13","c1.c2.c14.c14","c1.c2.c15.c15","c1.c2.c2.c1","c1.c2.c3.c3","c1.c2.c4.c4","c1.c2.c5.c5","c1.c2.c6.c6","c1.c2.c7.c7","c1.c2.c8.c8","c1.c2.c9.c9","c1.c5.c0.c0","c1.c5.c1.c5","c1.c5.c10.c10","c1.c5.c11.c11","c1.c5.c12.c12","c1.c5.c13.c13","c1.c5.c14.c14","c1.c5.c15.c15","c1.c5.c2.c2","c1.c5.c3.c3","c1.c5.c4.c4","c1.c5.c5.c1","c1.c5.c6.c6","c1.c5.c7.c7","c1.c5.c8.c8","c1.c5.c9.c9","c10.c11.c0.c0","c10.c11.c1.c1","c10.c11.c10.c11","c10.c11.c11.c10","c10.c11.c12.c12","c10.c11.c13.c13","c10.c11.c14.c14","c10.c11.c15.c15","c10.c11.c2.c2","c10.c11.c3.c3","c10.c11.c4.c4","c10.c11.c5.c5","c10.c11.c6.c6","c10.c11.c7.c7","c10.c11.c8.c8","c10.c11.c9.c9","c10.c14.c0.c0","c10.c14.c1.c1","c10.c14.c10.c14","c10.c14.c11.c11","c10.c14.c12.c12","c10.c14.c13.c13","c10.c14.c14.c10","c10.c14.c15.c15","c10.c14.c2.c2","c10.c14.c3.c3","c10.c14.c4.c4","c10.c14.c5.c5","c10.c14.c6.c6","c10.c14.c7.c7","c10.c14.c8.c8","c10.c14.c9.c9","c10.c6.c0.c0","c10.c6.c1.c1","c10.c6.c10.c6","c10.c6.c11.c11","c10.c6.c12.c12","c10.c6.c13.c13","c10.c6.c14.c14","c10.c6.c15.c15","c10.c6.c2.c2","c10.c6.c3.c3","c10.c6.c4.c4","c10.c6.c5.c5","c10.c6.c6.c10","c10.c6.c7.c7","c10.c6.c8.c8","c10.c6.c9.c9","c10.c9.c0.c0","c10.c9.c1.c1","c10.c9.c10.c9","c10.c9.c11.c11","c10.c9.c12.c12","c10.c9.c13.c13","c10.c9.c14.c14","c10.c9.c15.c15","c10.c9.c2.c2","c10.c9.c3.c3","c10.c9.c4.c4","c10.c9.c5.c5","c10.c9.c6.c6","c10.c9.c7.c7","c10.c9.c8.c8","c10.c9.c9.c10","c11.c10.c0.c0","c11.c10.c1.c1","c11.c10.c10.c11","c11.c10.c11.c10","c11.c10.c12.c12","c11.c10.c13.c13","c11.c10.c14.c14","c11.c10.c15.c15","c11.c10.c2.c2","c11.c10.c3.c3","c11.c10.c4.c4","c11.c10.c5.c5","c11.c10.c6.c6","c11.c10.c7.c7","c11.c10.c8.c8","c11.c10.c9.c9","c11.c15.c0.c0","c11.c15.c1.c1","c11.c15.c10.c10","c11.c15.c11.c15","c11.c15.c12.c12","c11.c15.c13.c13","c11.c15.c14.c14","c11.c15.c15.c11","c11.c15.c2.c2","c11.c15.c3.c3","c11.c15.c4.c4","c11.c15.c5.c5","c11.c15.c6.c6","c11.c15.c7.c7","c11.c15.c8.c8","c11.c15.c9.c9","c11.c7.c0.c0","c11.c7.c1.c1","c11.c7.c10.c10","c11.c7.c11.c7","c11.c7.c12.c12","c11.c7.c13.c13","c11.c7.c14.c14","c11.c7.c15.c15","c11.c7.c2.c2","c11.c7.c3.c3","c11.c7.c4.c4","c11.c7.c5.c5","c11.c7.c6.c6","c11.c7.c7.c11","c11.c7.c8.c8","c11.c7.c9.c9","c12.c13.c0.c0","c12.c13.c1.c1","c12.c13.c10.c10","c12.c13.c11.c11","c12.c13.c12.c13","c12.c13.c13.c12","c12.c13.c14.c14","c12.c13.c15.c15","c12.c13.c2.c2","c12.c13.c3.c3","c12.c13.c4.c4","c12.c13.c5.c5","c12.c13.c6.c6","c12.c13.c7.c7","c12.c13.c8.c8","c12.c13.c9.c9","c12.c8.c0.c0","c12.c8.c1.c1","c12.c8.c10.c10","c12.c8.c11.c11","c12.c8.c12.c8","c12.c8.c13.c13","c12.c8.c14.c14","c12.c8.c15.c15","c12.c8.c2.c2","c12.c8.c3.c3","c12.c8.c4.c4","c12.c8.c5.c5","c12.c8.c6.c6","c12.c8.c7.c7","c12.c8.c8.c12","c12.c8.c9.c9","c13.c12.c0.c0","c13.c12.c1.c1","c13.c12.c10.c10","c13.c12.c11.c11","c13.c12.c12.c13","c13.c12.c13.c12","c13.c12.c14.c14","c13.c12.c15.c15","c13.c12.c2.c2","c13.c12.c3.c3","c13.c12.c4.c4","c13.c12.c5.c5","c13.c12.c6.c6","c13.c12.c7.c7","c13.c12.c8.c8","c13.c12.c9.c9","c13.c14.c0.c0","c13.c14.c1.c1","c13.c14.c10.c10","c13.c14.c11.c11","c13.c14.c12.c12","c13.c14.c13.c14","c13.c14.c14.c13","c13.c14.c15.c15","c13.c14.c2.c2","c13.c14.c3.c3","c13.c14.c4.c4","c13.c14.c5.c5","c13.c14.c6.c6","c13.c14.c7.c7","c13.c14.c8.c8","c13.c14.c9.c9","c13.c9.c0.c0","c13.c9.c1.c1","c13.c9.c10.c10","c13.c9.c11.c11","c13.c9.c12.c12","c13.c9.c13.c9","c13.c9.c14.c14","c13.c9.c15.c15","c13.c9.c2.c2","c13.c9.c3.c3","c13.c9.c4.c4","c13.c9.c5.c5","c13.c9.c6.c6","c13.c9.c7.c7","c13.c9.c8.c8","c13.c9.c9.c13","c14.c10.c0.c0","c14.c10.c1.c1","c14.c10.c10.c14","c14.c10.c11.c11","c14.c10.c12.c12","c14.c10.c13.c13","c14.c10.c14.c10","c14.c10.c15.c15","c14.c10.c2.c2","c14.c10.c3.c3","c14.c10.c4.c4","c14.c10.c5.c5","c14.c10.c6.c6","c14.c10.c7.c7","c14.c10.c8.c8","c14.c10.c9.c9","c14.c13.c0.c0","c14.c13.c1.c1","c14.c13.c10.c10","c14.c13.c11.c11","c14.c13.c12.c12","c14.c13.c13.c14","c14.c13.c14.c13","c14.c13.c15.c15","c14.c13.c2.c2","c14.c13.c3.c3","c14.c13.c4.c4","c14.c13.c5.c5","c14.c13.c6.c6","c14.c13.c7.c7","c14.c13.c8.c8","c14.c13.c9.c9","c14.c15.c0.c0","c14.c15.c1.c1","c14.c15.c10.c10","c14.c15.c11.c11","c14.c15.c12.c12","c14.c15.c13.c13","c14.c15.c14.c15","c14.c15.c15.c14","c14.c15.c2.c2","c14.c15.c3.c3","c14.c15.c4.c4","c14.c15.c5.c5","c14.c15.c6.c6","c14.c15.c7.c7","c14.c15.c8.c8","c14.c15.c9.c9","c15.c11.c0.c0","c15.c11.c1.c1","c15.c11.c10.c10","c15.c11.c11.c15","c15.c11.c12.c12","c15.c11.c13.c13","c15.c11.c14.c14","c15.c11.c15.c11","c15.c11.c2.c2","c15.c11.c3.c3","c15.c11.c4.c4","c15.c11.c5.c5","c15.c11.c6.c6","c15.c11.c7.c7","c15.c11.c8.c8","c15.c11.c9.c9","c15.c14.c0.c0","c15.c14.c1.c1","c15.c14.c10.c10","c15.c14.c11.c11","c15.c14.c12.c12","c15.c14.c13.c13","c15.c14.c14.c15","c15.c14.c15.c14","c15.c14.c2.c2","c15.c14.c3.c3","c15.c14.c4.c4","c15.c14.c5.c5","c15.c14.c6.c6","c15.c14.c7.c7","c15.c14.c8.c8","c15.c14.c9.c9","c2.c1.c0.c0","c2.c1.c1.c2","c2.c1.c10.c10","c2.c1.c11.c11","c2.c1.c12.c12","c2.c1.c13.c13","c2.c1.c14.c14","c2.c1.c15.c15","c2.c1.c2.c1","c2.c1.c3.c3","c2.c1.c4.c4","c2.c1.c5.c5","c2.c1.c6.c6","c2.c1.c7.c7","c2.c1.c8.c8","c2.c1.c9.c9","c2.c3.c0.c0","c2.c3.c1.c1","c2.c3.c10.c10","c2.c3.c11.c11","c2.c3.c12.c12","c2.c3.c13.c13","c2.c3.c14.c14","c2.c3.c15.c15","c2.c3.c2.c3","c2.c3.c3.c2","c2.c3.c4.c4","c2.c3.c5.c5","c2.c3.c6.c6","c2.c3.c7.c7","c2.c3.c8.c8","c2.c3.c9.c9","c2.c6.c0.c0","c2.c6.c1.c1","c2.c6.c10.c10","c2.c6.c11.c11","c2.c6.c12.c12","c2.c6.c13.c13","c2.c6.c14.c14","c2.c6.c15.c15","c2.c6.c2.c6","c2.c6.c3.c3","c2.c6.c4.c4","c2.c6.c5.c5","c2.c6.c6.c2","c2.c6.c7.c7","c2.c6.c8.c8","c2.c6.c9.c9","c3.c2.c0.c0","c3.c2.c1.c1","c3.c2.c10.c10","c3.c2.c11.c11","c3.c2.c12.c12","c3.c2.c13.c13","c3.c2.c14.c14","c3.c2.c15.c15","c3.c2.c2.c3","c3.c2.c3.c2","c3.c2.c4.c4","c3.c2.c5.c5","c3.c2.c6.c6","c3.c2.c7.c7","c3.c2.c8.c8","c3.c2.c9.c9","c3.c7.c0.c0","c3.c7.c1.c1","c3.c7.c10.c10","c3.c7.c11.c11","c3.c7.c12.c12","c3.c7.c13.c13","c3.c7.c14.c14","c3.c7.c15.c15","c3.c7.c2.c2","c3.c7.c3.c7","c3.c7.c4.c4","c3.c7.c5.c5","c3.c7.c6.c6","c3.c7.c7.c3","c3.c7.c8.c8","c3.c7.c9.c9","c4.c0.c0.c4","c4.c0.c1.c1","c4.c0.c10.c10","c4.c0.c11.c11","c4.c0.c12.c12","c4.c0.c13.c13","c4.c0.c14.c14","c4.c0.c15.c15","c4.c0.c2.c2","c4.c0.c3.c3","c4.c0.c4.c0","c4.c0.c5.c5","c4.c0.c6.c6","c4.c0.c7.c7","c4.c0.c8.c8","c4.c0.c9.c9","c4.c5.c0.c0","c4.c5.c1.c1","c4.c5.c10.c10","c4.c5.c11.c11","c4.c5.c12.c12","c4.c5.c13.c13","c4.c5.c14.c14","c4.c5.c15.c15","c4.c5.c2.c2","c4.c5.c3.c3","c4.c5.c4.c5","c4.c5.c5.c4","c4.c5.c6.c6","c4.c5.c7.c7","c4.c5.c8.c8","c4.c5.c9.c9","c4.c8.c0.c0","c4.c8.c1.c1","c4.c8.c10.c10","c4.c8.c11.c11","c4.c8.c12.c12","c4.c8.c13.c13","c4.c8.c14.c14","c4.c8.c15.c15","c4.c8.c2.c2","c4.c8.c3.c3","c4.c8.c4.c8","c4.c8.c5.c5","c4.c8.c6.c6","c4.c8.c7.c7","c4.c8.c8.c4","c4.c8.c9.c9","c5.c1.c0.c0","c5.c1.c1.c5","c5.c1.c10.c10","c5.c1.c11.c11","c5.c1.c12.c12","c5.c1.c13.c13","c5.c1.c14.c14","c5.c1.c15.c15","c5.c1.c2.c2","c5.c1.c3.c3","c5.c1.c4.c4","c5.c1.c5.c1","c5.c1.c6.c6","c5.c1.c7.c7","c5.c1.c8.c8","c5.c1.c9.c9","c5.c4.c0.c0","c5.c4.c1.c1","c5.c4.c10.c10","c5.c4.c11.c11","c5.c4.c12.c12","c5.c4.c13.c13","c5.c4.c14.c14","c5.c4.c15.c15","c5.c4.c2.c2","c5.c4.c3.c3","c5.c4.c4.c5","c5.c4.c5.c4","c5.c4.c6.c6","c5.c4.c7.c7","c5.c4.c8.c8","c5.c4.c9.c9","c5.c6.c0.c0","c5.c6.c1.c1","c5.c6.c10.c10","c5.c6.c11.c11","c5.c6.c12.c12","c5.c6.c13.c13","c5.c6.c14.c14","c5.c6.c15.c15","c5.c6.c2.c2","c5.c6.c3.c3","c5.c6.c4.c4","c5.c6.c5.c6","c5.c6.c6.c5","c5.c6.c7.c7","c5.c6.c8.c8","c5.c6.c9.c9","c5.c9.c0.c0","c5.c9.c1.c1","c5.c9.c10.c10","c5.c9.c11.c11","c5.c9.c12.c12","c5.c9.c13.c13","c5.c9.c14.c14","c5.c9.c15.c15","c5.c9.c2.c2","c5.c9.c3.c3","c5.c9.c4.c4","c5.c9.c5.c9","c5.c9.c6.c6","c5.c9.c7.c7","c5.c9.c8.c8","c5.c9.c9.c5","c6.c10.c0.c0","c6.c10.c1.c1","c6.c10.c10.c6","c6.c10.c11.c11","c6.c10.c12.c12","c6.c10.c13.c13","c6.c10.c14.c14","c6.c10.c15.c15","c6.c10.c2.c2","c6.c10.c3.c3","c6.c10.c4.c4","c6.c10.c5.c5","c6.c10.c6.c10","c6.c10.c7.c7","c6.c10.c8.c8","c6.c10.c9.c9","c6.c2.c0.c0","c6.c2.c1.c1","c6.c2.c10.c10","c6.c2.c11.c11","c6.c2.c12.c12","c6.c2.c13.c13","c6.c2.c14.c14","c6.c2.c15.c15","c6.c2.c2.c6","c6.c2.c3.c3","c6.c2.c4.c4","c6.c2.c5.c5","c6.c2.c6.c2","c6.c2.c7.c7","c6.c2.c8.c8","c6.c2.c9.c9","c6.c5.c0.c0","c6.c5.c1.c1","c6.c5.c10.c10","c6.c5.c11.c11","c6.c5.c12.c12","c6.c5.c13.c13","c6.c5.c14.c14","c6.c5.c15.c15","c6.c5.c2.c2","c6.c5.c3.c3","c6.c5.c4.c4","c6.c5.c5.c6","c6.c5.c6.c5","c6.c5.c7.c7","c6.c5.c8.c8","c6.c5.c9.c9","c6.c7.c0.c0","c6.c7.c1.c1","c6.c7.c10.c10","c6.c7.c11.c11","c6.c7.c12.c12","c6.c7.c13.c13","c6.c7.c14.c14","c6.c7.c15.c15","c6.c7.c2.c2","c6.c7.c3.c3","c6.c7.c4.c4","c6.c7.c5.c5","c6.c7.c6.c7","c6.c7.c7.c6","c6.c7.c8.c8","c6.c7.c9.c9","c7.c11.c0.c0","c7.c11.c1.c1","c7.c11.c10.c10","c7.c11.c11.c7","c7.c11.c12.c12","c7.c11.c13.c13","c7.c11.c14.c14","c7.c11.c15.c15","c7.c11.c2.c2","c7.c11.c3.c3","c7.c11.c4.c4","c7.c11.c5.c5","c7.c11.c6.c6","c7.c11.c7.c11","c7.c11.c8.c8","c7.c11.c9.c9","c7.c3.c0.c0","c7.c3.c1.c1","c7.c3.c10.c10","c7.c3.c11.c11","c7.c3.c12.c12","c7.c3.c13.c13","c7.c3.c14.c14","c7.c3.c15.c15","c7.c3.c2.c2","c7.c3.c3.c7","c7.c3.c4.c4","c7.c3.c5.c5","c7.c3.c6.c6","c7.c3.c7.c3","c7.c3.c8.c8","c7.c3.c9.c9","c7.c6.c0.c0","c7.c6.c1.c1","c7.c6.c10.c10","c7.c6.c11.c11","c7.c6.c12.c12","c7.c6.c13.c13","c7.c6.c14.c14","c7.c6.c15.c15","c7.c6.c2.c2","c7.c6.c3.c3","c7.c6.c4.c4","c7.c6.c5.c5","c7.c6.c6.c7","c7.c6.c7.c6","c7.c6.c8.c8","c7.c6.c9.c9","c8.c12.c0.c0","c8.c12.c1.c1","c8.c12.c10.c10","c8.c12.c11.c11","c8.c12.c12.c8","c8.c12.c13.c13","c8.c12.c14.c14","c8.c12.c15.c15","c8.c12.c2.c2","c8.c12.c3.c3","c8.c12.c4.c4","c8.c12.c5.c5","c8.c12.c6.c6","c8.c12.c7.c7","c8.c12.c8.c12","c8.c12.c9.c9","c8.c4.c0.c0","c8.c4.c1.c1","c8.c4.c10.c10","c8.c4.c11.c11","c8.c4.c12.c12","c8.c4.c13.c13","c8.c4.c14.c14","c8.c4.c15.c15","c8.c4.c2.c2","c8.c4.c3.c3","c8.c4.c4.c8","c8.c4.c5.c5","c8.c4.c6.c6","c8.c4.c7.c7","c8.c4.c8.c4","c8.c4.c9.c9","c8.c9.c0.c0","c8.c9.c1.c1","c8.c9.c10.c10","c8.c9.c11.c11","c8.c9.c12.c12","c8.c9.c13.c13","c8.c9.c14.c14","c8.c9.c15.c15","c8.c9.c2.c2","c8.c9.c3.c3","c8.c9.c4.c4","c8.c9.c5.c5","c8.c9.c6.c6","c8.c9.c7.c7","c8.c9.c8.c9","c8.c9.c9.c8","c9.c10.c0.c0","c9.c10.c1.c1","c9.c10.c10.c9","c9.c10.c11.c11","c9.c10.c12.c12","c9.c10.c13.c13","c9.c10.c14.c14","c9.c10.c15.c15","c9.c10.c2.c2","c9.c10.c3.c3","c9.c10.c4.c4","c9.c10.c5.c5","c9.c10.c6.c6","c9.c10.c7.c7","c9.c10.c8.c8","c9.c10.c9.c10","c9.c13.c0.c0","c9.c13.c1.c1","c9.c13.c10.c10","c9.c13.c11.c11","c9.c13.c12.c12","c9.c13.c13.c9","c9.c13.c14.c14","c9.c13.c15.c15","c9.c13.c2.c2","c9.c13.c3.c3","c9.c13.c4.c4","c9.c13.c5.c5","c9.c13.c6.c6","c9.c13.c7.c7","c9.c13.c8.c8","c9.c13.c9.c13","c9.c5.c0.c0","c9.c5.c1.c1","c9.c5.c10.c10","c9.c5.c11.c11","c9.c5.c12.c12","c9.c5.c13.c13","c9.c5.c14.c14","c9.c5.c15.c15","c9.c5.c2.c2","c9.c5.c3.c3","c9.c5.c4.c4","c9.c5.c5.c9","c9.c5.c6.c6","c9.c5.c7.c7","c9.c5.c8.c8","c9.c5.c9.c5","c9.c8.c0.c0","c9.c8.c1.c1","c9.c8.c10.c10","c9.c8.c11.c11","c9.c8.c12.c12","c9.c8.c13.c13","c9.c8.c14.c14","c9.c8.c15.c15","c9.c8.c2.c2","c9.c8.c3.c3","c9.c8.c4.c4","c9.c8.c5.c5","c9.c8.c6.c6","c9.c8.c7.c7","c9.c8.c8.c9","c9.c8.c9.c8"]),Concat(Deref("#p0"),Deref("#p36"))),Deref("#p0")),"#p38","#s39",Call("collapse",Deref("#p38");,Mention("#s37"))))))))))))))))))))
T	f19fb901570a	Unwrap(Literal(["c0.c1.c0.c1","c0.c1.c1.c0","c0.c1.c10.c10","c0.c1.c11.c11","c0.c1.c12.c12","c0.c1.c13.c13","c0.c1.c14.c14","c0.c1.c15.c15","c0.c1.c2.c2","c0.c1.c3.c3","c0.c1.c4.c4","c0.c1.c5.c5","c0.c1.c6.c6","c0.c1.c7.c7","c0.c1.c8.c8","c0.c1.c9.c9","c0.c4.c0.c4","c0.c4.c1.c1","c0.c4.c10.c10","c0.c4.c11.c11","c0.c4.c12.c12","c0.c4.c13.c13","c0.c4.c14.c14","c0.c4.c15.c15","c0.c4.c2.c2","c0.c4.c3.c3","c0.c4.c4.c0","c0.c4.c5.c5","c0.c4.c6.c6","c0.c4.c7.c7","c0.c4.c8.c8","c0.c4.c9.c9","c1.c0.c0.c1","c1.c0.c1.c0","c1.c0.c10.c10","c1.c0.c11.c11","c1.c0.c12.c12","c1.c0.c13.c13","c1.c0.c14.c14","c1.c0.c15.c15","c1.c0.c2.c2","c1.c0.c3.c3","c1.c0.c4.c4","c1.c0.c5.c5","c1.c0.c6.c6","c1.c0.c7.c7","c1.c0.c8.c8","c1.c0.c9.c9","c1.c2.c0.c0","c1.c2.c1.c2","c1.c2.c10.c10","c1.c2.c11.c11","c1.c2.c12.c12","c1.c2.c13.c13","c1.c2.c14.c14","c1.c2.c15.c15","c1.c2.c2.c1","c1.c2.c3.c3","c1.c2.c4.c4","c1.c2.c5.c5","c1.c2.c6.c6","c1.c2.c7.c7","c1.c2.c8.c8","c1.c2.c9.c9","c1.c5.c0.c0","c1.c5.c1.c5","c1.c5.c10.c10","c1.c5.c11.c11","c1.c5.c12.c12","c1.c5.c13.c13","c1.c5.c14.c14","c1.c5.c15.c15","c1.c5.c2.c2","c1.c5.c3.c3","c1.c5.c4.c4","c1.c5.c5.c1","c1.c5.c6.c6","c1.c5.c7.c7","c1.c5.c8.c8","c1.c5.c9.c9","c10.c11.c0.c0","c10.c11.c1.c1","c10.c11.c10.c11","c10.c11.c11.c10","c10.c11.c12.c12","c10.c11.c13.c13","c10.c11.c14.c14","c10.c11.c15.c15","c10.c11.c2.c2","c10.c11.c3.c3","c10.c11.c4.c4","c10.c11.c5.c5","c10.c11.c6.c6","c10.c11.c7.c7","c10.c11.c8.c8","c10.c11.c9.c9","c10.c14.c0.c0","c10.c14.c1.c1","c10.c14.c10.c14","c10.c14.c11.c11","c10.c14.c12.c12","c10.c14.c13.c13","c10.c14.c14.c10","c10.c14.c15.c15","c10.c14.c2.c2","c10.c14.c3.c3","c10.c14.c4.c4","c10.c14.c5.c5","c10.c14.c6.c6","c10.c14.c7.c7","c10.c14.c8.c8","c10.c14.c9.c9","c10.c6.c0.c0","c10.c6.c1.c1","c10.c6.c10.c6","c10.c6.c11.c11","c10.c6.c12.c12","c10.c6.c13.c13","c10.c6.c14.c14","c10.c6.c15.c15","c10.c6.c2.c2","c10.c6.c3.c3","c10.c6.c4.c4","c10.c6.c5.c5","c10.c6.c6.c10","c10.c6.c7.c7","c10.c6.c8.c8","c10.c6.c9.c9","c10.c9.c0.c0","c10.c9.c1.c1","c10.c9.c10.c9","c10.c9.c11.c11","c10.c9.c12.c12","c10.c9.c13.c13","c10.c9.c14.c14","c10.c9.c15.c15","c10.c9.c2.c2","c10.c9.c3.c3","c10.c9.c4.c4","c10.c9.c5.c5","c10.c9.c6.c6","c10.c9.c7.c7","c10.c9.c8.c8","c10.c9.c9.c10","c11.c10.c0.c0","c11.c10.c1.c1","c11.c10.c10.c11","c11.c10.c11.c10","c11.c10.c12.c12","c11.c10.c13.c13","c11.c10.c14.c14","c11.c10.c15.c15","c11.c10.c2.c2","c11.c10.c3.c3","c11.c10.c4.c4","c11.c10.c5.c5","c11.c10.c6.c6","c11.c10.c7.c7","c11.c10.c8.c8","c11.c10.c9.c9","c11.c15.c0.c0","c11.c15.c1.c1","c11.c15.c10.c10","c11.c15.c11.c15","c11.c15.c12.c12","c11.c15.c13.c13","c11.c15.c14.c14","c11.c15.c15.c11","c11.c15.c2.c2","c11.c15.c3.c3","c11.c15.c4.c4","c11.c15.c5.c5","c11.c15.c6.c6","c11.c15.c7.c7","c11.c15.c8.c8","c11.c15.c9.c9","c11.c7.c0.c0","c11.c7.c1.c1","c11.c7.c10.c10","c11.c7.c11.c7","c11.c7.c12.c12","c11.c7.c13.c13","c11.c7.c14.c14","c11.c7.c15.c15","c11.c7.c2.c2","c11.c7.c3.c3","c11.c7.c4.c4","c11.c7.c5.c5","c11.c7.c6.c6","c11.c7.c7.c11","c11.c7.c8.c8","c11.c7.c9.c9","c12.c13.c0.c0","c12.c13.c1.c1","c12.c13.c10.c10","c12.c13.c11.c11","c12.c13.c12.c13","c12.c13.c13.c12","c12.c13.c14.c14","c12.c13.c15.c15","c12.c13.c2.c2","c12.c13.c3.c3","c12.c13.c4.c4","c12.c13.c5.c5","c12.c13.c6.c6","c12.c13.c7.c7","c12.c13.c8.c8","c12.c13.c9.c9","c12.c8.c0.c0","c12.c8.c1.c1","c12.c8.c10.c10","c12.c8.c11.c11","c12.c8.c12.c8","c12.c8.c13.c13","c12.c8.c14.c14","c12.c8.c15.c15","c12.c8.c2.c2","c12.c8.c3.c3","c12.c8.c4.c4","c12.c8.c5.c5","c12.c8.c6.c6","c12.c8.c7.c7","c12.c8.c8.c12","c12.c8.c9.c9","c13.c12.c0.c0","c13.c12.c1.c1","c13.c12.c10.c10","c13.c12.c11.c11","c13.c12.c12.c13","c13.c12.c13.c12","c13.c12.c14.c14","c13.c12.c15.c15","c13.c12.c2.c2","c13.c12.c3.c3","c13.c12.c4.c4","c13.c12.c5.c5","c13.c12.c6.c6","c13.c12.c7.c7","c13.c12.c8.c8","c13.c12.c9.c9","c13.c14.c0.c0","c13.c14.c1.c1","c13.c14.c10.c10","c13.c14.c11.c11","c13.c14.c12.c12","c13.c14.c13.c14","c13.c14.c14.c13","c13.c14.c15.c15","c13.c14.c2.c2","c13.c14.c3.c3","c13.c14.c4.c4","c13.c14.c5.c5","c13.c14.c6.c6","c13.c14.c7.c7","c13.c14.c8.c8","c13.c14.c9.c9","c13.c9.c0.c0","c13.c9.c1.c1","c13.c9.c10.c10","c13.c9.c11.c11","c13.c9.c12.c12","c13.c9.c13.c9","c13.c9.c14.c14","c13.c9.c15.c15","c13.c9.c2.c2","c13.c9.c3.c3","c13.c9.c4.c4","c13.c9.c5.c5","c13.c9.c6.c6","c13.c9.c7.c7","c13.c9.c8.c8","c13.c9.c9.c13","c14.c10.c0.c0","c14.c10.c1.c1","c14.c10.c10.c14","c14.c10.c11.c11","c14.c10.c12.c12","c14.c10.c13.c13","c14.c10.c14.c10","c14.c10.c15.c15","c14.c10.c2.c2","c14.c10.c3.c3","c14.c10.c4.c4","c14.c10.c5.c5","c14.c10.c6.c6","c14.c10.c7.c7","c14.c10.c8.c8","c14.c10.c9.c9","c14.c13.c0.c0","c14.c13.c1.c1","c14.c13.c10.c10","c14.c13.c11.c11","c14.c13.c12.c12","c14.c13.c13.c14","c14.c13.c14.c13","c14.c13.c15.c15","c14.c13.c2.c2","c14.c13.c3.c3","c14.c13.c4.c4","c14.c13.c5.c5","c14.c13.c6.c6","c14.c13.c7.c7","c14.c13.c8.c8","c14.c13.c9.c9","c14.c15.c0.c0","c14.c15.c1.c1","c14.c15.c10.c10","c14.c15.c11.c11","c14.c15.c12.c12","c14.c15.c13.c13","c14.c15.c14.c15","c14.c15.c15.c14","c14.c15.c2.c2","c14.c15.c3.c3","c14.c15.c4.c4","c14.c15.c5.c5","c14.c15.c6.c6","c14.c15.c7.c7","c14.c15.c8.c8","c14.c15.c9.c9","c15.c11.c0.c0","c15.c11.c1.c1","c15.c11.c10.c10","c15.c11.c11.c15","c15.c11.c12.c12","c15.c11.c13.c13","c15.c11.c14.c14","c15.c11.c15.c11","c15.c11.c2.c2","c15.c11.c3.c3","c15.c11.c4.c4","c15.c11.c5.c5","c15.c11.c6.c6","c15.c11.c7.c7","c15.c11.c8.c8","c15.c11.c9.c9","c15.c14.c0.c0","c15.c14.c1.c1","c15.c14.c10.c10","c15.c14.c11.c11","c15.c14.c12.c12","c15.c14.c13.c13","c15.c14.c14.c15","c15.c14.c15.c14","c15.c14.c2.c2","c15.c14.c3.c3","c15.c14.c4.c4","c15.c14.c5.c5","c15.c14.c6.c6","c15.c14.c7.c7","c15.c14.c8.c8","c15.c14.c9.c9","c2.c1.c0.c0","c2.c1.c1.c2","c2.c1.c10.c10","c2.c1.c11.c11","c2.c1.c12.c12","c2.c1.c13.c13","c2.c1.c14.c14","c2.c1.c15.c15","c2.c1.c2.c1","c2.c1.c3.c3","c2.c1.c4.c4","c2.c1.c5.c5","c2.c1.c6.c6","c2.c1.c7.c7","c2.c1.c8.c8","c2.c1.c9.c9","c2.c3.c0.c0","c2.c3.c1.c1","c2.c3.c10.c10","c2.c3.c11.c11","c2.c3.c12.c12","c2.c3.c13.c13","c2.c3.c14.c14","c2.c3.c15.c15","c2.c3.c2.c3","c2.c3.c3.c2","c2.c3.c4.c4","c2.c3.c5.c5","c2.c3.c6.c6","c2.c3.c7.c7","c2.c3.c8.c8","c2.c3.c9.c9","c2.c6.c0.c0","c2.c6.c1.c1","c2.c6.c10.c10","c2.c6.c11.c11","c2.c6.c12.c12","c2.c6.c13.c13","c2.c6.c14.c14","c2.c6.c15.c15","c2.c6.c2.c6","c2.c6.c3.c3","c2.c6.c4.c4","c2.c6.c5.c5","c2.c6.c6.c2","c2.c6.c7.c7","c2.c6.c8.c8","c2.c6.c9.c9","c3.c2.c0.c0","c3.c2.c1.c1","c3.c2.c10.c10","c3.c2.c11.c11","c3.c2.c12.c12","c3.c2.c13.c13","c3.c2.c14.c14","c3.c2.c15.c15","c3.c2.c2.c3","c3.c2.c3.c2","c3.c2.c4.c4","c3.c2.c5.c5","c3.c2.c6.c6","c3.c2.c7.c7","c3.c2.c8.c8","c3.c2.c9.c9","c3.c7.c0.c0","c3.c7.c1.c1","c3.c7.c10.c10","c3.c7.c11.c11","c3.c7.c12.c12","c3.c7.c13.c13","c3.c7.c14.c14","c3.c7.c15.c15","c3.c7.c2.c2","c3.c7.c3.c7","c3.c7.c4.c4","c3.c7.c5.c5","c3.c7.c6.c6","c3.c7.c7.c3","c3.c7.c8.c8","c3.c7.c9.c9","c4.c0.c0.c4","c4.c0.c1.c1","c4.c0.c10.c10","c4.c0.c11.c11","c4.c0.c12.c12","c4.c0.c13.c13","c4.c0.c14.c14","c4.c0.c15.c15","c4.c0.c2.c2","c4.c0.c3.c3","c4.c0.c4.c0","c4.c0.c5.c5","c4.c0.c6.c6","c4.c0.c7.c7","c4.c0.c8.c8","c4.c0.c9.c9","c4.c5.c0.c0","c4.c5.c1.c1","c4.c5.c10.c10","c4.c5.c11.c11","c4.c5.c12.c12","c4.c5.c13.c13","c4.c5.c14.c14","c4.c5.c15.c15","c4.c5.c2.c2","c4.c5.c3.c3","c4.c5.c4.c5","c4.c5.c5.c4","c4.c5.c6.c6","c4.c5.c7.c7","c4.c5.c8.c8","c4.c5.c9.c9","c4.c8.c0.c0","c4.c8.c1.c1","c4.c8.c10.c10","c4.c8.c11.c11","c4.c8.c12.c12","c4.c8.c13.c13","c4.c8.c14.c14","c4.c8.c15.c15","c4.c8.c2.c2","c4.c8.c3.c3","c4.c8.c4.c8","c4.c8.c5.c5","c4.c8.c6.c6","c4.c8.c7.c7","c4.c8.c8.c4","c4.c8.c9.c9","c5.c1.c0.c0","c5.c1.c1.c5","c5.c1.c10.c10","c5.c1.c11.c11","c5.c1.c12.c12","c5.c1.c13.c13","c5.c1.c14.c14","c5.c1.c15.c15","c5.c1.c2.c2","c5.c1.c3.c3","c5.c1.c4.c4","c5.c1.c5.c1","c5.c1.c6.c6","c5.c1.c7.c7","c5.c1.c8.c8","c5.c1.c9.c9","c5.c4.c0.c0","c5.c4.c1.c1","c5.c4.c10.c10","c5.c4.c11.c11","c5.c4.c12.c12","c5.c4.c13.c13","c5.c4.c14.c14","c5.c4.c15.c15","c5.c4.c2.c2","c5.c4.c3.c3","c5.c4.c4.c5","c5.c4.c5.c4","c5.c4.c6.c6","c5.c4.c7.c7","c5.c4.c8.c8","c5.c4.c9.c9","c5.c6.c0.c0","c5.c6.c1.c1","c5.c6.c10.c10","c5.c6.c11.c11","c5.c6.c12.c12","c5.c6.c13.c13","c5.c6.c14.c14","c5.c6.c15.c15","c5.c6.c2.c2","c5.c6.c3.c3","c5.c6.c4.c4","c5.c6.c5.c6","c5.c6.c6.c5","c5.c6.c7.c7","c5.c6.c8.c8","c5.c6.c9.c9","c5.c9.c0.c0","c5.c9.c1.c1","c5.c9.c10.c10","c5.c9.c11.c11","c5.c9.c12.c12","c5.c9.c13.c13","c5.c9.c14.c14","c5.c9.c15.c15","c5.c9.c2.c2","c5.c9.c3.c3","c5.c9.c4.c4","c5.c9.c5.c9","c5.c9.c6.c6","c5.c9.c7.c7","c5.c9.c8.c8","c5.c9.c9.c5","c6.c10.c0.c0","c6.c10.c1.c1","c6.c10.c10.c6","c6.c10.c11.c11","c6.c10.c12.c12","c6.c10.c13.c13","c6.c10.c14.c14","c6.c10.c15.c15","c6.c10.c2.c2","c6.c10.c3.c3","c6.c10.c4.c4","c6.c10.c5.c5","c6.c10.c6.c10","c6.c10.c7.c7","c6.c10.c8.c8","c6.c10.c9.c9","c6.c2.c0.c0","c6.c2.c1.c1","c6.c2.c10.c10","c6.c2.c11.c11","c6.c2.c12.c12","c6.c2.c13.c13","c6.c2.c14.c14","c6.c2.c15.c15","c6.c2.c2.c6","c6.c2.c3.c3","c6.c2.c4.c4","c6.c2.c5.c5","c6.c2.c6.c2","c6.c2.c7.c7","c6.c2.c8.c8","c6.c2.c9.c9","c6.c5.c0.c0","c6.c5.c1.c1","c6.c5.c10.c10","c6.c5.c11.c11","c6.c5.c12.c12","c6.c5.c13.c13","c6.c5.c14.c14","c6.c5.c15.c15","c6.c5.c2.c2","c6.c5.c3.c3","c6.c5.c4.c4","c6.c5.c5.c6","c6.c5.c6.c5","c6.c5.c7.c7","c6.c5.c8.c8","c6.c5.c9.c9","c6.c7.c0.c0","c6.c7.c1.c1","c6.c7.c10.c10","c6.c7.c11.c11","c6.c7.c12.c12","c6.c7.c13.c13","c6.c7.c14.c14","c6.c7.c15.c15","c6.c7.c2.c2","c6.c7.c3.c3","c6.c7.c4.c4","c6.c7.c5.c5","c6.c7.c6.c7","c6.c7.c7.c6","c6.c7.c8.c8","c6.c7.c9.c9","c7.c11.c0.c0","c7.c11.c1.c1","c7.c11.c10.c10","c7.c11.c11.c7","c7.c11.c12.c12","c7.c11.c13.c13","c7.c11.c14.c14","c7.c11.c15.c15","c7.c11.c2.c2","c7.c11.c3.c3","c7.c11.c4.c4","c7.c11.c5.c5","c7.c11.c6.c6","c7.c11.c7.c11","c7.c11.c8.c8","c7.c11.c9.c9","c7.c3.c0.c0","c7.c3.c1.c1","c7.c3.c10.c10","c7.c3.c11.c11","c7.c3.c12.c12","c7.c3.c13.c13","c7.c3.c14.c14","c7.c3.c15.c15","c7.c3.c2.c2","c7.c3.c3.c7","c7.c3.c4.c4","c7.c3.c5.c5","c7.c3.c6.c6","c7.c3.c7.c3","c7.c3.c8.c8","c7.c3.c9.c9","c7.c6.c0.c0","c7.c6.c1.c1","c7.c6.c10.c10","c7.c6.c11.c11","c7.c6.c12.c12","c7.c6.c13.c13","c7.c6.c14.c14","c7.c6.c15.c15","c7.c6.c2.c2","c7.c6.c3.c3","c7.c6.c4.c4","c7.c6.c5.c5","c7.c6.c6.c7","c7.c6.c7.c6","c7.c6.c8.c8","c7.c6.c9.c9","c8.c12.c0.c0","c8.c12.c1.c1","c8.c12.c10.c10","c8.c12.c11.c11","c8.c12.c12.c8","c8.c12.c13.c13","c8.c12.c14.c14","c8.c12.c15.c15","c8.c12.c2.c2","c8.c12.c3.c3","c8.c12.c4.c4","c8.c12.c5.c5","c8.c12.c6.c6","c8.c12.c7.c7","c8.c12.c8.c12","c8.c12.c9.c9","c8.c4.c0.c0","c8.c4.c1.c1","c8.c4.c10.c10","c8.c4.c11.c11","c8.c4.c12.c12","c8.c4.c13.c13","c8.c4.c14.c14","c8.c4.c15.c15","c8.c4.c2.c2","c8.c4.c3.c3","c8.c4.c4.c8","c8.c4.c5.c5","c8.c4.c6.c6","c8.c4.c7.c7","c8.c4.c8.c4","c8.c4.c9.c9","c8.c9.c0.c0","c8.c9.c1.c1","c8.c9.c10.c10","c8.c9.c11.c11","c8.c9.c12.c12","c8.c9.c13.c13","c8.c9.c14.c14","c8.c9.c15.c15","c8.c9.c2.c2","c8.c9.c3.c3","c8.c9.c4.c4","c8.c9.c5.c5","c8.c9.c6.c6","c8.c9.c7.c7","c8.c9.c8.c9","c8.c9.c9.c8","c9.c10.c0.c0","c9.c10.c1.c1","c9.c10.c10.c9","c9.c10.c11.c11","c9.c10.c12.c12","c9.c10.c13.c13","c9.c10.c14.c14","c9.c10.c15.c15","c9.c10.c2.c2","c9.c10.c3.c3","c9.c10.c4.c4","c9.c10.c5.c5","c9.c10.c6.c6","c9.c10.c7.c7","c9.c10.c8.c8","c9.c10.c9.c10","c9.c13.c0.c0","c9.c13.c1.c1","c9.c13.c10.c10","c9.c13.c11.c11","c9.c13.c12.c12","c9.c13.c13.c9","c9.c13.c14.c14","c9.c13.c15.c15","c9.c13.c2.c2","c9.c13.c3.c3","c9.c13.c4.c4","c9.c13.c5.c5","c9.c13.c6.c6","c9.c13.c7.c7","c9.c13.c8.c8","c9.c13.c9.c13","c9.c5.c0.c0","c9.c5.c1.c1","c9.c5.c10.c10","c9.c5.c11.c11","c9.c5.c12.c12","c9.c5.c13.c13","c9.c5.c14.c14","c9.c5.c15.c15","c9.c5.c2.c2","c9.c5.c3.c3","c9.c5.c4.c4","c9.c5.c5.c9","c9.c5.c6.c6","c9.c5.c7.c7","c9.c5.c8.c8","c9.c5.c9.c5","c9.c8.c0.c0","c9.c8.c1.c1","c9.c8.c10.c10","c9.c8.c11.c11","c9.c8.c12.c12","c9.c8.c13.c13","c9.c8.c14.c14","c9.c8.c15.c15","c9.c8.c2.c2","c9.c8.c3.c3","c9.c8.c4.c4","c9.c8.c5.c5","c9.c8.c6.c6","c9.c8.c7.c7","c9.c8.c8.c9","c9.c8.c9.c8"]),Concat(Deref("q"),Deref("act")))
T	20e48d97cfa5	Unwrap(Unwrap(Literal(["c0.c1.c0.c1","c0.c1.c1.c0","c0.c1.c10.c10","c0.c1.c11.c11","c0.c1.c12.c12","c0.c1.c13.c13","c0.c1.c14.c14","c0.c1.c15.c15","c0.c1.c2.c2","c0.c1.c3.c3","c0.c1.c4.c4","c0.c1.c5.c5","c0.c1.c6.c6","c0.c1.c7.c7","c0.c1.c8.c8","c0.c1.c9.c9","c0.c4.c0.c4","c0.c4.c1.c1","c0.c4.c10.c10","c0.c4.c11.c11","c0.c4.c12.c12","c0.c4.c13.c13","c0.c4.c14.c14","c0.c4.c15.c15","c0.c4.c2.c2","c0.c4.c3.c3","c0.c4.c4.c0","c0.c4.c5.c5","c0.c4.c6.c6","c0.c4.c7.c7","c0.c4.c8.c8","c0.c4.c9.c9","c1.c0.c0.c1","c1.c0.c1.c0","c1.c0.c10.c10","c1.c0.c11.c11","c1.c0.c12.c12","c1.c0.c13.c13","c1.c0.c14.c14","c1.c0.c15.c15","c1.c0.c2.c2","c1.c0.c3.c3","c1.c0.c4.c4","c1.c0.c5.c5","c1.c0.c6.c6","c1.c0.c7.c7","c1.c0.c8.c8","c1.c0.c9.c9","c1.c2.c0.c0","c1.c2.c1.c2","c1.c2.c10.c10","c1.c2.c11.c11","c1.c2.c12.c12","c1.c2.c13.c13","c1.c2.c14.c14","c1.c2.c15.c15","c1.c2.c2.c1","c1.c2.c3.c3","c1.c2.c4.c4","c1.c2.c5.c5","c1.c2.c6.c6","c1.c2.c7.c7","c1.c2.c8.c8","c1.c2.c9.c9","c1.c5.c0.c0","c1.c5.c1.c5","c1.c5.c10.c10","c1.c5.c11.c11","c1.c5.c12.c12","c1.c5.c13.c13","c1.c5.c14.c14","c1.c5.c15.c15","c1.c5.c2.c2","c1.c5.c3.c3","c1.c5.c4.c4","c1.c5.c5.c1","c1.c5.c6.c6","c1.c5.c7.c7","c1.c5.c8.c8","c1.c5.c9.c9","c10.c11.c0.c0","c10.c11.c1.c1","c10.c11.c10.c11","c10.c11.c11.c10","c10.c11.c12.c12","c10.c11.c13.c13","c10.c11.c14.c14","c10.c11.c15.c15","c10.c11.c2.c2","c10.c11.c3.c3","c10.c11.c4.c4","c10.c11.c5.c5","c10.c11.c6.c6","c10.c11.c7.c7","c10.c11.c8.c8","c10.c11.c9.c9","c10.c14.c0.c0","c10.c14.c1.c1","c10.c14.c10.c14","c10.c14.c11.c11","c10.c14.c12.c12","c10.c14.c13.c13","c10.c14.c14.c10","c10.c14.c15.c15","c10.c14.c2.c2","c10.c14.c3.c3","c10.c14.c4.c4","c10.c14.c5.c5","c10.c14.c6.c6","c10.c14.c7.c7","c10.c14.c8.c8","c10.c14.c9.c9","c10.c6.c0.c0","c10.c6.c1.c1","c10.c6.c10.c6","c10.c6.c11.c11","c10.c6.c12.c12","c10.c6.c13.c13","c10.c6.c14.c14","c10.c6.c15.c15","c10.c6.c2.c2","c10.c6.c3.c3","c10.c6.c4.c4","c10.c6.c5.c5","c10.c6.c6.c10","c10.c6.c7.c7","c10.c6.c8.c8","c10.c6.c9.c9","c10.c9.c0.c0","c10.c9.c1.c1","c10.c9.c10.c9","c10.c9.c11.c11","c10.c9.c12.c12","c10.c9.c13.c13","c10.c9.c14.c14","c10.c9.c15.c15","c10.c9.c2.c2","c10.c9.c3.c3","c10.c9.c4.c4","c10.c9.c5.c5","c10.c9.c6.c6","c10.c9.c7.c7","c10.c9.c8.c8","c10.c9.c9.c10","c11.c10.c0.c0","c11.c10.c1.c1","c11.c10.c10.c11","c11.c10.c11.c10","c11.c10.c12.c12","c11.c10.c13.c13","c11.c10.c14.c14","c11.c10.c15.c15","c11.c10.c2.c2","c11.c10.c3.c3","c11.c10.c4.c4","c11.c10.c5.c5","c11.c10.c6.c6","c11.c10.c7.c7","c11.c10.c8.c8","c11.c10.c9.c9","c11.c15.c0.c0","c11.c15.c1.c1","c11.c15.c10.c10","c11.c15.c11.c15","c11.c15.c12.c12","c11.c15.c13.c13","c11.c15.c14.c14","c11.c15.c15.c11","c11.c15.c2.c2","c11.c15.c3.c3","c11.c15.c4.c4","c11.c15.c5.c5","c11.c15.c6.c6","c11.c15.c7.c7","c11.c15.c8.c8","c11.c15.c9.c9","c11.c7.c0.c0","c11.c7.c1.c1","c11.c7.c10.c10","c11.c7.c11.c7","c11.c7.c12.c12","c11.c7.c13.c13","c11.c7.c14.c14","c11.c7.c15.c15","c11.c7.c2.c2","c11.c7.c3.c3","c11.c7.c4.c4","c11.c7.c5.c5","c11.c7.c6.c6","c11.c7.c7.c11","c11.c7.c8.c8","c11.c7.c9.c9","c12.c13.c0.c0","c12.c13.c1.c1","c12.c13.c10.c10","c12.c13.c11.c11","c12.c13.c12.c13","c12.c13.c13.c12","c12.c13.c14.c14","c12.c13.c15.c15","c12.c13.c2.c2","c12.c13.c3.c3","c12.c13.c4.c4","c12.c13.c5.c5","c12.c13.c6.c6","c12.c13.c7.c7","c12.c13.c8.c8","c12.c13.c9.c9","c12.c8.c0.c0","c12.c8.c1.c1","c12.c8.c10.c10","c12.c8.c11.c11","c12.c8.c12.c8","c12.c8.c13.c13","c12.c8.c14.c14","c12.c8.c15.c15","c12.c8.c2.c2","c12.c8.c3.c3","c12.c8.c4.c4","c12.c8.c5.c5","c12.c8.c6.c6","c12.c8.c7.c7","c12.c8.c8.c12","c12.c8.c9.c9","c13.c12.c0.c0","c13.c12.c1.c1","c13.c12.c10.c10","c13.c12.c11.c11","c13.c12.c12.c13","c13.c12.c13.c12","c13.c12.c14.c14","c13.c12.c15.c15","c13.c12.c2.c2","c13.c12.c3.c3","c13.c12.c4.c4","c13.c12.c5.c5","c13.c12.c6.c6","c13.c12.c7.c7","c13.c12.c8.c8","c13.c12.c9.c9","c13.c14.c0.c0","c13.c14.c1.c1","c13.c14.c10.c10","c13.c14.c11.c11","c13.c14.c12.c12","c13.c14.c13.c14","c13.c14.c14.c13","c13.c14.c15.c15","c13.c14.c2.c2","c13.c14.c3.c3","c13.c14.c4.c4","c13.c14.c5.c5","c13.c14.c6.c6","c13.c14.c7.c7","c13.c14.c8.c8","c13.c14.c9.c9","c13.c9.c0.c0","c13.c9.c1.c1","c13.c9.c10.c10","c13.c9.c11.c11","c13.c9.c12.c12","c13.c9.c13.c9","c13.c9.c14.c14","c13.c9.c15.c15","c13.c9.c2.c2","c13.c9.c3.c3","c13.c9.c4.c4","c13.c9.c5.c5","c13.c9.c6.c6","c13.c9.c7.c7","c13.c9.c8.c8","c13.c9.c9.c13","c14.c10.c0.c0","c14.c10.c1.c1","c14.c10.c10.c14","c14.c10.c11.c11","c14.c10.c12.c12","c14.c10.c13.c13","c14.c10.c14.c10","c14.c10.c15.c15","c14.c10.c2.c2","c14.c10.c3.c3","c14.c10.c4.c4","c14.c10.c5.c5","c14.c10.c6.c6","c14.c10.c7.c7","c14.c10.c8.c8","c14.c10.c9.c9","c14.c13.c0.c0","c14.c13.c1.c1","c14.c13.c10.c10","c14.c13.c11.c11","c14.c13.c12.c12","c14.c13.c13.c14","c14.c13.c14.c13","c14.c13.c15.c15","c14.c13.c2.c2","c14.c13.c3.c3","c14.c13.c4.c4","c14.c13.c5.c5","c14.c13.c6.c6","c14.c13.c7.c7","c14.c13.c8.c8","c14.c13.c9.c9","c14.c15.c0.c0","c14.c15.c1.c1","c14.c15.c10.c10","c14.c15.c11.c11","c14.c15.c12.c12","c14.c15.c13.c13","c14.c15.c14.c15","c14.c15.c15.c14","c14.c15.c2.c2","c14.c15.c3.c3","c14.c15.c4.c4","c14.c15.c5.c5","c14.c15.c6.c6","c14.c15.c7.c7","c14.c15.c8.c8","c14.c15.c9.c9","c15.c11.c0.c0","c15.c11.c1.c1","c15.c11.c10.c10","c15.c11.c11.c15","c15.c11.c12.c12","c15.c11.c13.c13","c15.c11.c14.c14","c15.c11.c15.c11","c15.c11.c2.c2","c15.c11.c3.c3","c15.c11.c4.c4","c15.c11.c5.c5","c15.c11.c6.c6","c15.c11.c7.c7","c15.c11.c8.c8","c15.c11.c9.c9","c15.c14.c0.c0","c15.c14.c1.c1","c15.c14.c10.c10","c15.c14.c11.c11","c15.c14.c12.c12","c15.c14.c13.c13","c15.c14.c14.c15","c15.c14.c15.c14","c15.c14.c2.c2","c15.c14.c3.c3","c15.c14.c4.c4","c15.c14.c5.c5","c15.c14.c6.c6","c15.c14.c7.c7","c15.c14.c8.c8","c15.c14.c9.c9","c2.c1.c0.c0","c2.c1.c1.c2","c2.c1.c10.c10","c2.c1.c11.c11","c2.c1.c12.c12","c2.c1.c13.c13","c2.c1.c14.c14","c2.c1.c15.c15","c2.c1.c2.c1","c2.c1.c3.c3","c2.c1.c4.c4","c2.c1.c5.c5","c2.c1.c6.c6","c2.c1.c7.c7","c2.c1.c8.c8","c2.c1.c9.c9","c2.c3.c0.c0","c2.c3.c1.c1","c2.c3.c10.c10","c2.c3.c11.c11","c2.c3.c12.c12","c2.c3.c13.c13","c2.c3.c14.c14","c2.c3.c15.c15","c2.c3.c2.c3","c2.c3.c3.c2","c2.c3.c4.c4","c2.c3.c5.c5","c2.c3.c6.c6","c2.c3.c7.c7","c2.c3.c8.c8","c2.c3.c9.c9","c2.c6.c0.c0","c2.c6.c1.c1","c2.c6.c10.c10","c2.c6.c11.c11","c2.c6.c12.c12","c2.c6.c13.c13","c2.c6.c14.c14","c2.c6.c15.c15","c2.c6.c2.c6","c2.c6.c3.c3","c2.c6.c4.c4","c2.c6.c5.c5","c2.c6.c6.c2","c2.c6.c7.c7","c2.c6.c8.c8","c2.c6.c9.c9","c3.c2.c0.c0","c3.c2.c1.c1","c3.c2.c10.c10","c3.c2.c11.c11","c3.c2.c12.c12","c3.c2.c13.c13","c3.c2.c14.c14","c3.c2.c15.c15","c3.c2.c2.c3","c3.c2.c3.c2","c3.c2.c4.c4","c3.c2.c5.c5","c3.c2.c6.c6","c3.c2.c7.c7","c3.c2.c8.c8","c3.c2.c9.c9","c3.c7.c0.c0","c3.c7.c1.c1","c3.c7.c10.c10","c3.c7.c11.c11","c3.c7.c12.c12","c3.c7.c13.c13","c3.c7.c14.c14","c3.c7.c15.c15","c3.c7.c2.c2","c3.c7.c3.c7","c3.c7.c4.c4","c3.c7.c5.c5","c3.c7.c6.c6","c3.c7.c7.c3","c3.c7.c8.c8","c3.c7.c9.c9","c4.c0.c0.c4","c4.c0.c1.c1","c4.c0.c10.c10","c4.c0.c11.c11","c4.c0.c12.c12","c4.c0.c13.c13","c4.c0.c14.c14","c4.c0.c15.c15","c4.c0.c2.c2","c4.c0.c3.c3","c4.c0.c4.c0","c4.c0.c5.c5","c4.c0.c6.c6","c4.c0.c7.c7","c4.c0.c8.c8","c4.c0.c9.c9","c4.c5.c0.c0","c4.c5.c1.c1","c4.c5.c10.c10","c4.c5.c11.c11","c4.c5.c12.c12","c4.c5.c13.c13","c4.c5.c14.c14","c4.c5.c15.c15","c4.c5.c2.c2","c4.c5.c3.c3","c4.c5.c4.c5","c4.c5.c5.c4","c4.c5.c6.c6","c4.c5.c7.c7","c4.c5.c8.c8","c4.c5.c9.c9","c4.c8.c0.c0","c4.c8.c1.c1","c4.c8.c10.c10","c4.c8.c11.c11","c4.c8.c12.c12","c4.c8.c13.c13","c4.c8.c14.c14","c4.c8.c15.c15","c4.c8.c2.c2","c4.c8.c3.c3","c4.c8.c4.c8","c4.c8.c5.c5","c4.c8.c6.c6","c4.c8.c7.c7","c4.c8.c8.c4","c4.c8.c9.c9","c5.c1.c0.c0","c5.c1.c1.c5","c5.c1.c10.c10","c5.c1.c11.c11","c5.c1.c12.c12","c5.c1.c13.c13","c5.c1.c14.c14","c5.c1.c15.c15","c5.c1.c2.c2","c5.c1.c3.c3","c5.c1.c4.c4","c5.c1.c5.c1","c5.c1.c6.c6","c5.c1.c7.c7","c5.c1.c8.c8","c5.c1.c9.c9","c5.c4.c0.c0","c5.c4.c1.c1","c5.c4.c10.c10","c5.c4.c11.c11","c5.c4.c12.c12","c5.c4.c13.c13","c5.c4.c14.c14","c5.c4.c15.c15","c5.c4.c2.c2","c5.c4.c3.c3","c5.c4.c4.c5","c5.c4.c5.c4","c5.c4.c6.c6","c5.c4.c7.c7","c5.c4.c8.c8","c5.c4.c9.c9","c5.c6.c0.c0","c5.c6.c1.c1","c5.c6.c10.c10","c5.c6.c11.c11","c5.c6.c12.c12","c5.c6.c13.c13","c5.c6.c14.c14","c5.c6.c15.c15","c5.c6.c2.c2","c5.c6.c3.c3","c5.c6.c4.c4","c5.c6.c5.c6","c5.c6.c6.c5","c5.c6.c7.c7","c5.c6.c8.c8","c5.c6.c9.c9","c5.c9.c0.c0","c5.c9.c1.c1","c5.c9.c10.c10","c5.c9.c11.c11","c5.c9.c12.c12","c5.c9.c13.c13","c5.c9.c14.c14","c5.c9.c15.c15","c5.c9.c2.c2","c5.c9.c3.c3","c5.c9.c4.c4","c5.c9.c5.c9","c5.c9.c6.c6","c5.c9.c7.c7","c5.c9.c8.c8","c5.c9.c9.c5","c6.c10.c0.c0","c6.c10.c1.c1","c6.c10.c10.c6","c6.c10.c11.c11","c6.c10.c12.c12","c6.c10.c13.c13","c6.c10.c14.c14","c6.c10.c15.c15","c6.c10.c2.c2","c6.c10.c3.c3","c6.c10.c4.c4","c6.c10.c5.c5","c6.c10.c6.c10","c6.c10.c7.c7","c6.c10.c8.c8","c6.c10.c9.c9","c6.c2.c0.c0","c6.c2.c1.c1","c6.c2.c10.c10","c6.c2.c11.c11","c6.c2.c12.c12","c6.c2.c13.c13","c6.c2.c14.c14","c6.c2.c15.c15","c6.c2.c2.c6","c6.c2.c3.c3","c6.c2.c4.c4","c6.c2.c5.c5","c6.c2.c6.c2","c6.c2.c7.c7","c6.c2.c8.c8","c6.c2.c9.c9","c6.c5.c0.c0","c6.c5.c1.c1","c6.c5.c10.c10","c6.c5.c11.c11","c6.c5.c12.c12","c6.c5.c13.c13","c6.c5.c14.c14","c6.c5.c15.c15","c6.c5.c2.c2","c6.c5.c3.c3","c6.c5.c4.c4","c6.c5.c5.c6","c6.c5.c6.c5","c6.c5.c7.c7","c6.c5.c8.c8","c6.c5.c9.c9","c6.c7.c0.c0","c6.c7.c1.c1","c6.c7.c10.c10","c6.c7.c11.c11","c6.c7.c12.c12","c6.c7.c13.c13","c6.c7.c14.c14","c6.c7.c15.c15","c6.c7.c2.c2","c6.c7.c3.c3","c6.c7.c4.c4","c6.c7.c5.c5","c6.c7.c6.c7","c6.c7.c7.c6","c6.c7.c8.c8","c6.c7.c9.c9","c7.c11.c0.c0","c7.c11.c1.c1","c7.c11.c10.c10","c7.c11.c11.c7","c7.c11.c12.c12","c7.c11.c13.c13","c7.c11.c14.c14","c7.c11.c15.c15","c7.c11.c2.c2","c7.c11.c3.c3","c7.c11.c4.c4","c7.c11.c5.c5","c7.c11.c6.c6","c7.c11.c7.c11","c7.c11.c8.c8","c7.c11.c9.c9","c7.c3.c0.c0","c7.c3.c1.c1","c7.c3.c10.c10","c7.c3.c11.c11","c7.c3.c12.c12","c7.c3.c13.c13","c7.c3.c14.c14","c7.c3.c15.c15","c7.c3.c2.c2","c7.c3.c3.c7","c7.c3.c4.c4","c7.c3.c5.c5","c7.c3.c6.c6","c7.c3.c7.c3","c7.c3.c8.c8","c7.c3.c9.c9","c7.c6.c0.c0","c7.c6.c1.c1","c7.c6.c10.c10","c7.c6.c11.c11","c7.c6.c12.c12","c7.c6.c13.c13","c7.c6.c14.c14","c7.c6.c15.c15","c7.c6.c2.c2","c7.c6.c3.c3","c7.c6.c4.c4","c7.c6.c5.c5","c7.c6.c6.c7","c7.c6.c7.c6","c7.c6.c8.c8","c7.c6.c9.c9","c8.c12.c0.c0","c8.c12.c1.c1","c8.c12.c10.c10","c8.c12.c11.c11","c8.c12.c12.c8","c8.c12.c13.c13","c8.c12.c14.c14","c8.c12.c15.c15","c8.c12.c2.c2","c8.c12.c3.c3","c8.c12.c4.c4","c8.c12.c5.c5","c8.c12.c6.c6","c8.c12.c7.c7","c8.c12.c8.c12","c8.c12.c9.c9","c8.c4.c0.c0","c8.c4.c1.c1","c8.c4.c10.c10","c8.c4.c11.c11","c8.c4.c12.c12","c8.c4.c13.c13","c8.c4.c14.c14","c8.c4.c15.c15","c8.c4.c2.c2","c8.c4.c3.c3","c8.c4.c4.c8","c8.c4.c5.c5","c8.c4.c6.c6","c8.c4.c7.c7","c8.c4.c8.c4","c8.c4.c9.c9","c8.c9.c0.c0","c8.c9.c1.c1","c8.c9.c10.c10","c8.c9.c11.c11","c8.c9.c12.c12","c8.c9.c13.c13","c8.c9.c14.c14","c8.c9.c15.c15","c8.c9.c2.c2","c8.c9.c3.c3","c8.c9.c4.c4","c8.c9.c5.c5","c8.c9.c6.c6","c8.c9.c7.c7","c8.c9.c8.c9","c8.c9.c9.c8","c9.c10.c0.c0","c9.c10.c1.c1","c9.c10.c10.c9","c9.c10.c11.c11","c9.c10.c12.c12","c9.c10.c13.c13","c9.c10.c14.c14","c9.c10.c15.c15","c9.c10.c2.c2","c9.c10.c3.c3","c9.c10.c4.c4","c9.c10.c5.c5","c9.c10.c6.c6","c9.c10.c7.c7","c9.c10.c8.c8","c9.c10.c9.c10","c9.c13.c0.c0","c9.c13.c1.c1","c9.c13.c10.c10","c9.c13.c11.c11","c9.c13.c12.c12","c9.c13.c13.c9","c9.c13.c14.c14","c9.c13.c15.c15","c9.c13.c2.c2","c9.c13.c3.c3","c9.c13.c4.c4","c9.c13.c5.c5","c9.c13.c6.c6","c9.c13.c7.c7","c9.c13.c8.c8","c9.c13.c9.c13","c9.c5.c0.c0","c9.c5.c1.c1","c9.c5.c10.c10","c9.c5.c11.c11","c9.c5.c12.c12","c9.c5.c13.c13","c9.c5.c14.c14","c9.c5.c15.c15","c9.c5.c2.c2","c9.c5.c3.c3","c9.c5.c4.c4","c9.c5.c5.c9","c9.c5.c6.c6","c9.c5.c7.c7","c9.c5.c8.c8","c9.c5.c9.c5","c9.c8.c0.c0","c9.c8.c1.c1","c9.c8.c10.c10","c9.c8.c11.c11","c9.c8.c12.c12","c9.c8.c13.c13","c9.c8.c14.c14","c9.c8.c15.c15","c9.c8.c2.c2","c9.c8.c3.c3","c9.c8.c4.c4","c9.c8.c5.c5","c9.c8.c6.c6","c9.c8.c7.c7","c9.c8.c8.c9","c9.c8.c9.c8"]),Deref("q")),Deref("act"))
T	b339cb7e596f	Iteration(Mention("frontier"),"#p0","#s1",Iteration(Mention("#s1"),"#p2","#s3",Iteration(Mention("#s3"),"#p4","#s5",Iteration(Mention("#s5"),"#p6","#s7",Iteration(Mention("#s7"),"#p8","#s9",Iteration(Mention("#s9"),"#p10","#s11",Iteration(Mention("#s11"),"#p12","#s13",Iteration(Mention("#s13"),"#p14","#s15",Iteration(Mention("#s15"),"#p16","#s17",Iteration(Mention("#s17"),"#p18","#s19",Iteration(Mention("#s19"),"#p20","#s21",Iteration(Mention("#s21"),"#p22","#s23",Iteration(Mention("#s23"),"#p24","#s25",Iteration(Mention("#s25"),"#p26","#s27",Iteration(Mention("#s27"),"#p28","#s29",Iteration(Mention("#s29"),"#p30","#s31",Iteration(Iteration(Call("superpose",Deref("#p0");,Singleton(Concat(Concat(Concat(Concat(Concat(Concat(Concat(Concat(Concat(Concat(Concat(Concat(Concat(Concat(Deref("#p2"),Deref("#p4")),Deref("#p6")),Deref("#p8")),Deref("#p10")),Deref("#p12")),Deref("#p14")),Deref("#p16")),Deref("#p18")),Deref("#p20")),Deref("#p22")),Deref("#p24")),Deref("#p26")),Deref("#p28")),Deref("#p30")))),"#p32","#s33",Iteration(Unwrap(Literal(["c0.c1.c0.c1","c0.c1.c1.c0","c0.c1.c10.c10","c0.c1.c11.c11","c0.c1.c12.c12","c0.c1.c13.c13","c0.c1.c14.c14","c0.c1.c15.c15","c0.c1.c2.c2","c0.c1.c3.c3","c0.c1.c4.c4","c0.c1.c5.c5","c0.c1.c6.c6","c0.c1.c7.c7","c0.c1.c8.c8","c0.c1.c9.c9","c0.c4.c0.c4","c0.c4.c1.c1","c0.c4.c10.c10","c0.c4.c11.c11","c0.c4.c12.c12","c0.c4.c13.c13","c0.c4.c14.c14","c0.c4.c15.c15","c0.c4.c2.c2","c0.c4.c3.c3","c0.c4.c4.c0","c0.c4.c5.c5","c0.c4.c6.c6","c0.c4.c7.c7","c0.c4.c8.c8","c0.c4.c9.c9","c1.c0.c0.c1","c1.c0.c1.c0","c1.c0.c10.c10","c1.c0.c11.c11","c1.c0.c12.c12","c1.c0.c13.c13","c1.c0.c14.c14","c1.c0.c15.c15","c1.c0.c2.c2","c1.c0.c3.c3","c1.c0.c4.c4","c1.c0.c5.c5","c1.c0.c6.c6","c1.c0.c7.c7","c1.c0.c8.c8","c1.c0.c9.c9","c1.c2.c0.c0","c1.c2.c1.c2","c1.c2.c10.c10","c1.c2.c11.c11","c1.c2.c12.c12","c1.c2.c13.c13","c1.c2.c14.c14","c1.c2.c15.c15","c1.c2.c2.c1","c1.c2.c3.c3","c1.c2.c4.c4","c1.c2.c5.c5","c1.c2.c6.c6","c1.c2.c7.c7","c1.c2.c8.c8","c1.c2.c9.c9","c1.c5.c0.c0","c1.c5.c1.c5","c1.c5.c10.c10","c1.c5.c11.c11","c1.c5.c12.c12","c1.c5.c13.c13","c1.c5.c14.c14","c1.c5.c15.c15","c1.c5.c2.c2","c1.c5.c3.c3","c1.c5.c4.c4","c1.c5.c5.c1","c1.c5.c6.c6","c1.c5.c7.c7","c1.c5.c8.c8","c1.c5.c9.c9","c10.c11.c0.c0","c10.c11.c1.c1","c10.c11.c10.c11","c10.c11.c11.c10","c10.c11.c12.c12","c10.c11.c13.c13","c10.c11.c14.c14","c10.c11.c15.c15","c10.c11.c2.c2","c10.c11.c3.c3","c10.c11.c4.c4","c10.c11.c5.c5","c10.c11.c6.c6","c10.c11.c7.c7","c10.c11.c8.c8","c10.c11.c9.c9","c10.c14.c0.c0","c10.c14.c1.c1","c10.c14.c10.c14","c10.c14.c11.c11","c10.c14.c12.c12","c10.c14.c13.c13","c10.c14.c14.c10","c10.c14.c15.c15","c10.c14.c2.c2","c10.c14.c3.c3","c10.c14.c4.c4","c10.c14.c5.c5","c10.c14.c6.c6","c10.c14.c7.c7","c10.c14.c8.c8","c10.c14.c9.c9","c10.c6.c0.c0","c10.c6.c1.c1","c10.c6.c10.c6","c10.c6.c11.c11","c10.c6.c12.c12","c10.c6.c13.c13","c10.c6.c14.c14","c10.c6.c15.c15","c10.c6.c2.c2","c10.c6.c3.c3","c10.c6.c4.c4","c10.c6.c5.c5","c10.c6.c6.c10","c10.c6.c7.c7","c10.c6.c8.c8","c10.c6.c9.c9","c10.c9.c0.c0","c10.c9.c1.c1","c10.c9.c10.c9","c10.c9.c11.c11","c10.c9.c12.c12","c10.c9.c13.c13","c10.c9.c14.c14","c10.c9.c15.c15","c10.c9.c2.c2","c10.c9.c3.c3","c10.c9.c4.c4","c10.c9.c5.c5","c10.c9.c6.c6","c10.c9.c7.c7","c10.c9.c8.c8","c10.c9.c9.c10","c11.c10.c0.c0","c11.c10.c1.c1","c11.c10.c10.c11","c11.c10.c11.c10","c11.c10.c12.c12","c11.c10.c13.c13","c11.c10.c14.c14","c11.c10.c15.c15","c11.c10.c2.c2","c11.c10.c3.c3","c11.c10.c4.c4","c11.c10.c5.c5","c11.c10.c6.c6","c11.c10.c7.c7","c11.c10.c8.c8","c11.c10.c9.c9","c11.c15.c0.c0","c11.c15.c1.c1","c11.c15.c10.c10","c11.c15.c11.c15","c11.c15.c12.c12","c11.c15.c13.c13","c11.c15.c14.c14","c11.c15.c15.c11","c11.c15.c2.c2","c11.c15.c3.c3","c11.c15.c4.c4","c11.c15.c5.c5","c11.c15.c6.c6","c11.c15.c7.c7","c11.c15.c8.c8","c11.c15.c9.c9","c11.c7.c0.c0","c11.c7.c1.c1","c11.c7.c10.c10","c11.c7.c11.c7","c11.c7.c12.c12","c11.c7.c13.c13","c11.c7.c14.c14","c11.c7.c15.c15","c11.c7.c2.c2","c11.c7.c3.c3","c11.c7.c4.c4","c11.c7.c5.c5","c11.c7.c6.c6","c11.c7.c7.c11","c11.c7.c8.c8","c11.c7.c9.c9","c12.c13.c0.c0","c12.c13.c1.c1","c12.c13.c10.c10","c12.c13.c11.c11","c12.c13.c12.c13","c12.c13.c13.c12","c12.c13.c14.c14","c12.c13.c15.c15","c12.c13.c2.c2","c12.c13.c3.c3","c12.c13.c4.c4","c12.c13.c5.c5","c12.c13.c6.c6","c12.c13.c7.c7","c12.c13.c8.c8","c12.c13.c9.c9","c12.c8.c0.c0","c12.c8.c1.c1","c12.c8.c10.c10","c12.c8.c11.c11","c12.c8.c12.c8","c12.c8.c13.c13","c12.c8.c14.c14","c12.c8.c15.c15","c12.c8.c2.c2","c12.c8.c3.c3","c12.c8.c4.c4","c12.c8.c5.c5","c12.c8.c6.c6","c12.c8.c7.c7","c12.c8.c8.c12","c12.c8.c9.c9","c13.c12.c0.c0","c13.c12.c1.c1","c13.c12.c10.c10","c13.c12.c11.c11","c13.c12.c12.c13","c13.c12.c13.c12","c13.c12.c14.c14","c13.c12.c15.c15","c13.c12.c2.c2","c13.c12.c3.c3","c13.c12.c4.c4","c13.c12.c5.c5","c13.c12.c6.c6","c13.c12.c7.c7","c13.c12.c8.c8","c13.c12.c9.c9","c13.c14.c0.c0","c13.c14.c1.c1","c13.c14.c10.c10","c13.c14.c11.c11","c13.c14.c12.c12","c13.c14.c13.c14","c13.c14.c14.c13","c13.c14.c15.c15","c13.c14.c2.c2","c13.c14.c3.c3","c13.c14.c4.c4","c13.c14.c5.c5","c13.c14.c6.c6","c13.c14.c7.c7","c13.c14.c8.c8","c13.c14.c9.c9","c13.c9.c0.c0","c13.c9.c1.c1","c13.c9.c10.c10","c13.c9.c11.c11","c13.c9.c12.c12","c13.c9.c13.c9","c13.c9.c14.c14","c13.c9.c15.c15","c13.c9.c2.c2","c13.c9.c3.c3","c13.c9.c4.c4","c13.c9.c5.c5","c13.c9.c6.c6","c13.c9.c7.c7","c13.c9.c8.c8","c13.c9.c9.c13","c14.c10.c0.c0","c14.c10.c1.c1","c14.c10.c10.c14","c14.c10.c11.c11","c14.c10.c12.c12","c14.c10.c13.c13","c14.c10.c14.c10","c14.c10.c15.c15","c14.c10.c2.c2","c14.c10.c3.c3","c14.c10.c4.c4","c14.c10.c5.c5","c14.c10.c6.c6","c14.c10.c7.c7","c14.c10.c8.c8","c14.c10.c9.c9","c14.c13.c0.c0","c14.c13.c1.c1","c14.c13.c10.c10","c14.c13.c11.c11","c14.c13.c12.c12","c14.c13.c13.c14","c14.c13.c14.c13","c14.c13.c15.c15","c14.c13.c2.c2","c14.c13.c3.c3","c14.c13.c4.c4","c14.c13.c5.c5","c14.c13.c6.c6","c14.c13.c7.c7","c14.c13.c8.c8","c14.c13.c9.c9","c14.c15.c0.c0","c14.c15.c1.c1","c14.c15.c10.c10","c14.c15.c11.c11","c14.c15.c12.c12","c14.c15.c13.c13","c14.c15.c14.c15","c14.c15.c15.c14","c14.c15.c2.c2","c14.c15.c3.c3","c14.c15.c4.c4","c14.c15.c5.c5","c14.c15.c6.c6","c14.c15.c7.c7","c14.c15.c8.c8","c14.c15.c9.c9","c15.c11.c0.c0","c15.c11.c1.c1","c15.c11.c10.c10","c15.c11.c11.c15","c15.c11.c12.c12","c15.c11.c13.c13","c15.c11.c14.c14","c15.c11.c15.c11","c15.c11.c2.c2","c15.c11.c3.c3","c15.c11.c4.c4","c15.c11.c5.c5","c15.c11.c6.c6","c15.c11.c7.c7","c15.c11.c8.c8","c15.c11.c9.c9","c15.c14.c0.c0","c15.c14.c1.c1","c15.c14.c10.c10","c15.c14.c11.c11","c15.c14.c12.c12","c15.c14.c13.c13","c15.c14.c14.c15","c15.c14.c15.c14","c15.c14.c2.c2","c15.c14.c3.c3","c15.c14.c4.c4","c15.c14.c5.c5","c15.c14.c6.c6","c15.c14.c7.c7","c15.c14.c8.c8","c15.c14.c9.c9","c2.c1.c0.c0","c2.c1.c1.c2","c2.c1.c10.c10","c2.c1.c11.c11","c2.c1.c12.c12","c2.c1.c13.c13","c2.c1.c14.c14","c2.c1.c15.c15","c2.c1.c2.c1","c2.c1.c3.c3","c2.c1.c4.c4","c2.c1.c5.c5","c2.c1.c6.c6","c2.c1.c7.c7","c2.c1.c8.c8","c2.c1.c9.c9","c2.c3.c0.c0","c2.c3.c1.c1","c2.c3.c10.c10","c2.c3.c11.c11","c2.c3.c12.c12","c2.c3.c13.c13","c2.c3.c14.c14","c2.c3.c15.c15","c2.c3.c2.c3","c2.c3.c3.c2","c2.c3.c4.c4","c2.c3.c5.c5","c2.c3.c6.c6","c2.c3.c7.c7","c2.c3.c8.c8","c2.c3.c9.c9","c2.c6.c0.c0","c2.c6.c1.c1","c2.c6.c10.c10","c2.c6.c11.c11","c2.c6.c12.c12","c2.c6.c13.c13","c2.c6.c14.c14","c2.c6.c15.c15","c2.c6.c2.c6","c2.c6.c3.c3","c2.c6.c4.c4","c2.c6.c5.c5","c2.c6.c6.c2","c2.c6.c7.c7","c2.c6.c8.c8","c2.c6.c9.c9","c3.c2.c0.c0","c3.c2.c1.c1","c3.c2.c10.c10","c3.c2.c11.c11","c3.c2.c12.c12","c3.c2.c13.c13","c3.c2.c14.c14","c3.c2.c15.c15","c3.c2.c2.c3","c3.c2.c3.c2","c3.c2.c4.c4","c3.c2.c5.c5","c3.c2.c6.c6","c3.c2.c7.c7","c3.c2.c8.c8","c3.c2.c9.c9","c3.c7.c0.c0","c3.c7.c1.c1","c3.c7.c10.c10","c3.c7.c11.c11","c3.c7.c12.c12","c3.c7.c13.c13","c3.c7.c14.c14","c3.c7.c15.c15","c3.c7.c2.c2","c3.c7.c3.c7","c3.c7.c4.c4","c3.c7.c5.c5","c3.c7.c6.c6","c3.c7.c7.c3","c3.c7.c8.c8","c3.c7.c9.c9","c4.c0.c0.c4","c4.c0.c1.c1","c4.c0.c10.c10","c4.c0.c11.c11","c4.c0.c12.c12","c4.c0.c13.c13","c4.c0.c14.c14","c4.c0.c15.c15","c4.c0.c2.c2","c4.c0.c3.c3","c4.c0.c4.c0","c4.c0.c5.c5","c4.c0.c6.c6","c4.c0.c7.c7","c4.c0.c8.c8","c4.c0.c9.c9","c4.c5.c0.c0","c4.c5.c1.c1","c4.c5.c10.c10","c4.c5.c11.c11","c4.c5.c12.c12","c4.c5.c13.c13","c4.c5.c14.c14","c4.c5.c15.c15","c4.c5.c2.c2","c4.c5.c3.c3","c4.c5.c4.c5","c4.c5.c5.c4","c4.c5.c6.c6","c4.c5.c7.c7","c4.c5.c8.c8","c4.c5.c9.c9","c4.c8.c0.c0","c4.c8.c1.c1","c4.c8.c10.c10","c4.c8.c11.c11","c4.c8.c12.c12","c4.c8.c13.c13","c4.c8.c14.c14","c4.c8.c15.c15","c4.c8.c2.c2","c4.c8.c3.c3","c4.c8.c4.c8","c4.c8.c5.c5","c4.c8.c6.c6","c4.c8.c7.c7","c4.c8.c8.c4","c4.c8.c9.c9","c5.c1.c0.c0","c5.c1.c1.c5","c5.c1.c10.c10","c5.c1.c11.c11","c5.c1.c12.c12","c5.c1.c13.c13","c5.c1.c14.c14","c5.c1.c15.c15","c5.c1.c2.c2","c5.c1.c3.c3","c5.c1.c4.c4","c5.c1.c5.c1","c5.c1.c6.c6","c5.c1.c7.c7","c5.c1.c8.c8","c5.c1.c9.c9","c5.c4.c0.c0","c5.c4.c1.c1","c5.c4.c10.c10","c5.c4.c11.c11","c5.c4.c12.c12","c5.c4.c13.c13","c5.c4.c14.c14","c5.c4.c15.c15","c5.c4.c2.c2","c5.c4.c3.c3","c5.c4.c4.c5","c5.c4.c5.c4","c5.c4.c6.c6","c5.c4.c7.c7","c5.c4.c8.c8","c5.c4.c9.c9","c5.c6.c0.c0","c5.c6.c1.c1","c5.c6.c10.c10","c5.c6.c11.c11","c5.c6.c12.c12","c5.c6.c13.c13","c5.c6.c14.c14","c5.c6.c15.c15","c5.c6.c2.c2","c5.c6.c3.c3","c5.c6.c4.c4","c5.c6.c5.c6","c5.c6.c6.c5","c5.c6.c7.c7","c5.c6.c8.c8","c5.c6.c9.c9","c5.c9.c0.c0","c5.c9.c1.c1","c5.c9.c10.c10","c5.c9.c11.c11","c5.c9.c12.c12","c5.c9.c13.c13","c5.c9.c14.c14","c5.c9.c15.c15","c5.c9.c2.c2","c5.c9.c3.c3","c5.c9.c4.c4","c5.c9.c5.c9","c5.c9.c6.c6","c5.c9.c7.c7","c5.c9.c8.c8","c5.c9.c9.c5","c6.c10.c0.c0","c6.c10.c1.c1","c6.c10.c10.c6","c6.c10.c11.c11","c6.c10.c12.c12","c6.c10.c13.c13","c6.c10.c14.c14","c6.c10.c15.c15","c6.c10.c2.c2","c6.c10.c3.c3","c6.c10.c4.c4","c6.c10.c5.c5","c6.c10.c6.c10","c6.c10.c7.c7","c6.c10.c8.c8","c6.c10.c9.c9","c6.c2.c0.c0","c6.c2.c1.c1","c6.c2.c10.c10","c6.c2.c11.c11","c6.c2.c12.c12","c6.c2.c13.c13","c6.c2.c14.c14","c6.c2.c15.c15","c6.c2.c2.c6","c6.c2.c3.c3","c6.c2.c4.c4","c6.c2.c5.c5","c6.c2.c6.c2","c6.c2.c7.c7","c6.c2.c8.c8","c6.c2.c9.c9","c6.c5.c0.c0","c6.c5.c1.c1","c6.c5.c10.c10","c6.c5.c11.c11","c6.c5.c12.c12","c6.c5.c13.c13","c6.c5.c14.c14","c6.c5.c15.c15","c6.c5.c2.c2","c6.c5.c3.c3","c6.c5.c4.c4","c6.c5.c5.c6","c6.c5.c6.c5","c6.c5.c7.c7","c6.c5.c8.c8","c6.c5.c9.c9","c6.c7.c0.c0","c6.c7.c1.c1","c6.c7.c10.c10","c6.c7.c11.c11","c6.c7.c12.c12","c6.c7.c13.c13","c6.c7.c14.c14","c6.c7.c15.c15","c6.c7.c2.c2","c6.c7.c3.c3","c6.c7.c4.c4","c6.c7.c5.c5","c6.c7.c6.c7","c6.c7.c7.c6","c6.c7.c8.c8","c6.c7.c9.c9","c7.c11.c0.c0","c7.c11.c1.c1","c7.c11.c10.c10","c7.c11.c11.c7","c7.c11.c12.c12","c7.c11.c13.c13","c7.c11.c14.c14","c7.c11.c15.c15","c7.c11.c2.c2","c7.c11.c3.c3","c7.c11.c4.c4","c7.c11.c5.c5","c7.c11.c6.c6","c7.c11.c7.c11","c7.c11.c8.c8","c7.c11.c9.c9","c7.c3.c0.c0","c7.c3.c1.c1","c7.c3.c10.c10","c7.c3.c11.c11","c7.c3.c12.c12","c7.c3.c13.c13","c7.c3.c14.c14","c7.c3.c15.c15","c7.c3.c2.c2","c7.c3.c3.c7","c7.c3.c4.c4","c7.c3.c5.c5","c7.c3.c6.c6","c7.c3.c7.c3","c7.c3.c8.c8","c7.c3.c9.c9","c7.c6.c0.c0","c7.c6.c1.c1","c7.c6.c10.c10","c7.c6.c11.c11","c7.c6.c12.c12","c7.c6.c13.c13","c7.c6.c14.c14","c7.c6.c15.c15","c7.c6.c2.c2","c7.c6.c3.c3","c7.c6.c4.c4","c7.c6.c5.c5","c7.c6.c6.c7","c7.c6.c7.c6","c7.c6.c8.c8","c7.c6.c9.c9","c8.c12.c0.c0","c8.c12.c1.c1","c8.c12.c10.c10","c8.c12.c11.c11","c8.c12.c12.c8","c8.c12.c13.c13","c8.c12.c14.c14","c8.c12.c15.c15","c8.c12.c2.c2","c8.c12.c3.c3","c8.c12.c4.c4","c8.c12.c5.c5","c8.c12.c6.c6","c8.c12.c7.c7","c8.c12.c8.c12","c8.c12.c9.c9","c8.c4.c0.c0","c8.c4.c1.c1","c8.c4.c10.c10","c8.c4.c11.c11","c8.c4.c12.c12","c8.c4.c13.c13","c8.c4.c14.c14","c8.c4.c15.c15","c8.c4.c2.c2","c8.c4.c3.c3","c8.c4.c4.c8","c8.c4.c5.c5","c8.c4.c6.c6","c8.c4.c7.c7","c8.c4.c8.c4","c8.c4.c9.c9","c8.c9.c0.c0","c8.c9.c1.c1","c8.c9.c10.c10","c8.c9.c11.c11","c8.c9.c12.c12","c8.c9.c13.c13","c8.c9.c14.c14","c8.c9.c15.c15","c8.c9.c2.c2","c8.c9.c3.c3","c8.c9.c4.c4","c8.c9.c5.c5","c8.c9.c6.c6","c8.c9.c7.c7","c8.c9.c8.c9","c8.c9.c9.c8","c9.c10.c0.c0","c9.c10.c1.c1","c9.c10.c10.c9","c9.c10.c11.c11","c9.c10.c12.c12","c9.c10.c13.c13","c9.c10.c14.c14","c9.c10.c15.c15","c9.c10.c2.c2","c9.c10.c3.c3","c9.c10.c4.c4","c9.c10.c5.c5","c9.c10.c6.c6","c9.c10.c7.c7","c9.c10.c8.c8","c9.c10.c9.c10","c9.c13.c0.c0","c9.c13.c1.c1","c9.c13.c10.c10","c9.c13.c11.c11","c9.c13.c12.c12","c9.c13.c13.c9","c9.c13.c14.c14","c9.c13.c15.c15","c9.c13.c2.c2","c9.c13.c3.c3","c9.c13.c4.c4","c9.c13.c5.c5","c9.c13.c6.c6","c9.c13.c7.c7","c9.c13.c8.c8","c9.c13.c9.c13","c9.c5.c0.c0","c9.c5.c1.c1","c9.c5.c10.c10","c9.c5.c11.c11","c9.c5.c12.c12","c9.c5.c13.c13","c9.c5.c14.c14","c9.c5.c15.c15","c9.c5.c2.c2","c9.c5.c3.c3","c9.c5.c4.c4","c9.c5.c5.c9","c9.c5.c6.c6","c9.c5.c7.c7","c9.c5.c8.c8","c9.c5.c9.c5","c9.c8.c0.c0","c9.c8.c1.c1","c9.c8.c10.c10","c9.c8.c11.c11","c9.c8.c12.c12","c9.c8.c13.c13","c9.c8.c14.c14","c9.c8.c15.c15","c9.c8.c2.c2","c9.c8.c3.c3","c9.c8.c4.c4","c9.c8.c5.c5","c9.c8.c6.c6","c9.c8.c7.c7","c9.c8.c8.c9","c9.c8.c9.c8"]),Deref("#p0")),"#p34","#s35",Wrap(Composition(Unwrap(Mention("#s35"),Deref("#p32")),Mention("#s33")),Deref("#p34")))),"#p36","#s37",Iteration(Unwrap(Unwrap(Unwrap(Literal(["c0.c1.c0.c1","c0.c1.c1.c0","c0.c1.c10.c10","c0.c1.c11.c11","c0.c1.c12.c12","c0.c1.c13.c13","c0.c1.c14.c14","c0.c1.c15.c15","c0.c1.c2.c2","c0.c1.c3.c3","c0.c1.c4.c4","c0.c1.c5.c5","c0.c1.c6.c6","c0.c1.c7.c7","c0.c1.c8.c8","c0.c1.c9.c9","c0.c4.c0.c4","c0.c4.c1.c1","c0.c4.c10.c10","c0.c4.c11.c11","c0.c4.c12.c12","c0.c4.c13.c13","c0.c4.c14.c14","c0.c4.c15.c15","c0.c4.c2.c2","c0.c4.c3.c3","c0.c4.c4.c0","c0.c4.c5.c5","c0.c4.c6.c6","c0.c4.c7.c7","c0.c4.c8.c8","c0.c4.c9.c9","c1.c0.c0.c1","c1.c0.c1.c0","c1.c0.c10.c10","c1.c0.c11.c11","c1.c0.c12.c12","c1.c0.c13.c13","c1.c0.c14.c14","c1.c0.c15.c15","c1.c0.c2.c2","c1.c0.c3.c3","c1.c0.c4.c4","c1.c0.c5.c5","c1.c0.c6.c6","c1.c0.c7.c7","c1.c0.c8.c8","c1.c0.c9.c9","c1.c2.c0.c0","c1.c2.c1.c2","c1.c2.c10.c10","c1.c2.c11.c11","c1.c2.c12.c12","c1.c2.c13.c13","c1.c2.c14.c14","c1.c2.c15.c15","c1.c2.c2.c1","c1.c2.c3.c3","c1.c2.c4.c4","c1.c2.c5.c5","c1.c2.c6.c6","c1.c2.c7.c7","c1.c2.c8.c8","c1.c2.c9.c9","c1.c5.c0.c0","c1.c5.c1.c5","c1.c5.c10.c10","c1.c5.c11.c11","c1.c5.c12.c12","c1.c5.c13.c13","c1.c5.c14.c14","c1.c5.c15.c15","c1.c5.c2.c2","c1.c5.c3.c3","c1.c5.c4.c4","c1.c5.c5.c1","c1.c5.c6.c6","c1.c5.c7.c7","c1.c5.c8.c8","c1.c5.c9.c9","c10.c11.c0.c0","c10.c11.c1.c1","c10.c11.c10.c11","c10.c11.c11.c10","c10.c11.c12.c12","c10.c11.c13.c13","c10.c11.c14.c14","c10.c11.c15.c15","c10.c11.c2.c2","c10.c11.c3.c3","c10.c11.c4.c4","c10.c11.c5.c5","c10.c11.c6.c6","c10.c11.c7.c7","c10.c11.c8.c8","c10.c11.c9.c9","c10.c14.c0.c0","c10.c14.c1.c1","c10.c14.c10.c14","c10.c14.c11.c11","c10.c14.c12.c12","c10.c14.c13.c13","c10.c14.c14.c10","c10.c14.c15.c15","c10.c14.c2.c2","c10.c14.c3.c3","c10.c14.c4.c4","c10.c14.c5.c5","c10.c14.c6.c6","c10.c14.c7.c7","c10.c14.c8.c8","c10.c14.c9.c9","c10.c6.c0.c0","c10.c6.c1.c1","c10.c6.c10.c6","c10.c6.c11.c11","c10.c6.c12.c12","c10.c6.c13.c13","c10.c6.c14.c14","c10.c6.c15.c15","c10.c6.c2.c2","c10.c6.c3.c3","c10.c6.c4.c4","c10.c6.c5.c5","c10.c6.c6.c10","c10.c6.c7.c7","c10.c6.c8.c8","c10.c6.c9.c9","c10.c9.c0.c0","c10.c9.c1.c1","c10.c9.c10.c9","c10.c9.c11.c11","c10.c9.c12.c12","c10.c9.c13.c13","c10.c9.c14.c14","c10.c9.c15.c15","c10.c9.c2.c2","c10.c9.c3.c3","c10.c9.c4.c4","c10.c9.c5.c5","c10.c9.c6.c6","c10.c9.c7.c7","c10.c9.c8.c8","c10.c9.c9.c10","c11.c10.c0.c0","c11.c10.c1.c1","c11.c10.c10.c11","c11.c10.c11.c10","c11.c10.c12.c12","c11.c10.c13.c13","c11.c10.c14.c14","c11.c10.c15.c15","c11.c10.c2.c2","c11.c10.c3.c3","c11.c10.c4.c4","c11.c10.c5.c5","c11.c10.c6.c6","c11.c10.c7.c7","c11.c10.c8.c8","c11.c10.c9.c9","c11.c15.c0.c0","c11.c15.c1.c1","c11.c15.c10.c10","c11.c15.c11.c15","c11.c15.c12.c12","c11.c15.c13.c13","c11.c15.c14.c14","c11.c15.c15.c11","c11.c15.c2.c2","c11.c15.c3.c3","c11.c15.c4.c4","c11.c15.c5.c5","c11.c15.c6.c6","c11.c15.c7.c7","c11.c15.c8.c8","c11.c15.c9.c9","c11.c7.c0.c0","c11.c7.c1.c1","c11.c7.c10.c10","c11.c7.c11.c7","c11.c7.c12.c12","c11.c7.c13.c13","c11.c7.c14.c14","c11.c7.c15.c15","c11.c7.c2.c2","c11.c7.c3.c3","c11.c7.c4.c4","c11.c7.c5.c5","c11.c7.c6.c6","c11.c7.c7.c11","c11.c7.c8.c8","c11.c7.c9.c9","c12.c13.c0.c0","c12.c13.c1.c1","c12.c13.c10.c10","c12.c13.c11.c11","c12.c13.c12.c13","c12.c13.c13.c12","c12.c13.c14.c14","c12.c13.c15.c15","c12.c13.c2.c2","c12.c13.c3.c3","c12.c13.c4.c4","c12.c13.c5.c5","c12.c13.c6.c6","c12.c13.c7.c7","c12.c13.c8.c8","c12.c13.c9.c9","c12.c8.c0.c0","c12.c8.c1.c1","c12.c8.c10.c10","c12.c8.c11.c11","c12.c8.c12.c8","c12.c8.c13.c13","c12.c8.c14.c14","c12.c8.c15.c15","c12.c8.c2.c2","c12.c8.c3.c3","c12.c8.c4.c4","c12.c8.c5.c5","c12.c8.c6.c6","c12.c8.c7.c7","c12.c8.c8.c12","c12.c8.c9.c9","c13.c12.c0.c0","c13.c12.c1.c1","c13.c12.c10.c10","c13.c12.c11.c11","c13.c12.c12.c13","c13.c12.c13.c12","c13.c12.c14.c14","c13.c12.c15.c15","c13.c12.c2.c2","c13.c12.c3.c3","c13.c12.c4.c4","c13.c12.c5.c5","c13.c12.c6.c6","c13.c12.c7.c7","c13.c12.c8.c8","c13.c12.c9.c9","c13.c14.c0.c0","c13.c14.c1.c1","c13.c14.c10.c10","c13.c14.c11.c11","c13.c14.c12.c12","c13.c14.c13.c14","c13.c14.c14.c13","c13.c14.c15.c15","c13.c14.c2.c2","c13.c14.c3.c3","c13.c14.c4.c4","c13.c14.c5.c5","c13.c14.c6.c6","c13.c14.c7.c7","c13.c14.c8.c8","c13.c14.c9.c9","c13.c9.c0.c0","c13.c9.c1.c1","c13.c9.c10.c10","c13.c9.c11.c11","c13.c9.c12.c12","c13.c9.c13.c9","c13.c9.c14.c14","c13.c9.c15.c15","c13.c9.c2.c2","c13.c9.c3.c3","c13.c9.c4.c4","c13.c9.c5.c5","c13.c9.c6.c6","c13.c9.c7.c7","c13.c9.c8.c8","c13.c9.c9.c13","c14.c10.c0.c0","c14.c10.c1.c1","c14.c10.c10.c14","c14.c10.c11.c11","c14.c10.c12.c12","c14.c10.c13.c13","c14.c10.c14.c10","c14.c10.c15.c15","c14.c10.c2.c2","c14.c10.c3.c3","c14.c10.c4.c4","c14.c10.c5.c5","c14.c10.c6.c6","c14.c10.c7.c7","c14.c10.c8.c8","c14.c10.c9.c9","c14.c13.c0.c0","c14.c13.c1.c1","c14.c13.c10.c10","c14.c13.c11.c11","c14.c13.c12.c12","c14.c13.c13.c14","c14.c13.c14.c13","c14.c13.c15.c15","c14.c13.c2.c2","c14.c13.c3.c3","c14.c13.c4.c4","c14.c13.c5.c5","c14.c13.c6.c6","c14.c13.c7.c7","c14.c13.c8.c8","c14.c13.c9.c9","c14.c15.c0.c0","c14.c15.c1.c1","c14.c15.c10.c10","c14.c15.c11.c11","c14.c15.c12.c12","c14.c15.c13.c13","c14.c15.c14.c15","c14.c15.c15.c14","c14.c15.c2.c2","c14.c15.c3.c3","c14.c15.c4.c4","c14.c15.c5.c5","c14.c15.c6.c6","c14.c15.c7.c7","c14.c15.c8.c8","c14.c15.c9.c9","c15.c11.c0.c0","c15.c11.c1.c1","c15.c11.c10.c10","c15.c11.c11.c15","c15.c11.c12.c12","c15.c11.c13.c13","c15.c11.c14.c14","c15.c11.c15.c11","c15.c11.c2.c2","c15.c11.c3.c3","c15.c11.c4.c4","c15.c11.c5.c5","c15.c11.c6.c6","c15.c11.c7.c7","c15.c11.c8.c8","c15.c11.c9.c9","c15.c14.c0.c0","c15.c14.c1.c1","c15.c14.c10.c10","c15.c14.c11.c11","c15.c14.c12.c12","c15.c14.c13.c13","c15.c14.c14.c15","c15.c14.c15.c14","c15.c14.c2.c2","c15.c14.c3.c3","c15.c14.c4.c4","c15.c14.c5.c5","c15.c14.c6.c6","c15.c14.c7.c7","c15.c14.c8.c8","c15.c14.c9.c9","c2.c1.c0.c0","c2.c1.c1.c2","c2.c1.c10.c10","c2.c1.c11.c11","c2.c1.c12.c12","c2.c1.c13.c13","c2.c1.c14.c14","c2.c1.c15.c15","c2.c1.c2.c1","c2.c1.c3.c3","c2.c1.c4.c4","c2.c1.c5.c5","c2.c1.c6.c6","c2.c1.c7.c7","c2.c1.c8.c8","c2.c1.c9.c9","c2.c3.c0.c0","c2.c3.c1.c1","c2.c3.c10.c10","c2.c3.c11.c11","c2.c3.c12.c12","c2.c3.c13.c13","c2.c3.c14.c14","c2.c3.c15.c15","c2.c3.c2.c3","c2.c3.c3.c2","c2.c3.c4.c4","c2.c3.c5.c5","c2.c3.c6.c6","c2.c3.c7.c7","c2.c3.c8.c8","c2.c3.c9.c9","c2.c6.c0.c0","c2.c6.c1.c1","c2.c6.c10.c10","c2.c6.c11.c11","c2.c6.c12.c12","c2.c6.c13.c13","c2.c6.c14.c14","c2.c6.c15.c15","c2.c6.c2.c6","c2.c6.c3.c3","c2.c6.c4.c4","c2.c6.c5.c5","c2.c6.c6.c2","c2.c6.c7.c7","c2.c6.c8.c8","c2.c6.c9.c9","c3.c2.c0.c0","c3.c2.c1.c1","c3.c2.c10.c10","c3.c2.c11.c11","c3.c2.c12.c12","c3.c2.c13.c13","c3.c2.c14.c14","c3.c2.c15.c15","c3.c2.c2.c3","c3.c2.c3.c2","c3.c2.c4.c4","c3.c2.c5.c5","c3.c2.c6.c6","c3.c2.c7.c7","c3.c2.c8.c8","c3.c2.c9.c9","c3.c7.c0.c0","c3.c7.c1.c1","c3.c7.c10.c10","c3.c7.c11.c11","c3.c7.c12.c12","c3.c7.c13.c13","c3.c7.c14.c14","c3.c7.c15.c15","c3.c7.c2.c2","c3.c7.c3.c7","c3.c7.c4.c4","c3.c7.c5.c5","c3.c7.c6.c6","c3.c7.c7.c3","c3.c7.c8.c8","c3.c7.c9.c9","c4.c0.c0.c4","c4.c0.c1.c1","c4.c0.c10.c10","c4.c0.c11.c11","c4.c0.c12.c12","c4.c0.c13.c13","c4.c0.c14.c14","c4.c0.c15.c15","c4.c0.c2.c2","c4.c0.c3.c3","c4.c0.c4.c0","c4.c0.c5.c5","c4.c0.c6.c6","c4.c0.c7.c7","c4.c0.c8.c8","c4.c0.c9.c9","c4.c5.c0.c0","c4.c5.c1.c1","c4.c5.c10.c10","c4.c5.c11.c11","c4.c5.c12.c12","c4.c5.c13.c13","c4.c5.c14.c14","c4.c5.c15.c15","c4.c5.c2.c2","c4.c5.c3.c3","c4.c5.c4.c5","c4.c5.c5.c4","c4.c5.c6.c6","c4.c5.c7.c7","c4.c5.c8.c8","c4.c5.c9.c9","c4.c8.c0.c0","c4.c8.c1.c1","c4.c8.c10.c10","c4.c8.c11.c11","c4.c8.c12.c12","c4.c8.c13.c13","c4.c8.c14.c14","c4.c8.c15.c15","c4.c8.c2.c2","c4.c8.c3.c3","c4.c8.c4.c8","c4.c8.c5.c5","c4.c8.c6.c6","c4.c8.c7.c7","c4.c8.c8.c4","c4.c8.c9.c9","c5.c1.c0.c0","c5.c1.c1.c5","c5.c1.c10.c10","c5.c1.c11.c11","c5.c1.c12.c12","c5.c1.c13.c13","c5.c1.c14.c14","c5.c1.c15.c15","c5.c1.c2.c2","c5.c1.c3.c3","c5.c1.c4.c4","c5.c1.c5.c1","c5.c1.c6.c6","c5.c1.c7.c7","c5.c1.c8.c8","c5.c1.c9.c9","c5.c4.c0.c0","c5.c4.c1.c1","c5.c4.c10.c10","c5.c4.c11.c11","c5.c4.c12.c12","c5.c4.c13.c13","c5.c4.c14.c14","c5.c4.c15.c15","c5.c4.c2.c2","c5.c4.c3.c3","c5.c4.c4.c5","c5.c4.c5.c4","c5.c4.c6.c6","c5.c4.c7.c7","c5.c4.c8.c8","c5.c4.c9.c9","c5.c6.c0.c0","c5.c6.c1.c1","c5.c6.c10.c10","c5.c6.c11.c11","c5.c6.c12.c12","c5.c6.c13.c13","c5.c6.c14.c14","c5.c6.c15.c15","c5.c6.c2.c2","c5.c6.c3.c3","c5.c6.c4.c4","c5.c6.c5.c6","c5.c6.c6.c5","c5.c6.c7.c7","c5.c6.c8.c8","c5.c6.c9.c9","c5.c9.c0.c0","c5.c9.c1.c1","c5.c9.c10.c10","c5.c9.c11.c11","c5.c9.c12.c12","c5.c9.c13.c13","c5.c9.c14.c14","c5.c9.c15.c15","c5.c9.c2.c2","c5.c9.c3.c3","c5.c9.c4.c4","c5.c9.c5.c9","c5.c9.c6.c6","c5.c9.c7.c7","c5.c9.c8.c8","c5.c9.c9.c5","c6.c10.c0.c0","c6.c10.c1.c1","c6.c10.c10.c6","c6.c10.c11.c11","c6.c10.c12.c12","c6.c10.c13.c13","c6.c10.c14.c14","c6.c10.c15.c15","c6.c10.c2.c2","c6.c10.c3.c3","c6.c10.c4.c4","c6.c10.c5.c5","c6.c10.c6.c10","c6.c10.c7.c7","c6.c10.c8.c8","c6.c10.c9.c9","c6.c2.c0.c0","c6.c2.c1.c1","c6.c2.c10.c10","c6.c2.c11.c11","c6.c2.c12.c12","c6.c2.c13.c13","c6.c2.c14.c14","c6.c2.c15.c15","c6.c2.c2.c6","c6.c2.c3.c3","c6.c2.c4.c4","c6.c2.c5.c5","c6.c2.c6.c2","c6.c2.c7.c7","c6.c2.c8.c8","c6.c2.c9.c9","c6.c5.c0.c0","c6.c5.c1.c1","c6.c5.c10.c10","c6.c5.c11.c11","c6.c5.c12.c12","c6.c5.c13.c13","c6.c5.c14.c14","c6.c5.c15.c15","c6.c5.c2.c2","c6.c5.c3.c3","c6.c5.c4.c4","c6.c5.c5.c6","c6.c5.c6.c5","c6.c5.c7.c7","c6.c5.c8.c8","c6.c5.c9.c9","c6.c7.c0.c0","c6.c7.c1.c1","c6.c7.c10.c10","c6.c7.c11.c11","c6.c7.c12.c12","c6.c7.c13.c13","c6.c7.c14.c14","c6.c7.c15.c15","c6.c7.c2.c2","c6.c7.c3.c3","c6.c7.c4.c4","c6.c7.c5.c5","c6.c7.c6.c7","c6.c7.c7.c6","c6.c7.c8.c8","c6.c7.c9.c9","c7.c11.c0.c0","c7.c11.c1.c1","c7.c11.c10.c10","c7.c11.c11.c7","c7.c11.c12.c12","c7.c11.c13.c13","c7.c11.c14.c14","c7.c11.c15.c15","c7.c11.c2.c2","c7.c11.c3.c3","c7.c11.c4.c4","c7.c11.c5.c5","c7.c11.c6.c6","c7.c11.c7.c11","c7.c11.c8.c8","c7.c11.c9.c9","c7.c3.c0.c0","c7.c3.c1.c1","c7.c3.c10.c10","c7.c3.c11.c11","c7.c3.c12.c12","c7.c3.c13.c13","c7.c3.c14.c14","c7.c3.c15.c15","c7.c3.c2.c2","c7.c3.c3.c7","c7.c3.c4.c4","c7.c3.c5.c5","c7.c3.c6.c6","c7.c3.c7.c3","c7.c3.c8.c8","c7.c3.c9.c9","c7.c6.c0.c0","c7.c6.c1.c1","c7.c6.c10.c10","c7.c6.c11.c11","c7.c6.c12.c12","c7.c6.c13.c13","c7.c6.c14.c14","c7.c6.c15.c15","c7.c6.c2.c2","c7.c6.c3.c3","c7.c6.c4.c4","c7.c6.c5.c5","c7.c6.c6.c7","c7.c6.c7.c6","c7.c6.c8.c8","c7.c6.c9.c9","c8.c12.c0.c0","c8.c12.c1.c1","c8.c12.c10.c10","c8.c12.c11.c11","c8.c12.c12.c8","c8.c12.c13.c13","c8.c12.c14.c14","c8.c12.c15.c15","c8.c12.c2.c2","c8.c12.c3.c3","c8.c12.c4.c4","c8.c12.c5.c5","c8.c12.c6.c6","c8.c12.c7.c7","c8.c12.c8.c12","c8.c12.c9.c9","c8.c4.c0.c0","c8.c4.c1.c1","c8.c4.c10.c10","c8.c4.c11.c11","c8.c4.c12.c12","c8.c4.c13.c13","c8.c4.c14.c14","c8.c4.c15.c15","c8.c4.c2.c2","c8.c4.c3.c3","c8.c4.c4.c8","c8.c4.c5.c5","c8.c4.c6.c6","c8.c4.c7.c7","c8.c4.c8.c4","c8.c4.c9.c9","c8.c9.c0.c0","c8.c9.c1.c1","c8.c9.c10.c10","c8.c9.c11.c11","c8.c9.c12.c12","c8.c9.c13.c13","c8.c9.c14.c14","c8.c9.c15.c15","c8.c9.c2.c2","c8.c9.c3.c3","c8.c9.c4.c4","c8.c9.c5.c5","c8.c9.c6.c6","c8.c9.c7.c7","c8.c9.c8.c9","c8.c9.c9.c8","c9.c10.c0.c0","c9.c10.c1.c1","c9.c10.c10.c9","c9.c10.c11.c11","c9.c10.c12.c12","c9.c10.c13.c13","c9.c10.c14.c14","c9.c10.c15.c15","c9.c10.c2.c2","c9.c10.c3.c3","c9.c10.c4.c4","c9.c10.c5.c5","c9.c10.c6.c6","c9.c10.c7.c7","c9.c10.c8.c8","c9.c10.c9.c10","c9.c13.c0.c0","c9.c13.c1.c1","c9.c13.c10.c10","c9.c13.c11.c11","c9.c13.c12.c12","c9.c13.c13.c9","c9.c13.c14.c14","c9.c13.c15.c15","c9.c13.c2.c2","c9.c13.c3.c3","c9.c13.c4.c4","c9.c13.c5.c5","c9.c13.c6.c6","c9.c13.c7.c7","c9.c13.c8.c8","c9.c13.c9.c13","c9.c5.c0.c0","c9.c5.c1.c1","c9.c5.c10.c10","c9.c5.c11.c11","c9.c5.c12.c12","c9.c5.c13.c13","c9.c5.c14.c14","c9.c5.c15.c15","c9.c5.c2.c2","c9.c5.c3.c3","c9.c5.c4.c4","c9.c5.c5.c9","c9.c5.c6.c6","c9.c5.c7.c7","c9.c5.c8.c8","c9.c5.c9.c5","c9.c8.c0.c0","c9.c8.c1.c1","c9.c8.c10.c10","c9.c8.c11.c11","c9.c8.c12.c12","c9.c8.c13.c13","c9.c8.c14.c14","c9.c8.c15.c15","c9.c8.c2.c2","c9.c8.c3.c3","c9.c8.c4.c4","c9.c8.c5.c5","c9.c8.c6.c6","c9.c8.c7.c7","c9.c8.c8.c9","c9.c8.c9.c8"]),Deref("#p0")),Deref("#p36")),Deref("#p0")),"#p38","#s39",Call("collapse",Deref("#p38");,Mention("#s37"))))))))))))))))))))
