rule_id	kind	line	operations	tier	status	artifacts	note	rule
zipper-descend:0001	rewrite	113		FOL	proved-unbounded	path_concat_epsilon_left_fo,path_concat_epsilon_right_fo	mapped to first-order proof artifact(s)	(rewrite (Concat (Eps) p) p)
zipper-descend:0002	rewrite	114		FOL	proved-unbounded	path_concat_epsilon_left_fo,path_concat_epsilon_right_fo	mapped to first-order proof artifact(s)	(rewrite (Concat p (Eps)) p)
zipper-descend:0003	rule	168	ordered-before	FOL	proved-unbounded	ordered_before_transitive_fo	mapped to first-order proof artifact(s)	(rule ((ordered-before a b) (ordered-before b c)) ((ordered-before a c)))
zipper-descend:0004	rule	191	needs-first-head,TrieZ	FOL	proved-unbounded	zipper_base_terminal_equiv,zipper_base_child_equiv	mapped to first-order proof artifact(s)	(rule ((needs-first-head z) (= z (TrieZ (Union a b)))) ((needs-first-head (TrieZ a)) (needs-first-head (TrieZ b))))
zipper-descend:0005	rule	194	needs-last-head,TrieZ	FOL	proved-unbounded	zipper_base_terminal_equiv,zipper_base_child_equiv	mapped to first-order proof artifact(s)	(rule ((needs-last-head z) (= z (TrieZ (Union a b)))) ((needs-last-head (TrieZ a)) (needs-last-head (TrieZ b))))
zipper-descend:0006	rule	197	UnionOp,needs-first-head	mixed	proved-bounded	zipper_union_terminal_equiv,zipper_union_child_equiv,set_child_union_fo,set_union_idempotent_fo,set_union_associative_fo,child_union_a,child_union_b,child_same_head_union_a,child_same_head_union_b,union_idempotent,union_associative	mixed FOL plus bounded evidence; weakest proof tier is bounded	(rule ((needs-first-head z) (= z (UnionOp a b))) ((needs-first-head a) (needs-first-head b)))
zipper-descend:0007	rule	200	UnionOp,needs-last-head	mixed	proved-bounded	zipper_union_terminal_equiv,zipper_union_child_equiv,set_child_union_fo,set_union_idempotent_fo,set_union_associative_fo,child_union_a,child_union_b,child_same_head_union_a,child_same_head_union_b,union_idempotent,union_associative	mixed FOL plus bounded evidence; weakest proof tier is bounded	(rule ((needs-last-head z) (= z (UnionOp a b))) ((needs-last-head a) (needs-last-head b)))
zipper-descend:0008	rule	203	WrapOp,needs-first-head	mixed	proved-bounded	eager_wrap_set_equiv,zipper_wrap_materialization_equiv,arbitrary_zipper_wrap_set_equiv,set_child_wrap_hit,set_terminal_wrap,wrap_unwrap_left_inverse_a,wrap_unwrap_left_inverse_b,wrap_unwrap_left_inverse_ab,wrap_unwrap_restriction_a,wrap_unwrap_restriction_b	mixed FOL plus bounded evidence; weakest proof tier is bounded	(rule ((needs-first-head z) (= z (WrapOp src (Eps)))) ((needs-first-head src)))
zipper-descend:0009	rule	205	WrapOp,needs-last-head	mixed	proved-bounded	eager_wrap_set_equiv,zipper_wrap_materialization_equiv,arbitrary_zipper_wrap_set_equiv,set_child_wrap_hit,set_terminal_wrap,wrap_unwrap_left_inverse_a,wrap_unwrap_left_inverse_b,wrap_unwrap_left_inverse_ab,wrap_unwrap_restriction_a,wrap_unwrap_restriction_b	mixed FOL plus bounded evidence; weakest proof tier is bounded	(rule ((needs-last-head z) (= z (WrapOp src (Eps)))) ((needs-last-head src)))
zipper-descend:0010	rule	207	needs-first-head,first-head,last-head,TrieZ	FOL	proved-unbounded	zipper_base_terminal_equiv,zipper_base_child_equiv	mapped to first-order proof artifact(s)	(rule ((needs-first-head z) (= z (TrieZ (Singleton (Item item))))) ((first-head z item) (last-head z item)))
zipper-descend:0011	rule	210	needs-last-head,last-head,TrieZ	FOL	proved-unbounded	zipper_base_terminal_equiv,zipper_base_child_equiv	mapped to first-order proof artifact(s)	(rule ((needs-last-head z) (= z (TrieZ (Singleton (Item item))))) ((last-head z item)))
zipper-descend:0012	rule	212	needs-first-head,first-head,last-head,TrieZ	FOL	proved-unbounded	zipper_base_terminal_equiv,zipper_base_child_equiv	mapped to first-order proof artifact(s)	(rule ((needs-first-head z) (= z (TrieZ (Singleton (Concat (Item item) rest))))) ((first-head z item) (last-head z item)))
zipper-descend:0013	rule	215	needs-last-head,last-head,TrieZ	FOL	proved-unbounded	zipper_base_terminal_equiv,zipper_base_child_equiv	mapped to first-order proof artifact(s)	(rule ((needs-last-head z) (= z (TrieZ (Singleton (Concat (Item item) rest))))) ((last-head z item)))
zipper-descend:0014	rule	217	needs-first-head,first-head,TrieZ,ordered-before	FOL	proved-unbounded	zipper_base_terminal_equiv,zipper_base_child_equiv	mapped to first-order proof artifact(s)	(rule ((needs-first-head z) (= z (TrieZ (Union a b))) (first-head (TrieZ a) left) (first-head (TrieZ b) right) (ordered-before left right)) ((first-head z left)))
zipper-descend:0015	rule	219	needs-first-head,first-head,TrieZ,ordered-before	FOL	proved-unbounded	zipper_base_terminal_equiv,zipper_base_child_equiv	mapped to first-order proof artifact(s)	(rule ((needs-first-head z) (= z (TrieZ (Union a b))) (first-head (TrieZ a) left) (first-head (TrieZ b) right) (ordered-before right left)) ((first-head z right)))
zipper-descend:0016	rule	221	needs-last-head,last-head,TrieZ,ordered-before	FOL	proved-unbounded	zipper_base_terminal_equiv,zipper_base_child_equiv	mapped to first-order proof artifact(s)	(rule ((needs-last-head z) (= z (TrieZ (Union a b))) (last-head (TrieZ a) left) (last-head (TrieZ b) right) (ordered-before left right)) ((last-head z right)))
zipper-descend:0017	rule	223	needs-last-head,last-head,TrieZ,ordered-before	FOL	proved-unbounded	zipper_base_terminal_equiv,zipper_base_child_equiv	mapped to first-order proof artifact(s)	(rule ((needs-last-head z) (= z (TrieZ (Union a b))) (last-head (TrieZ a) left) (last-head (TrieZ b) right) (ordered-before right left)) ((last-head z left)))
zipper-descend:0018	rule	225	needs-last-head,last-head,TrieZ,terminal	FOL	proved-unbounded	zipper_base_terminal_equiv,zipper_base_child_equiv,zipper_union_terminal_equiv,zipper_intersection_terminal_equiv,zipper_diff_terminal_equiv,set_terminal_product,set_terminal_wrap,set_terminal_unwrap,set_terminal_head_empty,set_terminal_nonempty_paths_empty,set_terminal_prefix_closure_empty,set_terminal_prefix_closure_below,set_terminal_suffix_closure_empty	mapped to first-order proof artifact(s)	(rule ((needs-last-head z) (= z (TrieZ (Union a b))) (terminal (TrieZ a)) (last-head (TrieZ b) item)) ((last-head z item)))
zipper-descend:0019	rule	227	needs-last-head,last-head,TrieZ,terminal	FOL	proved-unbounded	zipper_base_terminal_equiv,zipper_base_child_equiv,zipper_union_terminal_equiv,zipper_intersection_terminal_equiv,zipper_diff_terminal_equiv,set_terminal_product,set_terminal_wrap,set_terminal_unwrap,set_terminal_head_empty,set_terminal_nonempty_paths_empty,set_terminal_prefix_closure_empty,set_terminal_prefix_closure_below,set_terminal_suffix_closure_empty	mapped to first-order proof artifact(s)	(rule ((needs-last-head z) (= z (TrieZ (Union a b))) (terminal (TrieZ b)) (last-head (TrieZ a) item)) ((last-head z item)))
zipper-descend:0020	rule	229	UnionOp,needs-first-head,first-head,ordered-before	mixed	proved-bounded	zipper_union_terminal_equiv,zipper_union_child_equiv,set_child_union_fo,set_union_idempotent_fo,set_union_associative_fo,child_union_a,child_union_b,child_same_head_union_a,child_same_head_union_b,union_idempotent,union_associative	mixed FOL plus bounded evidence; weakest proof tier is bounded	(rule ((needs-first-head z) (= z (UnionOp a b)) (first-head a left) (first-head b right) (ordered-before left right)) ((first-head z left)))
zipper-descend:0021	rule	231	UnionOp,needs-first-head,first-head,ordered-before	mixed	proved-bounded	zipper_union_terminal_equiv,zipper_union_child_equiv,set_child_union_fo,set_union_idempotent_fo,set_union_associative_fo,child_union_a,child_union_b,child_same_head_union_a,child_same_head_union_b,union_idempotent,union_associative	mixed FOL plus bounded evidence; weakest proof tier is bounded	(rule ((needs-first-head z) (= z (UnionOp a b)) (first-head a left) (first-head b right) (ordered-before right left)) ((first-head z right)))
zipper-descend:0022	rule	233	UnionOp,needs-last-head,last-head,ordered-before	mixed	proved-bounded	zipper_union_terminal_equiv,zipper_union_child_equiv,set_child_union_fo,set_union_idempotent_fo,set_union_associative_fo,child_union_a,child_union_b,child_same_head_union_a,child_same_head_union_b,union_idempotent,union_associative	mixed FOL plus bounded evidence; weakest proof tier is bounded	(rule ((needs-last-head z) (= z (UnionOp a b)) (last-head a left) (last-head b right) (ordered-before left right)) ((last-head z right)))
zipper-descend:0023	rule	235	UnionOp,needs-last-head,last-head,ordered-before	mixed	proved-bounded	zipper_union_terminal_equiv,zipper_union_child_equiv,set_child_union_fo,set_union_idempotent_fo,set_union_associative_fo,child_union_a,child_union_b,child_same_head_union_a,child_same_head_union_b,union_idempotent,union_associative	mixed FOL plus bounded evidence; weakest proof tier is bounded	(rule ((needs-last-head z) (= z (UnionOp a b)) (last-head a left) (last-head b right) (ordered-before right left)) ((last-head z left)))
zipper-descend:0024	rule	237	WrapOp,needs-first-head,first-head	mixed	proved-bounded	eager_wrap_set_equiv,zipper_wrap_materialization_equiv,arbitrary_zipper_wrap_set_equiv,set_child_wrap_hit,set_terminal_wrap,wrap_unwrap_left_inverse_a,wrap_unwrap_left_inverse_b,wrap_unwrap_left_inverse_ab,wrap_unwrap_restriction_a,wrap_unwrap_restriction_b	mixed FOL plus bounded evidence; weakest proof tier is bounded	(rule ((needs-first-head z) (= z (WrapOp src (Eps))) (first-head src item)) ((first-head z item)))
zipper-descend:0025	rule	239	WrapOp,needs-last-head,last-head	mixed	proved-bounded	eager_wrap_set_equiv,zipper_wrap_materialization_equiv,arbitrary_zipper_wrap_set_equiv,set_child_wrap_hit,set_terminal_wrap,wrap_unwrap_left_inverse_a,wrap_unwrap_left_inverse_b,wrap_unwrap_left_inverse_ab,wrap_unwrap_restriction_a,wrap_unwrap_restriction_b	mixed FOL plus bounded evidence; weakest proof tier is bounded	(rule ((needs-last-head z) (= z (WrapOp src (Eps))) (last-head src item)) ((last-head z item)))
zipper-descend:0026	rule	241	WrapOp,needs-first-head,first-head,last-head,nonempty-focus	mixed	proved-bounded	eager_wrap_set_equiv,zipper_wrap_materialization_equiv,arbitrary_zipper_wrap_set_equiv,set_child_wrap_hit,set_terminal_wrap,wrap_unwrap_left_inverse_a,wrap_unwrap_left_inverse_b,wrap_unwrap_left_inverse_ab,wrap_unwrap_restriction_a,wrap_unwrap_restriction_b	mixed FOL plus bounded evidence; weakest proof tier is bounded	(rule ((needs-first-head z) (= z (WrapOp src (Item item))) (nonempty-focus src)) ((first-head z item) (last-head z item)))
zipper-descend:0027	rule	244	WrapOp,needs-last-head,last-head,nonempty-focus	mixed	proved-bounded	eager_wrap_set_equiv,zipper_wrap_materialization_equiv,arbitrary_zipper_wrap_set_equiv,set_child_wrap_hit,set_terminal_wrap,wrap_unwrap_left_inverse_a,wrap_unwrap_left_inverse_b,wrap_unwrap_left_inverse_ab,wrap_unwrap_restriction_a,wrap_unwrap_restriction_b	mixed FOL plus bounded evidence; weakest proof tier is bounded	(rule ((needs-last-head z) (= z (WrapOp src (Item item))) (nonempty-focus src)) ((last-head z item)))
zipper-descend:0028	rule	246	WrapOp,needs-first-head,first-head,last-head,nonempty-focus	mixed	proved-bounded	eager_wrap_set_equiv,zipper_wrap_materialization_equiv,arbitrary_zipper_wrap_set_equiv,set_child_wrap_hit,set_terminal_wrap,wrap_unwrap_left_inverse_a,wrap_unwrap_left_inverse_b,wrap_unwrap_left_inverse_ab,wrap_unwrap_restriction_a,wrap_unwrap_restriction_b	mixed FOL plus bounded evidence; weakest proof tier is bounded	(rule ((needs-first-head z) (= z (WrapOp src (Concat (Item item) rest))) (nonempty-focus src)) ((first-head z item) (last-head z item)))
zipper-descend:0029	rule	249	WrapOp,needs-last-head,last-head,nonempty-focus	mixed	proved-bounded	eager_wrap_set_equiv,zipper_wrap_materialization_equiv,arbitrary_zipper_wrap_set_equiv,set_child_wrap_hit,set_terminal_wrap,wrap_unwrap_left_inverse_a,wrap_unwrap_left_inverse_b,wrap_unwrap_left_inverse_ab,wrap_unwrap_restriction_a,wrap_unwrap_restriction_b	mixed FOL plus bounded evidence; weakest proof tier is bounded	(rule ((needs-last-head z) (= z (WrapOp src (Concat (Item item) rest))) (nonempty-focus src)) ((last-head z item)))
zipper-descend:0030	rule	252	range-first-child-query,range-child-result,EmptyZ,terminal	mixed	proved-bounded	set_range_full_sentinel,eager_range_set_equiv,zipper_range_first_materialization_equiv,set_range_subset_fo,set_range_first_child_terminal_empty_fo,set_range_first_child_selected_sound_fo,set_range_first_child_pruned_fo,range_first_child_border_literal,range_first_without_epsilon_child_literal,range_first_without_epsilon_prunes_later_child_literal,zipper_range_materialization_equiv,set_range_last_child_selected_sound_fo,set_range_last_child_pruned_fo,set_range_drop_last_child_before_last_fo,set_range_drop_last_child_after_last_fo,range_last_child_border_literal,range_drop_last_child_border_literal,zipper_emptyz_empty_focus_fo,zipper_emptyz_nonterminal_fo,zipper_keyset_emptyz_fo,zipper_base_terminal_equiv,zipper_union_terminal_equiv,zipper_intersection_terminal_equiv,zipper_diff_terminal_equiv,set_terminal_product,set_terminal_wrap,set_terminal_unwrap,set_terminal_head_empty,set_terminal_nonempty_paths_empty,set_terminal_prefix_closure_empty,set_terminal_prefix_closure_below,set_terminal_suffix_closure_empty	mixed FOL plus bounded evidence; weakest proof tier is bounded	(rule ((range-first-child-query z src item) (terminal src)) ((range-child-result z (EmptyZ))) :ruleset range_border)
zipper-descend:0031	rule	255	RangeFirstOp,first-head,range-first-child-query,range-child-result,Child	mixed	proved-bounded	set_range_full_sentinel,eager_range_set_equiv,zipper_range_first_materialization_equiv,set_range_subset_fo,set_range_first_terminal_fo,zipper_range_first_terminal_fo,set_range_first_child_terminal_empty_fo,set_range_first_child_selected_sound_fo,set_range_first_child_pruned_fo,range_empty_source_first,range_first_subset,range_first_wrap_a,range_first_wrap_b,range_first_wrap_ab,range_first_idempotent,range_first_of_last,range_drop_last_of_first_empty,range_first_epsilon_literal,range_item_union_first_literal,range_first_child_border_literal,range_prunes_after_upper_border_literal,range_first_without_epsilon_literal,range_first_without_epsilon_child_literal,range_first_without_epsilon_prunes_later_child_literal,zipper_range_materialization_equiv,set_range_last_child_selected_sound_fo,set_range_last_child_pruned_fo,set_range_drop_last_child_before_last_fo,set_range_drop_last_child_after_last_fo,range_last_child_border_literal,range_drop_last_child_border_literal,zipper_base_child_equiv,child_empty_a,child_empty_b,child_epsilon_a,child_epsilon_b,child_singleton_hit_a,child_singleton_hit_b,child_singleton_miss_a_b,child_singleton_miss_b_a,child_concat_hit_a,child_concat_hit_b,child_concat_miss_a_b,child_concat_miss_b_a,child_union_a,child_union_b,set_child_union_fo,child_same_head_union_a,child_same_head_union_b,child_intersection_a,child_intersection_b,child_diff_a,child_diff_b,set_child_product_derivative,set_child_restriction_derivative,set_child_raffination_derivative,set_child_wrap_hit,set_child_unwrap_singleton,set_child_head,set_child_nonempty_paths,set_child_prefix_closure,set_child_prefix_closure_below,set_child_suffix_closure_derivative,set_child_tails_closure_derivative	mixed FOL plus bounded evidence; weakest proof tier is bounded	(rule ((range-first-child-query z src item) (first-head src item)) ((range-child-result z (RangeFirstOp (Child item src)))) :ruleset range_border)
zipper-descend:0032	rule	258	first-head,range-first-child-query,range-child-result,EmptyZ	mixed	proved-bounded	set_range_full_sentinel,eager_range_set_equiv,zipper_range_first_materialization_equiv,set_range_subset_fo,set_range_first_child_terminal_empty_fo,set_range_first_child_selected_sound_fo,set_range_first_child_pruned_fo,range_first_child_border_literal,range_first_without_epsilon_child_literal,range_first_without_epsilon_prunes_later_child_literal,zipper_range_materialization_equiv,set_range_last_child_selected_sound_fo,set_range_last_child_pruned_fo,set_range_drop_last_child_before_last_fo,set_range_drop_last_child_after_last_fo,range_last_child_border_literal,range_drop_last_child_border_literal,zipper_emptyz_empty_focus_fo,zipper_emptyz_nonterminal_fo,zipper_keyset_emptyz_fo	mixed FOL plus bounded evidence; weakest proof tier is bounded	(rule ((range-first-child-query z src item) (first-head src first) (!= item first)) ((range-child-result z (EmptyZ))) :ruleset range_border)
zipper-descend:0033	rule	261	RangeLastOp,last-head,range-last-child-query,range-child-result,Child	mixed	proved-bounded	eager_range_set_equiv,zipper_range_last_materialization_equiv,set_range_subset_fo,set_range_last_child_selected_sound_fo,set_range_last_child_pruned_fo,range_empty_source_last,range_last_subset,range_last_idempotent,range_last_wrap_a,range_last_wrap_b,range_last_wrap_ab,range_first_of_last,range_singleton_last_literal,range_nested_singleton_last_literal,range_item_union_last_literal,range_last_border_literal,range_last_child_border_literal,range_last_prunes_earlier_head_literal,range_negative_window_border_literal,range_negative_window_child_border_literal,range_negative_window_prunes_last_head_literal,zipper_range_materialization_equiv,set_range_first_child_terminal_empty_fo,set_range_first_child_selected_sound_fo,set_range_first_child_pruned_fo,set_range_drop_last_child_before_last_fo,set_range_drop_last_child_after_last_fo,range_first_child_border_literal,range_drop_last_child_border_literal,zipper_base_child_equiv,child_empty_a,child_empty_b,child_epsilon_a,child_epsilon_b,child_singleton_hit_a,child_singleton_hit_b,child_singleton_miss_a_b,child_singleton_miss_b_a,child_concat_hit_a,child_concat_hit_b,child_concat_miss_a_b,child_concat_miss_b_a,child_union_a,child_union_b,set_child_union_fo,child_same_head_union_a,child_same_head_union_b,child_intersection_a,child_intersection_b,child_diff_a,child_diff_b,set_child_product_derivative,set_child_restriction_derivative,set_child_raffination_derivative,set_child_wrap_hit,set_child_unwrap_singleton,set_child_head,set_child_nonempty_paths,set_child_prefix_closure,set_child_prefix_closure_below,set_child_suffix_closure_derivative,set_child_tails_closure_derivative	mixed FOL plus bounded evidence; weakest proof tier is bounded	(rule ((range-last-child-query z src item) (last-head src item)) ((range-child-result z (RangeLastOp (Child item src)))) :ruleset range_border)
zipper-descend:0034	rule	264	last-head,range-last-child-query,range-child-result,EmptyZ	mixed	proved-bounded	eager_range_set_equiv,zipper_range_last_materialization_equiv,set_range_subset_fo,set_range_last_child_selected_sound_fo,set_range_last_child_pruned_fo,range_last_border_literal,range_last_child_border_literal,range_last_prunes_earlier_head_literal,zipper_range_materialization_equiv,set_range_first_child_terminal_empty_fo,set_range_first_child_selected_sound_fo,set_range_first_child_pruned_fo,set_range_drop_last_child_before_last_fo,set_range_drop_last_child_after_last_fo,range_first_child_border_literal,range_drop_last_child_border_literal,zipper_emptyz_empty_focus_fo,zipper_emptyz_nonterminal_fo,zipper_keyset_emptyz_fo	mixed FOL plus bounded evidence; weakest proof tier is bounded	(rule ((range-last-child-query z src item) (last-head src last) (!= item last)) ((range-child-result z (EmptyZ))) :ruleset range_border)
zipper-descend:0035	rule	267	RangeDropLastOp,last-head,range-drop-last-child-query,range-child-result,Child	mixed	proved-bounded	eager_range_set_equiv,zipper_range_drop_last_materialization_equiv,set_range_subset_fo,set_range_drop_last_child_before_last_fo,set_range_drop_last_child_after_last_fo,range_empty_source_drop_last,range_drop_last_subset,range_drop_last_wrap_a,range_drop_last_wrap_b,range_drop_last_wrap_ab,range_drop_last_of_first_empty,range_singleton_drop_last_literal,range_item_union_drop_last_literal,range_drop_last_full_sentinel_literal,range_drop_last_border_literal,range_drop_last_child_border_literal,range_drop_last_prunes_last_head_literal,zipper_range_materialization_equiv,set_range_first_child_terminal_empty_fo,set_range_first_child_selected_sound_fo,set_range_first_child_pruned_fo,set_range_last_child_selected_sound_fo,set_range_last_child_pruned_fo,range_first_child_border_literal,range_last_child_border_literal,zipper_base_child_equiv,child_empty_a,child_empty_b,child_epsilon_a,child_epsilon_b,child_singleton_hit_a,child_singleton_hit_b,child_singleton_miss_a_b,child_singleton_miss_b_a,child_concat_hit_a,child_concat_hit_b,child_concat_miss_a_b,child_concat_miss_b_a,child_union_a,child_union_b,set_child_union_fo,child_same_head_union_a,child_same_head_union_b,child_intersection_a,child_intersection_b,child_diff_a,child_diff_b,set_child_product_derivative,set_child_restriction_derivative,set_child_raffination_derivative,set_child_wrap_hit,set_child_unwrap_singleton,set_child_head,set_child_nonempty_paths,set_child_prefix_closure,set_child_prefix_closure_below,set_child_suffix_closure_derivative,set_child_tails_closure_derivative	mixed FOL plus bounded evidence; weakest proof tier is bounded	(rule ((range-drop-last-child-query z src item) (last-head src item)) ((range-child-result z (RangeDropLastOp (Child item src)))) :ruleset range_border)
zipper-descend:0036	rule	270	last-head,range-drop-last-child-query,range-child-result,Child,ordered-before	mixed	proved-bounded	eager_range_set_equiv,zipper_range_drop_last_materialization_equiv,set_range_subset_fo,set_range_drop_last_child_before_last_fo,set_range_drop_last_child_after_last_fo,range_drop_last_border_literal,range_drop_last_child_border_literal,range_drop_last_prunes_last_head_literal,zipper_range_materialization_equiv,set_range_first_child_terminal_empty_fo,set_range_first_child_selected_sound_fo,set_range_first_child_pruned_fo,set_range_last_child_selected_sound_fo,set_range_last_child_pruned_fo,range_first_child_border_literal,range_last_child_border_literal,zipper_base_child_equiv,child_empty_a,child_empty_b,child_epsilon_a,child_epsilon_b,child_singleton_hit_a,child_singleton_hit_b,child_singleton_miss_a_b,child_singleton_miss_b_a,child_concat_hit_a,child_concat_hit_b,child_concat_miss_a_b,child_concat_miss_b_a,child_union_a,child_union_b,set_child_union_fo,child_same_head_union_a,child_same_head_union_b,child_intersection_a,child_intersection_b,child_diff_a,child_diff_b,set_child_product_derivative,set_child_restriction_derivative,set_child_raffination_derivative,set_child_wrap_hit,set_child_unwrap_singleton,set_child_head,set_child_nonempty_paths,set_child_prefix_closure,set_child_prefix_closure_below,set_child_suffix_closure_derivative,set_child_tails_closure_derivative	mixed FOL plus bounded evidence; weakest proof tier is bounded	(rule ((range-drop-last-child-query z src item) (last-head src last) (ordered-before item last)) ((range-child-result z (Child item src))) :ruleset range_border)
zipper-descend:0037	rule	273	last-head,range-drop-last-child-query,range-child-result,EmptyZ,ordered-before	mixed	proved-bounded	eager_range_set_equiv,zipper_range_drop_last_materialization_equiv,set_range_subset_fo,set_range_drop_last_child_before_last_fo,set_range_drop_last_child_after_last_fo,range_drop_last_border_literal,range_drop_last_child_border_literal,range_drop_last_prunes_last_head_literal,zipper_range_materialization_equiv,set_range_first_child_terminal_empty_fo,set_range_first_child_selected_sound_fo,set_range_first_child_pruned_fo,set_range_last_child_selected_sound_fo,set_range_last_child_pruned_fo,range_first_child_border_literal,range_last_child_border_literal,zipper_emptyz_empty_focus_fo,zipper_emptyz_nonterminal_fo,zipper_keyset_emptyz_fo	mixed FOL plus bounded evidence; weakest proof tier is bounded	(rule ((range-drop-last-child-query z src item) (last-head src last) (ordered-before last item)) ((range-child-result z (EmptyZ))) :ruleset range_border)
zipper-descend:0038	rule	276	RangeFirstOp,tail-frontier,range-first-child-query,range-child-result	mixed	proved-bounded	set_range_full_sentinel,eager_range_set_equiv,zipper_range_first_materialization_equiv,set_range_subset_fo,set_range_first_terminal_fo,zipper_range_first_terminal_fo,set_range_first_child_terminal_empty_fo,set_range_first_child_selected_sound_fo,set_range_first_child_pruned_fo,range_empty_source_first,range_first_subset,range_first_wrap_a,range_first_wrap_b,range_first_wrap_ab,range_first_idempotent,range_first_of_last,range_drop_last_of_first_empty,range_first_epsilon_literal,range_item_union_first_literal,range_first_child_border_literal,range_prunes_after_upper_border_literal,range_first_without_epsilon_literal,range_first_without_epsilon_child_literal,range_first_without_epsilon_prunes_later_child_literal,frontier_tail_nonempty_has_key_fo,frontier_candidate_tail_frontier_fo,set_child_union_fo,child_same_head_union_a,child_same_head_union_b,child_union_a,child_union_b,child_intersection_a,child_intersection_b,child_diff_a,child_diff_b,child_restriction_a,child_restriction_b,child_product_a,child_product_b,suffix_closure_child_derivative_a,suffix_closure_child_derivative_b,zipper_range_materialization_equiv,set_range_last_child_selected_sound_fo,set_range_last_child_pruned_fo,set_range_drop_last_child_before_last_fo,set_range_drop_last_child_after_last_fo,range_last_child_border_literal,range_drop_last_child_border_literal	mixed FOL plus bounded evidence; weakest proof tier is bounded	(rule ((range-first-child-query z src item) (range-child-result z result)) ((tail-frontier (RangeFirstOp src) item result)) :ruleset range_border)
zipper-descend:0039	rule	279	RangeLastOp,tail-frontier,range-last-child-query,range-child-result	mixed	proved-bounded	eager_range_set_equiv,zipper_range_last_materialization_equiv,set_range_subset_fo,set_range_last_child_selected_sound_fo,set_range_last_child_pruned_fo,range_empty_source_last,range_last_subset,range_last_idempotent,range_last_wrap_a,range_last_wrap_b,range_last_wrap_ab,range_first_of_last,range_singleton_last_literal,range_nested_singleton_last_literal,range_item_union_last_literal,range_last_border_literal,range_last_child_border_literal,range_last_prunes_earlier_head_literal,range_negative_window_border_literal,range_negative_window_child_border_literal,range_negative_window_prunes_last_head_literal,frontier_tail_nonempty_has_key_fo,frontier_candidate_tail_frontier_fo,set_child_union_fo,child_same_head_union_a,child_same_head_union_b,child_union_a,child_union_b,child_intersection_a,child_intersection_b,child_diff_a,child_diff_b,child_restriction_a,child_restriction_b,child_product_a,child_product_b,suffix_closure_child_derivative_a,suffix_closure_child_derivative_b,zipper_range_materialization_equiv,set_range_first_child_terminal_empty_fo,set_range_first_child_selected_sound_fo,set_range_first_child_pruned_fo,set_range_drop_last_child_before_last_fo,set_range_drop_last_child_after_last_fo,range_first_child_border_literal,range_drop_last_child_border_literal	mixed FOL plus bounded evidence; weakest proof tier is bounded	(rule ((range-last-child-query z src item) (range-child-result z result)) ((tail-frontier (RangeLastOp src) item result)) :ruleset range_border)
zipper-descend:0040	rule	282	RangeDropLastOp,tail-frontier,range-drop-last-child-query,range-child-result	mixed	proved-bounded	eager_range_set_equiv,zipper_range_drop_last_materialization_equiv,set_range_subset_fo,set_range_drop_last_child_before_last_fo,set_range_drop_last_child_after_last_fo,range_empty_source_drop_last,range_drop_last_subset,range_drop_last_wrap_a,range_drop_last_wrap_b,range_drop_last_wrap_ab,range_drop_last_of_first_empty,range_singleton_drop_last_literal,range_item_union_drop_last_literal,range_drop_last_full_sentinel_literal,range_drop_last_border_literal,range_drop_last_child_border_literal,range_drop_last_prunes_last_head_literal,frontier_tail_nonempty_has_key_fo,frontier_candidate_tail_frontier_fo,set_child_union_fo,child_same_head_union_a,child_same_head_union_b,child_union_a,child_union_b,child_intersection_a,child_intersection_b,child_diff_a,child_diff_b,child_restriction_a,child_restriction_b,child_product_a,child_product_b,suffix_closure_child_derivative_a,suffix_closure_child_derivative_b,zipper_range_materialization_equiv,set_range_first_child_terminal_empty_fo,set_range_first_child_selected_sound_fo,set_range_first_child_pruned_fo,set_range_last_child_selected_sound_fo,set_range_last_child_pruned_fo,range_first_child_border_literal,range_last_child_border_literal	mixed FOL plus bounded evidence; weakest proof tier is bounded	(rule ((range-drop-last-child-query z src item) (range-child-result z result)) ((tail-frontier (RangeDropLastOp src) item result)) :ruleset range_border)
zipper-descend:0041	rule	289	FrontierUnionOp,FrontierChildUnionOp,iter-child-query,iter-child-result	mixed	proved-bounded	frontier_union_is_tails_union,tails_union_children,child_tails_union_a,child_tails_union_b,frontier_child_union_a_after_b,frontier_tail_union_a_is_child,frontier_tail_union_b_is_child,eager_iteration_set_equiv,zipper_iteration_materialization_equiv,zipper_iter_tail_materialization_equiv,zipper_iter_head_materialization_equiv,zipper_iter_reconstruct_materialization_equiv,zipper_iter_range_tail_materialization_equiv,zipper_iter_range_reconstruct_materialization_equiv,zipper_iter_prefixed_range_reconstruct_materialization_equiv,frontier_candidate_tail_frontier_fo,zipper_base_child_equiv	mixed FOL plus bounded evidence; weakest proof tier is bounded	(rule ((iter-child-query z src (TailTemplate) item)) ((iter-child-result z (FrontierChildUnionOp (FrontierUnionOp src) item))) :ruleset iter_child)
zipper-descend:0042	rule	292	iter-child-query,iter-child-result,TrieZ,has-key	FOL	proved-unbounded	eager_iteration_set_equiv,zipper_iteration_materialization_equiv,zipper_iter_tail_materialization_equiv,zipper_iter_head_materialization_equiv,zipper_iter_reconstruct_materialization_equiv,zipper_iter_range_tail_materialization_equiv,zipper_iter_range_reconstruct_materialization_equiv,zipper_iter_prefixed_range_reconstruct_materialization_equiv,frontier_candidate_tail_frontier_fo,zipper_base_child_equiv,zipper_base_terminal_equiv	mapped to first-order proof artifact(s)	(rule ((iter-child-query z src (HeadTemplate) item) (has-key src item)) ((iter-child-result z (TrieZ (Singleton (Eps))))) :ruleset iter_child)
zipper-descend:0043	rule	295	iter-child-query,iter-child-result,Child,EmptyZ,empty-focus	mixed	proved-bounded	eager_iteration_set_equiv,zipper_iteration_materialization_equiv,zipper_iter_tail_materialization_equiv,zipper_iter_head_materialization_equiv,zipper_iter_reconstruct_materialization_equiv,zipper_iter_range_tail_materialization_equiv,zipper_iter_range_reconstruct_materialization_equiv,zipper_iter_prefixed_range_reconstruct_materialization_equiv,frontier_candidate_tail_frontier_fo,zipper_base_child_equiv,child_empty_a,child_empty_b,child_epsilon_a,child_epsilon_b,child_singleton_hit_a,child_singleton_hit_b,child_singleton_miss_a_b,child_singleton_miss_b_a,child_concat_hit_a,child_concat_hit_b,child_concat_miss_a_b,child_concat_miss_b_a,child_union_a,child_union_b,set_child_union_fo,child_same_head_union_a,child_same_head_union_b,child_intersection_a,child_intersection_b,child_diff_a,child_diff_b,set_child_product_derivative,set_child_restriction_derivative,set_child_raffination_derivative,set_child_wrap_hit,set_child_unwrap_singleton,set_child_head,set_child_nonempty_paths,set_child_prefix_closure,set_child_prefix_closure_below,set_child_suffix_closure_derivative,set_child_tails_closure_derivative,zipper_emptyz_empty_focus_fo,zipper_emptyz_nonterminal_fo,zipper_keyset_emptyz_fo	mixed FOL plus bounded evidence; weakest proof tier is bounded	(rule ((iter-child-query z src (HeadTemplate) item) (empty-focus (Child item src))) ((iter-child-result z (EmptyZ))) :ruleset iter_child)
zipper-descend:0044	rule	298	iter-child-query,iter-child-result,Child	mixed	proved-bounded	eager_iteration_set_equiv,zipper_iteration_materialization_equiv,zipper_iter_tail_materialization_equiv,zipper_iter_head_materialization_equiv,zipper_iter_reconstruct_materialization_equiv,zipper_iter_range_tail_materialization_equiv,zipper_iter_range_reconstruct_materialization_equiv,zipper_iter_prefixed_range_reconstruct_materialization_equiv,frontier_candidate_tail_frontier_fo,zipper_base_child_equiv,child_empty_a,child_empty_b,child_epsilon_a,child_epsilon_b,child_singleton_hit_a,child_singleton_hit_b,child_singleton_miss_a_b,child_singleton_miss_b_a,child_concat_hit_a,child_concat_hit_b,child_concat_miss_a_b,child_concat_miss_b_a,child_union_a,child_union_b,set_child_union_fo,child_same_head_union_a,child_same_head_union_b,child_intersection_a,child_intersection_b,child_diff_a,child_diff_b,set_child_product_derivative,set_child_restriction_derivative,set_child_raffination_derivative,set_child_wrap_hit,set_child_unwrap_singleton,set_child_head,set_child_nonempty_paths,set_child_prefix_closure,set_child_prefix_closure_below,set_child_suffix_closure_derivative,set_child_tails_closure_derivative	mixed FOL plus bounded evidence; weakest proof tier is bounded	(rule ((iter-child-query z src (ReconstructTemplate) item)) ((iter-child-result z (Child item src))) :ruleset iter_child)
zipper-descend:0045	rule	301	WrapOp,NonEmptyOp,iter-child-query,iter-child-result,Child	mixed	proved-bounded	eager_wrap_set_equiv,zipper_wrap_materialization_equiv,arbitrary_zipper_wrap_set_equiv,set_child_wrap_hit,set_terminal_wrap,wrap_unwrap_left_inverse_a,wrap_unwrap_left_inverse_b,wrap_unwrap_left_inverse_ab,wrap_unwrap_restriction_a,wrap_unwrap_restriction_b,eager_nonempty_paths_set_equiv,zipper_nonempty_paths_materialization_equiv,arbitrary_zipper_nonempty_paths_set_equiv,set_child_nonempty_paths,set_terminal_nonempty_paths_empty,nonempty_empty,nonempty_epsilon_empty,nonempty_idempotent,nonempty_subset,nonempty_union,nonempty_child_a,nonempty_child_b,iteration_reconstruct_nonempty_source,eager_iteration_set_equiv,zipper_iteration_materialization_equiv,zipper_iter_tail_materialization_equiv,zipper_iter_head_materialization_equiv,zipper_iter_reconstruct_materialization_equiv,zipper_iter_range_tail_materialization_equiv,zipper_iter_range_reconstruct_materialization_equiv,zipper_iter_prefixed_range_reconstruct_materialization_equiv,frontier_candidate_tail_frontier_fo,zipper_base_child_equiv,child_empty_a,child_empty_b,child_epsilon_a,child_epsilon_b,child_singleton_hit_a,child_singleton_hit_b,child_singleton_miss_a_b,child_singleton_miss_b_a,child_concat_hit_a,child_concat_hit_b,child_concat_miss_a_b,child_concat_miss_b_a,child_union_a,child_union_b,set_child_union_fo,child_same_head_union_a,child_same_head_union_b,child_intersection_a,child_intersection_b,child_diff_a,child_diff_b,set_child_product_derivative,set_child_restriction_derivative,set_child_raffination_derivative,set_child_unwrap_singleton,set_child_head,set_child_prefix_closure,set_child_prefix_closure_below,set_child_suffix_closure_derivative,set_child_tails_closure_derivative	mixed FOL plus bounded evidence; weakest proof tier is bounded	(rule ((iter-child-query z src (PrefixedReconstructTemplate prefix) item)) ((iter-child-result z (Child item (WrapOp (NonEmptyOp src) prefix)))) :ruleset iter_child)
zipper-descend:0046	rule	304	FrontierChildUnionOp,IterRangeTailOp,iter-child-query,iter-child-result	mixed	proved-bounded	frontier_child_union_a_after_b,frontier_tail_union_a_is_child,frontier_tail_union_b_is_child,tails_union_children,child_tails_union_a,child_tails_union_b,set_iteration_range_tail_definition_fo,zipper_iter_range_tail_materialization_equiv,iteration_range_tail_full_sentinel,iteration_range_tail_empty_slice,iteration_range_tail_first_subset,iteration_range_tail_drop_last_subset,iteration_range_tail_first_literal,iteration_range_tail_drop_last_literal,iteration_range_tail_same_head_first_literal,iteration_range_tail_same_head_drop_last_literal,eager_iteration_set_equiv,zipper_iteration_materialization_equiv,zipper_iter_tail_materialization_equiv,zipper_iter_head_materialization_equiv,zipper_iter_reconstruct_materialization_equiv,zipper_iter_range_reconstruct_materialization_equiv,zipper_iter_prefixed_range_reconstruct_materialization_equiv,frontier_candidate_tail_frontier_fo,zipper_base_child_equiv	mixed FOL plus bounded evidence; weakest proof tier is bounded	(rule ((iter-child-query z src (RangeTailTemplate start end) item)) ((iter-child-result z (FrontierChildUnionOp (IterRangeTailOp src start end) item))) :ruleset iter_child)
zipper-descend:0047	rule	307	FrontierChildUnionOp,IterRangeReconstructOp,iter-child-query,iter-child-result	mixed	proved-bounded	frontier_child_union_a_after_b,frontier_tail_union_a_is_child,frontier_tail_union_b_is_child,tails_union_children,child_tails_union_a,child_tails_union_b,set_iteration_range_reconstruct_definition_fo,zipper_iter_range_reconstruct_materialization_equiv,iteration_range_reconstruct_full_sentinel,iteration_range_reconstruct_empty_slice,iteration_range_reconstruct_first_subset,iteration_range_reconstruct_drop_last_subset,iteration_range_reconstruct_first_literal,iteration_range_reconstruct_drop_last_literal,iteration_range_reconstruct_same_head_first_literal,iteration_range_reconstruct_same_head_drop_last_literal,eager_iteration_set_equiv,zipper_iteration_materialization_equiv,zipper_iter_tail_materialization_equiv,zipper_iter_head_materialization_equiv,zipper_iter_reconstruct_materialization_equiv,zipper_iter_range_tail_materialization_equiv,zipper_iter_prefixed_range_reconstruct_materialization_equiv,frontier_candidate_tail_frontier_fo,zipper_base_child_equiv	mixed FOL plus bounded evidence; weakest proof tier is bounded	(rule ((iter-child-query z src (RangeReconstructTemplate start end) item)) ((iter-child-result z (FrontierChildUnionOp (IterRangeReconstructOp src start end) item))) :ruleset iter_child)
zipper-descend:0048	rule	310	FrontierChildUnionOp,IterPrefixedRangeReconstructOp,iter-child-query,iter-child-result	mixed	proved-bounded	frontier_child_union_a_after_b,frontier_tail_union_a_is_child,frontier_tail_union_b_is_child,tails_union_children,child_tails_union_a,child_tails_union_b,set_iteration_prefixed_range_reconstruct_definition_fo,zipper_iter_prefixed_range_reconstruct_materialization_equiv,iteration_prefixed_range_reconstruct_full_sentinel,iteration_prefixed_range_reconstruct_empty_slice,iteration_prefixed_range_reconstruct_first_subset,iteration_prefixed_range_reconstruct_drop_last_subset,iteration_prefixed_range_reconstruct_first_literal,iteration_prefixed_range_reconstruct_drop_last_literal,iteration_prefixed_range_reconstruct_same_head_drop_last_literal,eager_iteration_set_equiv,zipper_iteration_materialization_equiv,zipper_iter_tail_materialization_equiv,zipper_iter_head_materialization_equiv,zipper_iter_reconstruct_materialization_equiv,zipper_iter_range_tail_materialization_equiv,zipper_iter_range_reconstruct_materialization_equiv,frontier_candidate_tail_frontier_fo,zipper_base_child_equiv	mixed FOL plus bounded evidence; weakest proof tier is bounded	(rule ((iter-child-query z src (PrefixedRangeReconstructTemplate prefix start end) item)) ((iter-child-result z (FrontierChildUnionOp (IterPrefixedRangeReconstructOp src prefix start end) item))) :ruleset iter_child)
zipper-descend:0049	rule	313	FrontierTailUnionOp,FrontierStateOp,TailsClosureOp,fixpoint-child-query,fixpoint-child-result	mixed	proved-bounded	frontier_tail_union_a_is_child,frontier_tail_union_b_is_child,antimirov_suffix_frontier_state_child_a,antimirov_suffix_frontier_state_child_b,antimirov_tails_frontier_state_child_a,antimirov_tails_frontier_state_child_b,antimirov_suffix_frontier_state_child_fo,antimirov_tails_frontier_state_child_fo,tails_union_children,child_tails_union_a,child_tails_union_b,suffix_closure_child_derivative_a,suffix_closure_child_derivative_b,child_tails_closure_derivative_a,child_tails_closure_derivative_b,frontier_union_is_tails_union,frontier_child_union_a_after_b,antimirov_suffix_frontier_nested_a_b,antimirov_tails_frontier_nested_a_b,antimirov_suffix_frontier_nested_fo,antimirov_tails_frontier_nested_fo,eager_tails_closure_set_equiv,zipper_tails_closure_materialization_equiv,arbitrary_zipper_tails_closure_set_equiv,set_child_tails_closure_derivative,set_tails_closure_definition_fo,tails_closure_idempotent,tails_closure_definition,tails_closure_unfold_base_or_step,tails-closure-open:space_optimized_open,zipper_fixpoint_tail_materialization_equiv,zipper_fixpoint_head_materialization_equiv,zipper_fixpoint_reconstruct_materialization_equiv,zipper_fixpoint_range_tail_full_materialization_equiv,zipper_fixpoint_range_tail_empty_materialization_equiv,zipper_fixpoint_range_reconstruct_materialization_equiv,fixpoint_tail_unfold_via_iter_tail,zipper_base_child_equiv	mixed FOL plus bounded evidence; weakest proof tier is bounded	(rule ((fixpoint-child-query z src (TailTemplate) item)) ((fixpoint-child-result z (FrontierStateOp (FrontierTailUnionOp (TailsClosureOp src) item)))) :ruleset iter_child)
zipper-descend:0050	rule	316	UnionOp,HeadOp,fixpoint-child-query,fixpoint-child-result,Child	mixed	proved-bounded	zipper_union_terminal_equiv,zipper_union_child_equiv,set_child_union_fo,set_union_idempotent_fo,set_union_associative_fo,child_union_a,child_union_b,child_same_head_union_a,child_same_head_union_b,union_idempotent,union_associative,eager_head_set_equiv,zipper_head_materialization_equiv,arbitrary_zipper_head_set_equiv,set_child_head,set_terminal_head_empty,set_iteration_head_identity,iteration_head_identity,head_idempotent,zipper_fixpoint_tail_materialization_equiv,zipper_fixpoint_head_materialization_equiv,zipper_fixpoint_reconstruct_materialization_equiv,zipper_fixpoint_range_tail_full_materialization_equiv,zipper_fixpoint_range_tail_empty_materialization_equiv,zipper_fixpoint_range_reconstruct_materialization_equiv,fixpoint_tail_unfold_via_iter_tail,zipper_base_child_equiv,child_empty_a,child_empty_b,child_epsilon_a,child_epsilon_b,child_singleton_hit_a,child_singleton_hit_b,child_singleton_miss_a_b,child_singleton_miss_b_a,child_concat_hit_a,child_concat_hit_b,child_concat_miss_a_b,child_concat_miss_b_a,child_intersection_a,child_intersection_b,child_diff_a,child_diff_b,set_child_product_derivative,set_child_restriction_derivative,set_child_raffination_derivative,set_child_wrap_hit,set_child_unwrap_singleton,set_child_nonempty_paths,set_child_prefix_closure,set_child_prefix_closure_below,set_child_suffix_closure_derivative,set_child_tails_closure_derivative	mixed FOL plus bounded evidence; weakest proof tier is bounded	(rule ((fixpoint-child-query z src (HeadTemplate) item)) ((fixpoint-child-result z (Child item (UnionOp src (HeadOp src))))) :ruleset iter_child)
zipper-descend:0051	rule	319	fixpoint-child-query,fixpoint-child-result,Child	mixed	proved-bounded	zipper_fixpoint_tail_materialization_equiv,zipper_fixpoint_head_materialization_equiv,zipper_fixpoint_reconstruct_materialization_equiv,zipper_fixpoint_range_tail_full_materialization_equiv,zipper_fixpoint_range_tail_empty_materialization_equiv,zipper_fixpoint_range_reconstruct_materialization_equiv,fixpoint_tail_unfold_via_iter_tail,zipper_base_child_equiv,child_empty_a,child_empty_b,child_epsilon_a,child_epsilon_b,child_singleton_hit_a,child_singleton_hit_b,child_singleton_miss_a_b,child_singleton_miss_b_a,child_concat_hit_a,child_concat_hit_b,child_concat_miss_a_b,child_concat_miss_b_a,child_union_a,child_union_b,set_child_union_fo,child_same_head_union_a,child_same_head_union_b,child_intersection_a,child_intersection_b,child_diff_a,child_diff_b,set_child_product_derivative,set_child_restriction_derivative,set_child_raffination_derivative,set_child_wrap_hit,set_child_unwrap_singleton,set_child_head,set_child_nonempty_paths,set_child_prefix_closure,set_child_prefix_closure_below,set_child_suffix_closure_derivative,set_child_tails_closure_derivative	mixed FOL plus bounded evidence; weakest proof tier is bounded	(rule ((fixpoint-child-query z src (ReconstructTemplate) item)) ((fixpoint-child-result z (Child item src))) :ruleset iter_child)
zipper-descend:0052	rule	322	fixpoint-child-query,fixpoint-child-result,Child	mixed	proved-bounded	zipper_fixpoint_tail_materialization_equiv,zipper_fixpoint_head_materialization_equiv,zipper_fixpoint_reconstruct_materialization_equiv,zipper_fixpoint_range_tail_full_materialization_equiv,zipper_fixpoint_range_tail_empty_materialization_equiv,zipper_fixpoint_range_reconstruct_materialization_equiv,fixpoint_tail_unfold_via_iter_tail,zipper_base_child_equiv,child_empty_a,child_empty_b,child_epsilon_a,child_epsilon_b,child_singleton_hit_a,child_singleton_hit_b,child_singleton_miss_a_b,child_singleton_miss_b_a,child_concat_hit_a,child_concat_hit_b,child_concat_miss_a_b,child_concat_miss_b_a,child_union_a,child_union_b,set_child_union_fo,child_same_head_union_a,child_same_head_union_b,child_intersection_a,child_intersection_b,child_diff_a,child_diff_b,set_child_product_derivative,set_child_restriction_derivative,set_child_raffination_derivative,set_child_wrap_hit,set_child_unwrap_singleton,set_child_head,set_child_nonempty_paths,set_child_prefix_closure,set_child_prefix_closure_below,set_child_suffix_closure_derivative,set_child_tails_closure_derivative	mixed FOL plus bounded evidence; weakest proof tier is bounded	(rule ((fixpoint-child-query z src (PrefixedReconstructTemplate (Eps)) item)) ((fixpoint-child-result z (Child item src))) :ruleset iter_child)
zipper-descend:0053	rule	325	FrontierTailUnionOp,FrontierStateOp,TailsClosureOp,fixpoint-child-query,fixpoint-child-result	mixed	proved-bounded	frontier_tail_union_a_is_child,frontier_tail_union_b_is_child,antimirov_suffix_frontier_state_child_a,antimirov_suffix_frontier_state_child_b,antimirov_tails_frontier_state_child_a,antimirov_tails_frontier_state_child_b,antimirov_suffix_frontier_state_child_fo,antimirov_tails_frontier_state_child_fo,tails_union_children,child_tails_union_a,child_tails_union_b,suffix_closure_child_derivative_a,suffix_closure_child_derivative_b,child_tails_closure_derivative_a,child_tails_closure_derivative_b,frontier_union_is_tails_union,frontier_child_union_a_after_b,antimirov_suffix_frontier_nested_a_b,antimirov_tails_frontier_nested_a_b,antimirov_suffix_frontier_nested_fo,antimirov_tails_frontier_nested_fo,eager_tails_closure_set_equiv,zipper_tails_closure_materialization_equiv,arbitrary_zipper_tails_closure_set_equiv,set_child_tails_closure_derivative,set_tails_closure_definition_fo,tails_closure_idempotent,tails_closure_definition,tails_closure_unfold_base_or_step,tails-closure-open:space_optimized_open,zipper_fixpoint_tail_materialization_equiv,zipper_fixpoint_head_materialization_equiv,zipper_fixpoint_reconstruct_materialization_equiv,zipper_fixpoint_range_tail_full_materialization_equiv,zipper_fixpoint_range_tail_empty_materialization_equiv,zipper_fixpoint_range_reconstruct_materialization_equiv,fixpoint_tail_unfold_via_iter_tail,zipper_base_child_equiv	mixed FOL plus bounded evidence; weakest proof tier is bounded	(rule ((fixpoint-child-query z src (RangeTailTemplate "0" "0") item)) ((fixpoint-child-result z (FrontierStateOp (FrontierTailUnionOp (TailsClosureOp src) item)))) :ruleset iter_child)
zipper-descend:0054	rule	328	fixpoint-child-query,fixpoint-child-result,Child	mixed	proved-bounded	zipper_fixpoint_tail_materialization_equiv,zipper_fixpoint_head_materialization_equiv,zipper_fixpoint_reconstruct_materialization_equiv,zipper_fixpoint_range_tail_full_materialization_equiv,zipper_fixpoint_range_tail_empty_materialization_equiv,zipper_fixpoint_range_reconstruct_materialization_equiv,fixpoint_tail_unfold_via_iter_tail,zipper_base_child_equiv,child_empty_a,child_empty_b,child_epsilon_a,child_epsilon_b,child_singleton_hit_a,child_singleton_hit_b,child_singleton_miss_a_b,child_singleton_miss_b_a,child_concat_hit_a,child_concat_hit_b,child_concat_miss_a_b,child_concat_miss_b_a,child_union_a,child_union_b,set_child_union_fo,child_same_head_union_a,child_same_head_union_b,child_intersection_a,child_intersection_b,child_diff_a,child_diff_b,set_child_product_derivative,set_child_restriction_derivative,set_child_raffination_derivative,set_child_wrap_hit,set_child_unwrap_singleton,set_child_head,set_child_nonempty_paths,set_child_prefix_closure,set_child_prefix_closure_below,set_child_suffix_closure_derivative,set_child_tails_closure_derivative	mixed FOL plus bounded evidence; weakest proof tier is bounded	(rule ((fixpoint-child-query z src (RangeTailTemplate "1" "1") item)) ((fixpoint-child-result z (Child item src))) :ruleset iter_child)
zipper-descend:0055	rule	331	fixpoint-child-query,fixpoint-child-result,Child	mixed	proved-bounded	zipper_fixpoint_tail_materialization_equiv,zipper_fixpoint_head_materialization_equiv,zipper_fixpoint_reconstruct_materialization_equiv,zipper_fixpoint_range_tail_full_materialization_equiv,zipper_fixpoint_range_tail_empty_materialization_equiv,zipper_fixpoint_range_reconstruct_materialization_equiv,fixpoint_tail_unfold_via_iter_tail,zipper_base_child_equiv,child_empty_a,child_empty_b,child_epsilon_a,child_epsilon_b,child_singleton_hit_a,child_singleton_hit_b,child_singleton_miss_a_b,child_singleton_miss_b_a,child_concat_hit_a,child_concat_hit_b,child_concat_miss_a_b,child_concat_miss_b_a,child_union_a,child_union_b,set_child_union_fo,child_same_head_union_a,child_same_head_union_b,child_intersection_a,child_intersection_b,child_diff_a,child_diff_b,set_child_product_derivative,set_child_restriction_derivative,set_child_raffination_derivative,set_child_wrap_hit,set_child_unwrap_singleton,set_child_head,set_child_nonempty_paths,set_child_prefix_closure,set_child_prefix_closure_below,set_child_suffix_closure_derivative,set_child_tails_closure_derivative	mixed FOL plus bounded evidence; weakest proof tier is bounded	(rule ((fixpoint-child-query z src (RangeReconstructTemplate start end) item)) ((fixpoint-child-result z (Child item src))) :ruleset iter_child)
zipper-descend:0056	rule	334	fixpoint-child-query,fixpoint-child-result,Child	mixed	proved-bounded	zipper_fixpoint_tail_materialization_equiv,zipper_fixpoint_head_materialization_equiv,zipper_fixpoint_reconstruct_materialization_equiv,zipper_fixpoint_range_tail_full_materialization_equiv,zipper_fixpoint_range_tail_empty_materialization_equiv,zipper_fixpoint_range_reconstruct_materialization_equiv,fixpoint_tail_unfold_via_iter_tail,zipper_base_child_equiv,child_empty_a,child_empty_b,child_epsilon_a,child_epsilon_b,child_singleton_hit_a,child_singleton_hit_b,child_singleton_miss_a_b,child_singleton_miss_b_a,child_concat_hit_a,child_concat_hit_b,child_concat_miss_a_b,child_concat_miss_b_a,child_union_a,child_union_b,set_child_union_fo,child_same_head_union_a,child_same_head_union_b,child_intersection_a,child_intersection_b,child_diff_a,child_diff_b,set_child_product_derivative,set_child_restriction_derivative,set_child_raffination_derivative,set_child_wrap_hit,set_child_unwrap_singleton,set_child_head,set_child_nonempty_paths,set_child_prefix_closure,set_child_prefix_closure_below,set_child_suffix_closure_derivative,set_child_tails_closure_derivative	mixed FOL plus bounded evidence; weakest proof tier is bounded	(rule ((fixpoint-child-query z src (PrefixedRangeReconstructTemplate (Eps) start end) item)) ((fixpoint-child-result z (Child item src))) :ruleset iter_child)
zipper-descend:0057	rule	341	UnionOp,IterOp,FixpointOp,fixpoint-unfold-query,fixpoint-unfold-result	mixed	proved-bounded	zipper_union_terminal_equiv,zipper_union_child_equiv,set_child_union_fo,set_union_idempotent_fo,set_union_associative_fo,child_union_a,child_union_b,child_same_head_union_a,child_same_head_union_b,union_idempotent,union_associative,eager_iteration_set_equiv,zipper_iteration_materialization_equiv,zipper_iter_tail_materialization_equiv,zipper_iter_head_materialization_equiv,zipper_iter_reconstruct_materialization_equiv,zipper_iter_prefixed_reconstruct_materialization_equiv,iteration_tail_identity,iteration_head_identity,iteration_reconstruct_nonempty_source,set_iteration_prefixed_reconstruct_definition_fo,iteration_prefixed_reconstruct_nonempty_source,iteration_prefixed_reconstruct_two_item_nonempty_source,iteration_prefixed_range_reconstruct_first_subset,iteration_prefixed_range_reconstruct_first_literal,iteration_prefixed_range_reconstruct_drop_last_literal,iteration_prefixed_range_reconstruct_full_sentinel,iteration_prefixed_range_reconstruct_empty_slice,iteration_prefixed_range_reconstruct_drop_last_subset,iteration_source_union_tail,iteration_source_union_head,zipper_fixpoint_tail_materialization_equiv,zipper_fixpoint_head_materialization_equiv,zipper_fixpoint_reconstruct_materialization_equiv,zipper_fixpoint_range_tail_full_materialization_equiv,zipper_fixpoint_range_tail_empty_materialization_equiv,zipper_fixpoint_range_reconstruct_materialization_equiv,fixpoint_tail_closure,fixpoint_tail_unfold_base_or_step,fixpoint_tail_unfold_via_iter_tail,fixpoint_head_closure,fixpoint_head_unfold_base_or_step,fixpoint_reconstruct_identity,fixpoint_reconstruct_unfold_base_or_step,fixpoint_prefixed_reconstruct_empty_prefix_identity,fixpoint_range_tail_full_sentinel_closure,fixpoint_range_tail_empty_slice_identity,fixpoint_range_reconstruct_full_sentinel_identity,fixpoint_range_reconstruct_first_identity,fixpoint_range_reconstruct_drop_last_identity,fixpoint_prefixed_range_reconstruct_empty_prefix_first_identity,fixpoint_prefixed_range_reconstruct_empty_prefix_drop_last_identity,fixpoint-open:space_optimized_open	mixed FOL plus bounded evidence; weakest proof tier is bounded	(rule ((fixpoint-unfold-query z src (TailTemplate))) ((fixpoint-unfold-result z (UnionOp src (IterOp (FixpointOp src (TailTemplate)) (TailTemplate))))) :ruleset fixpoint_unfold)
zipper-descend:0058	rule	344	UnionOp,IterOp,FixpointOp,fixpoint-unfold-query,fixpoint-unfold-result	mixed	proved-bounded	zipper_union_terminal_equiv,zipper_union_child_equiv,set_child_union_fo,set_union_idempotent_fo,set_union_associative_fo,child_union_a,child_union_b,child_same_head_union_a,child_same_head_union_b,union_idempotent,union_associative,eager_iteration_set_equiv,zipper_iteration_materialization_equiv,zipper_iter_tail_materialization_equiv,zipper_iter_head_materialization_equiv,zipper_iter_reconstruct_materialization_equiv,zipper_iter_prefixed_reconstruct_materialization_equiv,iteration_tail_identity,iteration_head_identity,iteration_reconstruct_nonempty_source,set_iteration_prefixed_reconstruct_definition_fo,iteration_prefixed_reconstruct_nonempty_source,iteration_prefixed_reconstruct_two_item_nonempty_source,iteration_prefixed_range_reconstruct_first_subset,iteration_prefixed_range_reconstruct_first_literal,iteration_prefixed_range_reconstruct_drop_last_literal,iteration_prefixed_range_reconstruct_full_sentinel,iteration_prefixed_range_reconstruct_empty_slice,iteration_prefixed_range_reconstruct_drop_last_subset,iteration_source_union_tail,iteration_source_union_head,zipper_fixpoint_tail_materialization_equiv,zipper_fixpoint_head_materialization_equiv,zipper_fixpoint_reconstruct_materialization_equiv,zipper_fixpoint_range_tail_full_materialization_equiv,zipper_fixpoint_range_tail_empty_materialization_equiv,zipper_fixpoint_range_reconstruct_materialization_equiv,fixpoint_tail_closure,fixpoint_tail_unfold_base_or_step,fixpoint_tail_unfold_via_iter_tail,fixpoint_head_closure,fixpoint_head_unfold_base_or_step,fixpoint_reconstruct_identity,fixpoint_reconstruct_unfold_base_or_step,fixpoint_prefixed_reconstruct_empty_prefix_identity,fixpoint_range_tail_full_sentinel_closure,fixpoint_range_tail_empty_slice_identity,fixpoint_range_reconstruct_full_sentinel_identity,fixpoint_range_reconstruct_first_identity,fixpoint_range_reconstruct_drop_last_identity,fixpoint_prefixed_range_reconstruct_empty_prefix_first_identity,fixpoint_prefixed_range_reconstruct_empty_prefix_drop_last_identity,fixpoint-open:space_optimized_open	mixed FOL plus bounded evidence; weakest proof tier is bounded	(rule ((fixpoint-unfold-query z src (HeadTemplate))) ((fixpoint-unfold-result z (UnionOp src (IterOp (FixpointOp src (HeadTemplate)) (HeadTemplate))))) :ruleset fixpoint_unfold)
zipper-descend:0059	rule	347	UnionOp,IterOp,FixpointOp,fixpoint-unfold-query,fixpoint-unfold-result	mixed	proved-bounded	zipper_union_terminal_equiv,zipper_union_child_equiv,set_child_union_fo,set_union_idempotent_fo,set_union_associative_fo,child_union_a,child_union_b,child_same_head_union_a,child_same_head_union_b,union_idempotent,union_associative,eager_iteration_set_equiv,zipper_iteration_materialization_equiv,zipper_iter_tail_materialization_equiv,zipper_iter_head_materialization_equiv,zipper_iter_reconstruct_materialization_equiv,zipper_iter_prefixed_reconstruct_materialization_equiv,iteration_tail_identity,iteration_head_identity,iteration_reconstruct_nonempty_source,set_iteration_prefixed_reconstruct_definition_fo,iteration_prefixed_reconstruct_nonempty_source,iteration_prefixed_reconstruct_two_item_nonempty_source,iteration_prefixed_range_reconstruct_first_subset,iteration_prefixed_range_reconstruct_first_literal,iteration_prefixed_range_reconstruct_drop_last_literal,iteration_prefixed_range_reconstruct_full_sentinel,iteration_prefixed_range_reconstruct_empty_slice,iteration_prefixed_range_reconstruct_drop_last_subset,iteration_source_union_tail,iteration_source_union_head,zipper_fixpoint_tail_materialization_equiv,zipper_fixpoint_head_materialization_equiv,zipper_fixpoint_reconstruct_materialization_equiv,zipper_fixpoint_range_tail_full_materialization_equiv,zipper_fixpoint_range_tail_empty_materialization_equiv,zipper_fixpoint_range_reconstruct_materialization_equiv,fixpoint_tail_closure,fixpoint_tail_unfold_base_or_step,fixpoint_tail_unfold_via_iter_tail,fixpoint_head_closure,fixpoint_head_unfold_base_or_step,fixpoint_reconstruct_identity,fixpoint_reconstruct_unfold_base_or_step,fixpoint_prefixed_reconstruct_empty_prefix_identity,fixpoint_range_tail_full_sentinel_closure,fixpoint_range_tail_empty_slice_identity,fixpoint_range_reconstruct_full_sentinel_identity,fixpoint_range_reconstruct_first_identity,fixpoint_range_reconstruct_drop_last_identity,fixpoint_prefixed_range_reconstruct_empty_prefix_first_identity,fixpoint_prefixed_range_reconstruct_empty_prefix_drop_last_identity,fixpoint-open:space_optimized_open	mixed FOL plus bounded evidence; weakest proof tier is bounded	(rule ((fixpoint-unfold-query z src (ReconstructTemplate))) ((fixpoint-unfold-result z (UnionOp src (IterOp (FixpointOp src (ReconstructTemplate)) (ReconstructTemplate))))) :ruleset fixpoint_unfold)
zipper-descend:0060	rule	350	UnionOp,IterOp,FixpointOp,fixpoint-unfold-query,fixpoint-unfold-result	mixed	proved-bounded	zipper_union_terminal_equiv,zipper_union_child_equiv,set_child_union_fo,set_union_idempotent_fo,set_union_associative_fo,child_union_a,child_union_b,child_same_head_union_a,child_same_head_union_b,union_idempotent,union_associative,eager_iteration_set_equiv,zipper_iteration_materialization_equiv,zipper_iter_tail_materialization_equiv,zipper_iter_head_materialization_equiv,zipper_iter_reconstruct_materialization_equiv,zipper_iter_prefixed_reconstruct_materialization_equiv,iteration_tail_identity,iteration_head_identity,iteration_reconstruct_nonempty_source,set_iteration_prefixed_reconstruct_definition_fo,iteration_prefixed_reconstruct_nonempty_source,iteration_prefixed_reconstruct_two_item_nonempty_source,iteration_prefixed_range_reconstruct_first_subset,iteration_prefixed_range_reconstruct_first_literal,iteration_prefixed_range_reconstruct_drop_last_literal,iteration_prefixed_range_reconstruct_full_sentinel,iteration_prefixed_range_reconstruct_empty_slice,iteration_prefixed_range_reconstruct_drop_last_subset,iteration_source_union_tail,iteration_source_union_head,zipper_fixpoint_tail_materialization_equiv,zipper_fixpoint_head_materialization_equiv,zipper_fixpoint_reconstruct_materialization_equiv,zipper_fixpoint_range_tail_full_materialization_equiv,zipper_fixpoint_range_tail_empty_materialization_equiv,zipper_fixpoint_range_reconstruct_materialization_equiv,fixpoint_tail_closure,fixpoint_tail_unfold_base_or_step,fixpoint_tail_unfold_via_iter_tail,fixpoint_head_closure,fixpoint_head_unfold_base_or_step,fixpoint_reconstruct_identity,fixpoint_reconstruct_unfold_base_or_step,fixpoint_prefixed_reconstruct_empty_prefix_identity,fixpoint_range_tail_full_sentinel_closure,fixpoint_range_tail_empty_slice_identity,fixpoint_range_reconstruct_full_sentinel_identity,fixpoint_range_reconstruct_first_identity,fixpoint_range_reconstruct_drop_last_identity,fixpoint_prefixed_range_reconstruct_empty_prefix_first_identity,fixpoint_prefixed_range_reconstruct_empty_prefix_drop_last_identity,fixpoint-open:space_optimized_open	mixed FOL plus bounded evidence; weakest proof tier is bounded	(rule ((fixpoint-unfold-query z src (PrefixedReconstructTemplate (Eps)))) ((fixpoint-unfold-result z (UnionOp src (IterOp (FixpointOp src (PrefixedReconstructTemplate (Eps))) (PrefixedReconstructTemplate (Eps)))))) :ruleset fixpoint_unfold)
zipper-descend:0061	rule	353	UnionOp,IterOp,FixpointOp,fixpoint-unfold-query,fixpoint-unfold-result	mixed	proved-bounded	zipper_union_terminal_equiv,zipper_union_child_equiv,set_child_union_fo,set_union_idempotent_fo,set_union_associative_fo,child_union_a,child_union_b,child_same_head_union_a,child_same_head_union_b,union_idempotent,union_associative,eager_iteration_set_equiv,zipper_iteration_materialization_equiv,zipper_iter_tail_materialization_equiv,zipper_iter_head_materialization_equiv,zipper_iter_reconstruct_materialization_equiv,zipper_iter_prefixed_reconstruct_materialization_equiv,iteration_tail_identity,iteration_head_identity,iteration_reconstruct_nonempty_source,set_iteration_prefixed_reconstruct_definition_fo,iteration_prefixed_reconstruct_nonempty_source,iteration_prefixed_reconstruct_two_item_nonempty_source,iteration_prefixed_range_reconstruct_first_subset,iteration_prefixed_range_reconstruct_first_literal,iteration_prefixed_range_reconstruct_drop_last_literal,iteration_prefixed_range_reconstruct_full_sentinel,iteration_prefixed_range_reconstruct_empty_slice,iteration_prefixed_range_reconstruct_drop_last_subset,iteration_source_union_tail,iteration_source_union_head,zipper_fixpoint_tail_materialization_equiv,zipper_fixpoint_head_materialization_equiv,zipper_fixpoint_reconstruct_materialization_equiv,zipper_fixpoint_range_tail_full_materialization_equiv,zipper_fixpoint_range_tail_empty_materialization_equiv,zipper_fixpoint_range_reconstruct_materialization_equiv,fixpoint_tail_closure,fixpoint_tail_unfold_base_or_step,fixpoint_tail_unfold_via_iter_tail,fixpoint_head_closure,fixpoint_head_unfold_base_or_step,fixpoint_reconstruct_identity,fixpoint_reconstruct_unfold_base_or_step,fixpoint_prefixed_reconstruct_empty_prefix_identity,fixpoint_range_tail_full_sentinel_closure,fixpoint_range_tail_empty_slice_identity,fixpoint_range_reconstruct_full_sentinel_identity,fixpoint_range_reconstruct_first_identity,fixpoint_range_reconstruct_drop_last_identity,fixpoint_prefixed_range_reconstruct_empty_prefix_first_identity,fixpoint_prefixed_range_reconstruct_empty_prefix_drop_last_identity,fixpoint-open:space_optimized_open	mixed FOL plus bounded evidence; weakest proof tier is bounded	(rule ((fixpoint-unfold-query z src (RangeTailTemplate "0" "0"))) ((fixpoint-unfold-result z (UnionOp src (IterOp (FixpointOp src (RangeTailTemplate "0" "0")) (RangeTailTemplate "0" "0"))))) :ruleset fixpoint_unfold)
zipper-descend:0062	rule	356	UnionOp,IterOp,FixpointOp,fixpoint-unfold-query,fixpoint-unfold-result	mixed	proved-bounded	zipper_union_terminal_equiv,zipper_union_child_equiv,set_child_union_fo,set_union_idempotent_fo,set_union_associative_fo,child_union_a,child_union_b,child_same_head_union_a,child_same_head_union_b,union_idempotent,union_associative,eager_iteration_set_equiv,zipper_iteration_materialization_equiv,zipper_iter_tail_materialization_equiv,zipper_iter_head_materialization_equiv,zipper_iter_reconstruct_materialization_equiv,zipper_iter_prefixed_reconstruct_materialization_equiv,iteration_tail_identity,iteration_head_identity,iteration_reconstruct_nonempty_source,set_iteration_prefixed_reconstruct_definition_fo,iteration_prefixed_reconstruct_nonempty_source,iteration_prefixed_reconstruct_two_item_nonempty_source,iteration_prefixed_range_reconstruct_first_subset,iteration_prefixed_range_reconstruct_first_literal,iteration_prefixed_range_reconstruct_drop_last_literal,iteration_prefixed_range_reconstruct_full_sentinel,iteration_prefixed_range_reconstruct_empty_slice,iteration_prefixed_range_reconstruct_drop_last_subset,iteration_source_union_tail,iteration_source_union_head,zipper_fixpoint_tail_materialization_equiv,zipper_fixpoint_head_materialization_equiv,zipper_fixpoint_reconstruct_materialization_equiv,zipper_fixpoint_range_tail_full_materialization_equiv,zipper_fixpoint_range_tail_empty_materialization_equiv,zipper_fixpoint_range_reconstruct_materialization_equiv,fixpoint_tail_closure,fixpoint_tail_unfold_base_or_step,fixpoint_tail_unfold_via_iter_tail,fixpoint_head_closure,fixpoint_head_unfold_base_or_step,fixpoint_reconstruct_identity,fixpoint_reconstruct_unfold_base_or_step,fixpoint_prefixed_reconstruct_empty_prefix_identity,fixpoint_range_tail_full_sentinel_closure,fixpoint_range_tail_empty_slice_identity,fixpoint_range_reconstruct_full_sentinel_identity,fixpoint_range_reconstruct_first_identity,fixpoint_range_reconstruct_drop_last_identity,fixpoint_prefixed_range_reconstruct_empty_prefix_first_identity,fixpoint_prefixed_range_reconstruct_empty_prefix_drop_last_identity,fixpoint-open:space_optimized_open	mixed FOL plus bounded evidence; weakest proof tier is bounded	(rule ((fixpoint-unfold-query z src (RangeTailTemplate "1" "1"))) ((fixpoint-unfold-result z (UnionOp src (IterOp (FixpointOp src (RangeTailTemplate "1" "1")) (RangeTailTemplate "1" "1"))))) :ruleset fixpoint_unfold)
zipper-descend:0063	rule	359	UnionOp,IterOp,FixpointOp,fixpoint-unfold-query,fixpoint-unfold-result	mixed	proved-bounded	zipper_union_terminal_equiv,zipper_union_child_equiv,set_child_union_fo,set_union_idempotent_fo,set_union_associative_fo,child_union_a,child_union_b,child_same_head_union_a,child_same_head_union_b,union_idempotent,union_associative,eager_iteration_set_equiv,zipper_iteration_materialization_equiv,zipper_iter_tail_materialization_equiv,zipper_iter_head_materialization_equiv,zipper_iter_reconstruct_materialization_equiv,zipper_iter_prefixed_reconstruct_materialization_equiv,iteration_tail_identity,iteration_head_identity,iteration_reconstruct_nonempty_source,set_iteration_prefixed_reconstruct_definition_fo,iteration_prefixed_reconstruct_nonempty_source,iteration_prefixed_reconstruct_two_item_nonempty_source,iteration_prefixed_range_reconstruct_first_subset,iteration_prefixed_range_reconstruct_first_literal,iteration_prefixed_range_reconstruct_drop_last_literal,iteration_prefixed_range_reconstruct_full_sentinel,iteration_prefixed_range_reconstruct_empty_slice,iteration_prefixed_range_reconstruct_drop_last_subset,iteration_source_union_tail,iteration_source_union_head,zipper_fixpoint_tail_materialization_equiv,zipper_fixpoint_head_materialization_equiv,zipper_fixpoint_reconstruct_materialization_equiv,zipper_fixpoint_range_tail_full_materialization_equiv,zipper_fixpoint_range_tail_empty_materialization_equiv,zipper_fixpoint_range_reconstruct_materialization_equiv,fixpoint_tail_closure,fixpoint_tail_unfold_base_or_step,fixpoint_tail_unfold_via_iter_tail,fixpoint_head_closure,fixpoint_head_unfold_base_or_step,fixpoint_reconstruct_identity,fixpoint_reconstruct_unfold_base_or_step,fixpoint_prefixed_reconstruct_empty_prefix_identity,fixpoint_range_tail_full_sentinel_closure,fixpoint_range_tail_empty_slice_identity,fixpoint_range_reconstruct_full_sentinel_identity,fixpoint_range_reconstruct_first_identity,fixpoint_range_reconstruct_drop_last_identity,fixpoint_prefixed_range_reconstruct_empty_prefix_first_identity,fixpoint_prefixed_range_reconstruct_empty_prefix_drop_last_identity,fixpoint-open:space_optimized_open	mixed FOL plus bounded evidence; weakest proof tier is bounded	(rule ((fixpoint-unfold-query z src (RangeReconstructTemplate start end))) ((fixpoint-unfold-result z (UnionOp src (IterOp (FixpointOp src (RangeReconstructTemplate start end)) (RangeReconstructTemplate start end))))) :ruleset fixpoint_unfold)
zipper-descend:0064	rule	362	UnionOp,IterOp,FixpointOp,fixpoint-unfold-query,fixpoint-unfold-result	mixed	proved-bounded	zipper_union_terminal_equiv,zipper_union_child_equiv,set_child_union_fo,set_union_idempotent_fo,set_union_associative_fo,child_union_a,child_union_b,child_same_head_union_a,child_same_head_union_b,union_idempotent,union_associative,eager_iteration_set_equiv,zipper_iteration_materialization_equiv,zipper_iter_tail_materialization_equiv,zipper_iter_head_materialization_equiv,zipper_iter_reconstruct_materialization_equiv,zipper_iter_prefixed_reconstruct_materialization_equiv,iteration_tail_identity,iteration_head_identity,iteration_reconstruct_nonempty_source,set_iteration_prefixed_reconstruct_definition_fo,iteration_prefixed_reconstruct_nonempty_source,iteration_prefixed_reconstruct_two_item_nonempty_source,iteration_prefixed_range_reconstruct_first_subset,iteration_prefixed_range_reconstruct_first_literal,iteration_prefixed_range_reconstruct_drop_last_literal,iteration_prefixed_range_reconstruct_full_sentinel,iteration_prefixed_range_reconstruct_empty_slice,iteration_prefixed_range_reconstruct_drop_last_subset,iteration_source_union_tail,iteration_source_union_head,zipper_fixpoint_tail_materialization_equiv,zipper_fixpoint_head_materialization_equiv,zipper_fixpoint_reconstruct_materialization_equiv,zipper_fixpoint_range_tail_full_materialization_equiv,zipper_fixpoint_range_tail_empty_materialization_equiv,zipper_fixpoint_range_reconstruct_materialization_equiv,fixpoint_tail_closure,fixpoint_tail_unfold_base_or_step,fixpoint_tail_unfold_via_iter_tail,fixpoint_head_closure,fixpoint_head_unfold_base_or_step,fixpoint_reconstruct_identity,fixpoint_reconstruct_unfold_base_or_step,fixpoint_prefixed_reconstruct_empty_prefix_identity,fixpoint_range_tail_full_sentinel_closure,fixpoint_range_tail_empty_slice_identity,fixpoint_range_reconstruct_full_sentinel_identity,fixpoint_range_reconstruct_first_identity,fixpoint_range_reconstruct_drop_last_identity,fixpoint_prefixed_range_reconstruct_empty_prefix_first_identity,fixpoint_prefixed_range_reconstruct_empty_prefix_drop_last_identity,fixpoint-open:space_optimized_open	mixed FOL plus bounded evidence; weakest proof tier is bounded	(rule ((fixpoint-unfold-query z src (PrefixedRangeReconstructTemplate (Eps) start end))) ((fixpoint-unfold-result z (UnionOp src (IterOp (FixpointOp src (PrefixedRangeReconstructTemplate (Eps) start end)) (PrefixedRangeReconstructTemplate (Eps) start end))))) :ruleset fixpoint_unfold)
zipper-descend:0065	rule	369	frontier-candidate,frontier-union1-query,frontier-union-result	mixed	proved-bounded	frontier_candidate_has_key_fo,frontier_candidate_tail_frontier_fo,tails_union_children,frontier_union_is_tails_union,antimirov_suffix_frontier_state_child_fo,antimirov_tails_frontier_state_child_fo,child_tails_union_a,child_tails_union_b	mixed FOL plus bounded evidence; weakest proof tier is bounded	(rule ((frontier-union1-query z active candidate) (frontier-candidate active candidate)) ((frontier-union-result z candidate)) :ruleset frontier_union_result)
zipper-descend:0066	rule	372	UnionOp,frontier-candidate,frontier-union2-query,frontier-union-result	mixed	proved-bounded	zipper_union_terminal_equiv,zipper_union_child_equiv,set_child_union_fo,set_union_idempotent_fo,set_union_associative_fo,child_union_a,child_union_b,child_same_head_union_a,child_same_head_union_b,union_idempotent,union_associative,frontier_candidate_has_key_fo,frontier_candidate_tail_frontier_fo,tails_union_children,frontier_union_is_tails_union,child_tails_union_a,child_tails_union_b,antimirov_suffix_frontier_state_child_fo,antimirov_tails_frontier_state_child_fo	mixed FOL plus bounded evidence; weakest proof tier is bounded	(rule ((frontier-union2-query z active left right) (frontier-candidate active left) (frontier-candidate active right)) ((frontier-union-result z (UnionOp left right))) :ruleset frontier_union_result)
zipper-descend:0067	rewrite	380	Descend,Child	mixed	proved-bounded	zipper_base_child_equiv,set_child_product_derivative,set_child_restriction_derivative,set_child_raffination_derivative,set_child_wrap_hit,set_child_unwrap_singleton,set_child_head,set_child_nonempty_paths,set_child_prefix_closure,set_child_prefix_closure_below,set_child_suffix_closure_derivative,set_child_tails_closure_derivative,child_empty_a,child_empty_b,child_epsilon_a,child_epsilon_b,child_singleton_hit_a,child_singleton_hit_b,child_singleton_miss_a_b,child_singleton_miss_b_a,child_concat_hit_a,child_concat_hit_b,child_concat_miss_a_b,child_concat_miss_b_a,child_union_a,child_union_b,set_child_union_fo,child_same_head_union_a,child_same_head_union_b,child_intersection_a,child_intersection_b,child_diff_a,child_diff_b	mixed FOL plus bounded evidence; weakest proof tier is bounded	(rewrite (Descend item z) (Child item z))
zipper-descend:0068	rewrite	381	UnionOp	mixed	proved-bounded	zipper_union_terminal_equiv,zipper_union_child_equiv,set_child_union_fo,set_union_idempotent_fo,set_union_associative_fo,child_union_a,child_union_b,child_same_head_union_a,child_same_head_union_b,union_idempotent,union_associative	mixed FOL plus bounded evidence; weakest proof tier is bounded	(rewrite (UnionZ a b) (UnionOp a b))
zipper-descend:0069	rewrite	382	JoinAllOp3	mixed	proved-bounded	zipper_union_terminal_equiv,zipper_union_child_equiv,set_child_union_fo,child_union_a,child_union_b	mixed FOL plus bounded evidence; weakest proof tier is bounded	(rewrite (JoinAllZ3 a b c) (JoinAllOp3 a b c))
zipper-descend:0070	rewrite	383	IntersectionOp	mixed	proved-bounded	zipper_intersection_terminal_equiv,zipper_intersection_child_equiv,set_child_intersection_fo,set_intersection_idempotent_fo,set_intersection_associative_fo,child_intersection_a,child_intersection_b,intersection_associative	mixed FOL plus bounded evidence; weakest proof tier is bounded	(rewrite (IntersectionZ a b) (IntersectionOp a b))
zipper-descend:0071	rewrite	384	MeetAllOp3	mixed	proved-bounded	zipper_intersection_terminal_equiv,zipper_intersection_child_equiv,child_intersection_a,child_intersection_b	mixed FOL plus bounded evidence; weakest proof tier is bounded	(rewrite (MeetAllZ3 a b c) (MeetAllOp3 a b c))
zipper-descend:0072	rewrite	385	DiffOp	mixed	proved-bounded	zipper_diff_terminal_equiv,zipper_diff_child_equiv,set_child_diff_fo,set_diff_self_empty_fo,set_diff_union_rhs_fo,child_diff_a,child_diff_b,diff_self_empty,diff_union_rhs	mixed FOL plus bounded evidence; weakest proof tier is bounded	(rewrite (SubtractionZ a b) (DiffOp a b))
zipper-descend:0073	rewrite	386	RestrictionOp	mixed	proved-bounded	eager_restriction_set_equiv,zipper_restriction_materialization_equiv,arbitrary_zipper_restriction_set_equiv,set_child_restriction_derivative,child_restriction_a,child_restriction_b,restriction_epsilon_identity,restriction_empty_prefixes	mixed FOL plus bounded evidence; weakest proof tier is bounded	(rewrite (RestrictionZ a b) (RestrictionOp a b))
zipper-descend:0074	rewrite	387	RaffinationOp	mixed	proved-bounded	eager_raffination_set_equiv,zipper_raffination_materialization_equiv,arbitrary_zipper_raffination_set_equiv,set_child_raffination_derivative,set_restriction_raffination_partition_fo,set_restriction_raffination_disjoint_fo,restriction_raffination_partition,restriction_raffination_disjoint	mixed FOL plus bounded evidence; weakest proof tier is bounded	(rewrite (RaffinationZ a b) (RaffinationOp a b))
zipper-descend:0075	rewrite	388	ConcatOp	mixed	proved-bounded	eager_product_set_equiv,zipper_product_materialization_equiv,arbitrary_zipper_product_set_equiv,set_child_product_derivative,set_terminal_product,child_product_a,child_product_b,product_epsilon_left,product_epsilon_right,head_product	mixed FOL plus bounded evidence; weakest proof tier is bounded	(rewrite (ConcatZ a b) (ConcatOp a b))
zipper-descend:0076	rewrite	389	WrapOp	mixed	proved-bounded	eager_wrap_set_equiv,zipper_wrap_materialization_equiv,arbitrary_zipper_wrap_set_equiv,set_child_wrap_hit,set_terminal_wrap,wrap_unwrap_left_inverse_a,wrap_unwrap_left_inverse_b,wrap_unwrap_left_inverse_ab,wrap_unwrap_restriction_a,wrap_unwrap_restriction_b	mixed FOL plus bounded evidence; weakest proof tier is bounded	(rewrite (PrefixZipper p z) (WrapOp z p))
zipper-descend:0077	rewrite	390	UnwrapOp	mixed	proved-bounded	eager_unwrap_set_equiv,zipper_unwrap_materialization_equiv,arbitrary_zipper_unwrap_set_equiv,set_child_unwrap_singleton,set_terminal_unwrap,wrap_unwrap_left_inverse_a,wrap_unwrap_left_inverse_b,wrap_unwrap_left_inverse_ab,unwrap_union	mixed FOL plus bounded evidence; weakest proof tier is bounded	(rewrite (UnwrapZ z p) (UnwrapOp z p))
zipper-descend:0078	rewrite	391	NonEmptyOp	mixed	proved-bounded	eager_nonempty_paths_set_equiv,zipper_nonempty_paths_materialization_equiv,arbitrary_zipper_nonempty_paths_set_equiv,set_child_nonempty_paths,set_terminal_nonempty_paths_empty,nonempty_empty,nonempty_epsilon_empty,nonempty_idempotent,nonempty_subset,nonempty_union,nonempty_child_a,nonempty_child_b,iteration_reconstruct_nonempty_source	mixed FOL plus bounded evidence; weakest proof tier is bounded	(rewrite (NonEmptyZ z) (NonEmptyOp z))
zipper-descend:0079	rewrite	392	TailsUnionOp	mixed	proved-bounded	eager_tails_union_set_equiv,zipper_tails_union_materialization_equiv,arbitrary_zipper_tails_union_set_equiv,tails_union_children,child_tails_union_a,child_tails_union_b,iteration_tail_identity,tails-union-open:space_optimized_open	mixed FOL plus bounded evidence; weakest proof tier is bounded	(rewrite (TailsUnionZ z) (TailsUnionOp z))
zipper-descend:0080	rewrite	393	TailsIntersectionOp	mixed	proved-bounded	eager_tails_intersection_set_equiv,zipper_tails_intersection_materialization_equiv,arbitrary_zipper_tails_intersection_set_equiv,set_tails_intersection_closed_two_head_frontier_fo,set_tails_intersection_closed_frontier_refinement_fo,tails_intersection_two_known_heads,tails-intersection-open:space_optimized_open	mixed FOL plus bounded evidence; weakest proof tier is bounded	(rewrite (TailsIntersectionZ z) (TailsIntersectionOp z))
zipper-descend:0081	rewrite	394	PrefixClosureOp	mixed	proved-bounded	eager_prefix_closure_set_equiv,zipper_prefix_closure_materialization_equiv,arbitrary_zipper_prefix_closure_set_equiv,set_child_prefix_closure,set_terminal_prefix_closure_empty,prefix_closure_idempotent,prefix-closure-open:space_optimized_open	mixed FOL plus bounded evidence; weakest proof tier is bounded	(rewrite (PrefixClosureZ z) (PrefixClosureOp z))
zipper-descend:0082	rewrite	395	SuffixClosureOp	mixed	proved-bounded	eager_suffix_closure_set_equiv,zipper_suffix_closure_materialization_equiv,arbitrary_zipper_suffix_closure_set_equiv,set_child_suffix_closure_derivative,antimirov_suffix_frontier_state_child_fo,antimirov_suffix_frontier_nested_fo,set_terminal_suffix_closure_empty,suffix_closure_idempotent,suffix_closure_child_derivative_a,suffix_closure_child_derivative_b,suffix-closure-open:space_optimized_open	mixed FOL plus bounded evidence; weakest proof tier is bounded	(rewrite (SuffixClosureZ z) (SuffixClosureOp z))
zipper-descend:0083	rewrite	396	TailsClosureOp	mixed	proved-bounded	eager_tails_closure_set_equiv,zipper_tails_closure_materialization_equiv,arbitrary_zipper_tails_closure_set_equiv,set_child_tails_closure_derivative,antimirov_tails_frontier_state_child_fo,antimirov_tails_frontier_nested_fo,antimirov_tails_frontier_nested_a_b,set_tails_closure_definition_fo,tails_closure_idempotent,tails_closure_definition,child_tails_closure_derivative_a,child_tails_closure_derivative_b,tails_closure_unfold_base_or_step,suffix_closure_child_derivative_a,suffix_closure_child_derivative_b,tails-closure-open:space_optimized_open	mixed FOL plus bounded evidence; weakest proof tier is bounded	(rewrite (TailsClosureZ z) (TailsClosureOp z))
zipper-descend:0084	rewrite	397	RangeOp	mixed	proved-bounded	set_range_full_sentinel,set_range_empty_one_one,eager_range_set_equiv,zipper_range_materialization_equiv,set_range_subset_fo,zipper_range_full_terminal_equiv,zipper_range_first_terminal_fo,set_range_first_child_terminal_empty_fo,set_range_first_child_selected_sound_fo,set_range_first_child_pruned_fo,set_range_last_child_selected_sound_fo,set_range_last_child_pruned_fo,set_range_drop_last_child_before_last_fo,set_range_drop_last_child_after_last_fo,range_empty_source_first,range_empty_source_last,range_empty_source_drop_last,range_first_wrap_a,range_last_wrap_a,range_drop_last_wrap_a,range_first_wrap_b,range_last_wrap_b,range_drop_last_wrap_b,range_first_wrap_ab,range_last_wrap_ab,range_drop_last_wrap_ab,range_first_subset,range_first_idempotent,range_last_idempotent,range_first_of_last,range_drop_last_of_first_empty,range_nested_first,range_nested_suffix_first,range_nested_suffix_offset,range_nested_last_last,range_positive_same_empty,range_positive_decreasing_empty,range_negative_same_empty,range_negative_decreasing_empty,range_last_subset,range_drop_last_subset,range_negative_window_subset,range_singleton_last_literal,range_singleton_drop_last_literal,range_singleton_negative_window_literal,range_nested_singleton_last_literal,range_item_union_first_literal,range_item_union_last_literal,range_item_union_drop_last_literal,range_drop_last_full_sentinel_literal,range_first_epsilon_literal,range_first_child_border_literal,range_first_child_full_literal,range_prunes_after_upper_border_literal,range_suffix_child_border_literal,range_last_border_literal,range_last_child_border_literal,range_last_prunes_earlier_head_literal,range_drop_last_border_literal,range_drop_last_child_border_literal,range_drop_last_prunes_last_head_literal,range_negative_window_border_literal,range_negative_window_child_border_literal,range_negative_window_prunes_last_head_literal,range_first_without_epsilon_literal,range_first_without_epsilon_child_literal,range_first_without_epsilon_prunes_later_child_literal	mixed FOL plus bounded evidence; weakest proof tier is bounded	(rewrite (RangeZ z start end) (RangeOp z start end))
zipper-descend:0085	rewrite	398	HeadOp	mixed	proved-bounded	eager_head_set_equiv,zipper_head_materialization_equiv,arbitrary_zipper_head_set_equiv,set_child_head,set_terminal_head_empty,set_iteration_head_identity,iteration_head_identity,head_idempotent	mixed FOL plus bounded evidence; weakest proof tier is bounded	(rewrite (HeadZ z) (HeadOp z))
zipper-descend:0086	rewrite	399	IterOp	mixed	proved-bounded	eager_iteration_set_equiv,zipper_iteration_materialization_equiv,zipper_iter_tail_materialization_equiv,zipper_iter_head_materialization_equiv,zipper_iter_reconstruct_materialization_equiv,zipper_iter_prefixed_reconstruct_materialization_equiv,iteration_tail_identity,iteration_head_identity,iteration_reconstruct_nonempty_source,set_iteration_prefixed_reconstruct_definition_fo,iteration_prefixed_reconstruct_nonempty_source,iteration_prefixed_reconstruct_two_item_nonempty_source,iteration_prefixed_range_reconstruct_first_subset,iteration_prefixed_range_reconstruct_first_literal,iteration_prefixed_range_reconstruct_drop_last_literal,iteration_prefixed_range_reconstruct_full_sentinel,iteration_prefixed_range_reconstruct_empty_slice,iteration_prefixed_range_reconstruct_drop_last_subset,iteration_source_union_tail,iteration_source_union_head	mixed FOL plus bounded evidence; weakest proof tier is bounded	(rewrite (IterZ z template) (IterOp z template))
zipper-descend:0087	rewrite	400	IterBinderOp	FOL	proved-unbounded	eager_iteration_set_equiv,zipper_iteration_materialization_equiv,set_iteration_general_body_union_distribution_fo,set_iteration_general_invariant_left_fo,set_iteration_general_invariant_right_fo,set_iteration_general_wrap_hoist_fo,set_iteration_general_product_right_hoist_fo,set_iteration_general_intersection_right_hoist_fo,set_iteration_general_diff_right_hoist_fo,set_iteration_general_restriction_right_hoist_fo	mapped to first-order proof artifact(s)	(rewrite (IterBinderZ z body) (IterBinderOp z body))
zipper-descend:0088	rewrite	401	FixpointOp	mixed	proved-bounded	zipper_fixpoint_tail_materialization_equiv,zipper_fixpoint_head_materialization_equiv,zipper_fixpoint_reconstruct_materialization_equiv,zipper_fixpoint_range_tail_full_materialization_equiv,zipper_fixpoint_range_tail_empty_materialization_equiv,zipper_fixpoint_range_reconstruct_materialization_equiv,fixpoint_tail_closure,fixpoint_tail_unfold_base_or_step,fixpoint_tail_unfold_via_iter_tail,fixpoint_head_closure,fixpoint_head_unfold_base_or_step,fixpoint_reconstruct_identity,fixpoint_reconstruct_unfold_base_or_step,fixpoint_prefixed_reconstruct_empty_prefix_identity,fixpoint_range_tail_full_sentinel_closure,fixpoint_range_tail_empty_slice_identity,fixpoint_range_reconstruct_full_sentinel_identity,fixpoint_range_reconstruct_first_identity,fixpoint_range_reconstruct_drop_last_identity,fixpoint_prefixed_range_reconstruct_empty_prefix_first_identity,fixpoint_prefixed_range_reconstruct_empty_prefix_drop_last_identity,fixpoint-open:space_optimized_open	mixed FOL plus bounded evidence; weakest proof tier is bounded	(rewrite (FixpointZ z template) (FixpointOp z template))
zipper-descend:0089	rule	403	plugged,cursor,context-path,observable-focus	FOL	proved-unbounded	zipper_context_root_plug_equiv,zipper_context_down_plug_invariance,zipper_context_graft_materialization,zipper_context_cursor_source_plug,zipper_context_up_after_down_context,zipper_context_up_after_down_focus,zipper_context_root_path,zipper_context_down_path,zipper_context_up_after_down_path	mapped to first-order proof artifact(s)	(rule ((root-plug-input focus)) ((cursor (RootCtx) focus) (observable-focus focus) (plug-source (RootCtx) focus) (context-path (RootCtx) (Eps)) (plugged (RootCtx) focus focus)))
zipper-descend:0090	rule	409	context-path	FOL	proved-unbounded	zipper_context_root_path,zipper_context_down_path,zipper_context_up_after_down_path	mapped to first-order proof artifact(s)	(rule ((= ctx (FrameCtx parent item siblings)) (context-path parent path)) ((context-path ctx (Concat path (Item item)))))
zipper-descend:0091	rule	411	context-path	FOL	proved-unbounded	zipper_context_root_path,zipper_context_down_path,zipper_context_up_after_down_path	mapped to first-order proof artifact(s)	(rule ((= ctx (TerminalFrameCtx parent item siblings)) (context-path parent path)) ((context-path ctx (Concat path (Item item)))))
zipper-descend:0092	rule	413	context-path	FOL	proved-unbounded	zipper_context_root_path,zipper_context_down_path,zipper_context_up_after_down_path	mapped to first-order proof artifact(s)	(rule ((= ctx (PatchFrameCtx parent item original)) (context-path parent path)) ((context-path ctx (Concat path (Item item)))))
zipper-descend:0093	rule	415	cursor,context-path,cursor-path	FOL	proved-unbounded	zipper_context_root_plug_equiv,zipper_context_down_plug_invariance,zipper_context_up_after_down_context,zipper_context_up_after_down_focus,zipper_context_cursor_source_plug,zipper_context_root_path,zipper_context_down_path,zipper_context_up_after_down_path	mapped to first-order proof artifact(s)	(rule ((cursor ctx focus) (context-path ctx path)) ((cursor-path ctx focus path)))
zipper-descend:0094	rule	417	cursor,observable-focus	FOL	proved-unbounded	zipper_context_root_plug_equiv,zipper_context_down_plug_invariance,zipper_context_up_after_down_context,zipper_context_up_after_down_focus,zipper_context_cursor_source_plug	mapped to first-order proof artifact(s)	(rule ((cursor ctx focus)) ((observable-focus focus)))
zipper-descend:0095	rule	419	UnionOp,WrapOp,plugged	mixed	proved-bounded	zipper_union_terminal_equiv,zipper_union_child_equiv,set_child_union_fo,set_union_idempotent_fo,set_union_associative_fo,child_union_a,child_union_b,child_same_head_union_a,child_same_head_union_b,union_idempotent,union_associative,eager_wrap_set_equiv,zipper_wrap_materialization_equiv,arbitrary_zipper_wrap_set_equiv,set_child_wrap_hit,set_terminal_wrap,wrap_unwrap_left_inverse_a,wrap_unwrap_left_inverse_b,wrap_unwrap_left_inverse_ab,wrap_unwrap_restriction_a,wrap_unwrap_restriction_b,zipper_context_root_plug_equiv,zipper_context_down_plug_invariance,zipper_context_graft_materialization,zipper_context_cursor_source_plug	mixed FOL plus bounded evidence; weakest proof tier is bounded	(rule ((= ctx (FrameCtx parent item siblings)) (plugged parent (UnionOp siblings (WrapOp focus (Item item))) whole)) ((plugged ctx focus whole)))
zipper-descend:0096	rule	422	UnionOp,WrapOp,plugged,TrieZ	mixed	proved-bounded	zipper_union_terminal_equiv,zipper_union_child_equiv,set_child_union_fo,set_union_idempotent_fo,set_union_associative_fo,child_union_a,child_union_b,child_same_head_union_a,child_same_head_union_b,union_idempotent,union_associative,eager_wrap_set_equiv,zipper_wrap_materialization_equiv,arbitrary_zipper_wrap_set_equiv,set_child_wrap_hit,set_terminal_wrap,wrap_unwrap_left_inverse_a,wrap_unwrap_left_inverse_b,wrap_unwrap_left_inverse_ab,wrap_unwrap_restriction_a,wrap_unwrap_restriction_b,zipper_context_root_plug_equiv,zipper_context_down_plug_invariance,zipper_context_graft_materialization,zipper_context_cursor_source_plug,zipper_base_terminal_equiv,zipper_base_child_equiv	mixed FOL plus bounded evidence; weakest proof tier is bounded	(rule ((= ctx (TerminalFrameCtx parent item siblings)) (plugged parent (UnionOp (TrieZ (Singleton (Eps))) (UnionOp siblings (WrapOp focus (Item item)))) whole)) ((plugged ctx focus whole)))
zipper-descend:0097	rule	425	PatchChildOp,plugged	mixed	proved-bounded	zipper_patch_child_terminal_equiv,zipper_patch_child_hit_equiv,zipper_patch_child_miss_equiv,zipper_patch_child_identity_equiv,zipper_context_graft_materialization,patch_child_hit_a,patch_child_hit_b,patch_child_miss_b,patch_child_miss_a,patch_child_identity_a,patch_child_identity_b,patch_child_terminal_preserved,patch_child_materialization_a,zipper_context_root_plug_equiv,zipper_context_down_plug_invariance,zipper_context_cursor_source_plug	mixed FOL plus bounded evidence; weakest proof tier is bounded	(rule ((= ctx (PatchFrameCtx parent item original)) (plugged parent (PatchChildOp original item focus) whole)) ((plugged ctx focus whole)))
zipper-descend:0098	rule	432	cursor,down-move,Child,has-key	mixed	proved-bounded	zipper_context_root_plug_equiv,zipper_context_down_plug_invariance,zipper_context_up_after_down_context,zipper_context_up_after_down_focus,zipper_context_cursor_source_plug,zipper_context_graft_materialization,zipper_base_child_equiv,child_empty_a,child_empty_b,child_epsilon_a,child_epsilon_b,child_singleton_hit_a,child_singleton_hit_b,child_singleton_miss_a_b,child_singleton_miss_b_a,child_concat_hit_a,child_concat_hit_b,child_concat_miss_a_b,child_concat_miss_b_a,child_union_a,child_union_b,set_child_union_fo,child_same_head_union_a,child_same_head_union_b,child_intersection_a,child_intersection_b,child_diff_a,child_diff_b,set_child_product_derivative,set_child_restriction_derivative,set_child_raffination_derivative,set_child_wrap_hit,set_child_unwrap_singleton,set_child_head,set_child_nonempty_paths,set_child_prefix_closure,set_child_prefix_closure_below,set_child_suffix_closure_derivative,set_child_tails_closure_derivative	mixed FOL plus bounded evidence; weakest proof tier is bounded	(rule ((cursor ctx focus) (has-key focus item)) ((down-move ctx focus item (PatchFrameCtx ctx item focus) (Child item focus))))
zipper-descend:0099	rule	434	PatchChildOp,cursor,up-move	mixed	proved-bounded	zipper_patch_child_terminal_equiv,zipper_patch_child_hit_equiv,zipper_patch_child_miss_equiv,zipper_patch_child_identity_equiv,zipper_context_graft_materialization,patch_child_hit_a,patch_child_hit_b,patch_child_miss_b,patch_child_miss_a,patch_child_identity_a,patch_child_identity_b,patch_child_terminal_preserved,patch_child_materialization_a,zipper_context_root_plug_equiv,zipper_context_down_plug_invariance,zipper_context_up_after_down_context,zipper_context_up_after_down_focus,zipper_context_cursor_source_plug	mixed FOL plus bounded evidence; weakest proof tier is bounded	(rule ((= ctx (PatchFrameCtx parent item original)) (cursor ctx focus)) ((up-move ctx focus parent (PatchChildOp original item focus)) (plug-source ctx focus)))
zipper-descend:0100	rule	437	cursor	FOL	proved-unbounded	zipper_context_root_plug_equiv,zipper_context_down_plug_invariance,zipper_context_up_after_down_context,zipper_context_up_after_down_focus,zipper_context_cursor_source_plug	mapped to first-order proof artifact(s)	(rule ((cursor ctx focus)) ((plug-source ctx focus)))
zipper-descend:0101	rule	439	PatchChildOp	mixed	proved-bounded	zipper_patch_child_terminal_equiv,zipper_patch_child_hit_equiv,zipper_patch_child_miss_equiv,zipper_patch_child_identity_equiv,zipper_context_graft_materialization,patch_child_hit_a,patch_child_hit_b,patch_child_miss_b,patch_child_miss_a,patch_child_identity_a,patch_child_identity_b,patch_child_terminal_preserved,patch_child_materialization_a	mixed FOL plus bounded evidence; weakest proof tier is bounded	(rule ((= ctx (PatchFrameCtx parent item original)) (plug-source ctx focus)) ((plug-source parent (PatchChildOp original item focus))))
zipper-descend:0102	rule	441	plugged	FOL	proved-unbounded	zipper_context_root_plug_equiv,zipper_context_down_plug_invariance,zipper_context_graft_materialization,zipper_context_cursor_source_plug	mapped to first-order proof artifact(s)	(rule ((plug-source (RootCtx) focus)) ((plugged (RootCtx) focus focus)))
zipper-descend:0103	rule	443	cursor,next-sibling-move,next-sibling-target	FOL	proved-unbounded	zipper_context_root_plug_equiv,zipper_context_down_plug_invariance,zipper_context_up_after_down_context,zipper_context_up_after_down_focus,zipper_context_cursor_source_plug,zipper_context_sibling_path,zipper_context_sibling_target_context,zipper_context_sibling_target_focus,zipper_context_sibling_target_path,zipper_context_sibling_target_plug_invariance,zipper_context_sibling_plug_invariance	mapped to first-order proof artifact(s)	(rule ((cursor ctx focus) (next-sibling-target ctx focus next-ctx next-focus)) ((next-sibling-move ctx focus next-ctx next-focus)))
zipper-descend:0104	rule	446	cursor,previous-sibling-move,previous-sibling-target	FOL	proved-unbounded	zipper_context_root_plug_equiv,zipper_context_down_plug_invariance,zipper_context_up_after_down_context,zipper_context_up_after_down_focus,zipper_context_cursor_source_plug,zipper_context_sibling_path,zipper_context_sibling_target_context,zipper_context_sibling_target_focus,zipper_context_sibling_target_path,zipper_context_sibling_target_plug_invariance,zipper_context_sibling_plug_invariance	mapped to first-order proof artifact(s)	(rule ((cursor ctx focus) (previous-sibling-target ctx focus previous-ctx previous-focus)) ((previous-sibling-move ctx focus previous-ctx previous-focus)))
zipper-descend:0105	rule	449	cursor,next-sibling-move	FOL	proved-unbounded	zipper_context_root_plug_equiv,zipper_context_down_plug_invariance,zipper_context_up_after_down_context,zipper_context_up_after_down_focus,zipper_context_cursor_source_plug,zipper_context_sibling_path,zipper_context_sibling_target_context,zipper_context_sibling_target_focus,zipper_context_sibling_target_path,zipper_context_sibling_target_plug_invariance,zipper_context_sibling_plug_invariance	mapped to first-order proof artifact(s)	(rule ((next-sibling-move ctx focus next-ctx next-focus)) ((cursor next-ctx next-focus)))
zipper-descend:0106	rule	451	cursor,previous-sibling-move	FOL	proved-unbounded	zipper_context_root_plug_equiv,zipper_context_down_plug_invariance,zipper_context_up_after_down_context,zipper_context_up_after_down_focus,zipper_context_cursor_source_plug,zipper_context_sibling_path,zipper_context_sibling_target_context,zipper_context_sibling_target_focus,zipper_context_sibling_target_path,zipper_context_sibling_target_plug_invariance,zipper_context_sibling_plug_invariance	mapped to first-order proof artifact(s)	(rule ((previous-sibling-move ctx focus previous-ctx previous-focus)) ((cursor previous-ctx previous-focus)))
zipper-descend:0107	rule	453	PatchChildOp,cursor,next-sibling-target,adjacent-before,Child,has-key	mixed	proved-bounded	zipper_patch_child_terminal_equiv,zipper_patch_child_hit_equiv,zipper_patch_child_miss_equiv,zipper_patch_child_identity_equiv,zipper_context_graft_materialization,patch_child_hit_a,patch_child_hit_b,patch_child_miss_b,patch_child_miss_a,patch_child_identity_a,patch_child_identity_b,patch_child_terminal_preserved,patch_child_materialization_a,zipper_context_root_plug_equiv,zipper_context_down_plug_invariance,zipper_context_up_after_down_context,zipper_context_up_after_down_focus,zipper_context_cursor_source_plug,zipper_context_sibling_path,zipper_context_sibling_target_context,zipper_context_sibling_target_focus,zipper_context_sibling_target_path,zipper_context_sibling_target_plug_invariance,zipper_context_sibling_plug_invariance,zipper_base_child_equiv,child_empty_a,child_empty_b,child_epsilon_a,child_epsilon_b,child_singleton_hit_a,child_singleton_hit_b,child_singleton_miss_a_b,child_singleton_miss_b_a,child_concat_hit_a,child_concat_hit_b,child_concat_miss_a_b,child_concat_miss_b_a,child_union_a,child_union_b,set_child_union_fo,child_same_head_union_a,child_same_head_union_b,child_intersection_a,child_intersection_b,child_diff_a,child_diff_b,set_child_product_derivative,set_child_restriction_derivative,set_child_raffination_derivative,set_child_wrap_hit,set_child_unwrap_singleton,set_child_head,set_child_nonempty_paths,set_child_prefix_closure,set_child_prefix_closure_below,set_child_suffix_closure_derivative,set_child_tails_closure_derivative	mixed FOL plus bounded evidence; weakest proof tier is bounded	(rule ((= ctx (PatchFrameCtx parent item original)) (cursor ctx focus) (adjacent-before item sibling) (has-key (PatchChildOp original item focus) sibling)) ((next-sibling-target ctx focus (PatchFrameCtx parent sibling (PatchChildOp original item focus)) (Child sibling (PatchChildOp original item focus)))))
zipper-descend:0108	rule	462	PatchChildOp,cursor,previous-sibling-target,adjacent-before,Child,has-key	mixed	proved-bounded	zipper_patch_child_terminal_equiv,zipper_patch_child_hit_equiv,zipper_patch_child_miss_equiv,zipper_patch_child_identity_equiv,zipper_context_graft_materialization,patch_child_hit_a,patch_child_hit_b,patch_child_miss_b,patch_child_miss_a,patch_child_identity_a,patch_child_identity_b,patch_child_terminal_preserved,patch_child_materialization_a,zipper_context_root_plug_equiv,zipper_context_down_plug_invariance,zipper_context_up_after_down_context,zipper_context_up_after_down_focus,zipper_context_cursor_source_plug,zipper_context_sibling_path,zipper_context_sibling_target_context,zipper_context_sibling_target_focus,zipper_context_sibling_target_path,zipper_context_sibling_target_plug_invariance,zipper_context_sibling_plug_invariance,zipper_base_child_equiv,child_empty_a,child_empty_b,child_epsilon_a,child_epsilon_b,child_singleton_hit_a,child_singleton_hit_b,child_singleton_miss_a_b,child_singleton_miss_b_a,child_concat_hit_a,child_concat_hit_b,child_concat_miss_a_b,child_concat_miss_b_a,child_union_a,child_union_b,set_child_union_fo,child_same_head_union_a,child_same_head_union_b,child_intersection_a,child_intersection_b,child_diff_a,child_diff_b,set_child_product_derivative,set_child_restriction_derivative,set_child_raffination_derivative,set_child_wrap_hit,set_child_unwrap_singleton,set_child_head,set_child_nonempty_paths,set_child_prefix_closure,set_child_prefix_closure_below,set_child_suffix_closure_derivative,set_child_tails_closure_derivative	mixed FOL plus bounded evidence; weakest proof tier is bounded	(rule ((= ctx (PatchFrameCtx parent item original)) (cursor ctx focus) (adjacent-before sibling item) (has-key (PatchChildOp original item focus) sibling)) ((previous-sibling-target ctx focus (PatchFrameCtx parent sibling (PatchChildOp original item focus)) (Child sibling (PatchChildOp original item focus)))))
zipper-descend:0109	rewrite	475	TrieZ,EmptyZ	FOL	proved-unbounded	zipper_base_terminal_equiv,zipper_base_child_equiv,zipper_emptyz_empty_focus_fo,zipper_emptyz_nonterminal_fo,zipper_keyset_emptyz_fo	mapped to first-order proof artifact(s)	(rewrite (TrieZ (Empty)) (EmptyZ))
zipper-descend:0110	rewrite	476	EmptyZ,MemoZ	FOL	proved-unbounded	zipper_emptyz_empty_focus_fo,zipper_emptyz_nonterminal_fo,zipper_keyset_emptyz_fo,zipper_memo_materialization_equiv,zipper_memo_terminal_equiv,zipper_memo_child_equiv	mapped to first-order proof artifact(s)	(rewrite (MemoZ (EmptyZ)) (EmptyZ))
zipper-descend:0111	rewrite	478	UnionOp,EmptyZ	mixed	proved-bounded	zipper_union_terminal_equiv,zipper_union_child_equiv,set_child_union_fo,set_union_idempotent_fo,set_union_associative_fo,child_union_a,child_union_b,child_same_head_union_a,child_same_head_union_b,union_idempotent,union_associative,zipper_emptyz_empty_focus_fo,zipper_emptyz_nonterminal_fo,zipper_keyset_emptyz_fo	mixed FOL plus bounded evidence; weakest proof tier is bounded	(rewrite (UnionOp (EmptyZ) z) z)
zipper-descend:0112	rewrite	479	UnionOp,EmptyZ	mixed	proved-bounded	zipper_union_terminal_equiv,zipper_union_child_equiv,set_child_union_fo,set_union_idempotent_fo,set_union_associative_fo,child_union_a,child_union_b,child_same_head_union_a,child_same_head_union_b,union_idempotent,union_associative,zipper_emptyz_empty_focus_fo,zipper_emptyz_nonterminal_fo,zipper_keyset_emptyz_fo	mixed FOL plus bounded evidence; weakest proof tier is bounded	(rewrite (UnionOp z (EmptyZ)) z)
zipper-descend:0113	rewrite	480	JoinAllOp3,EmptyZ	mixed	proved-bounded	zipper_union_terminal_equiv,zipper_union_child_equiv,set_child_union_fo,child_union_a,child_union_b,zipper_emptyz_empty_focus_fo,zipper_emptyz_nonterminal_fo,zipper_keyset_emptyz_fo	mixed FOL plus bounded evidence; weakest proof tier is bounded	(rewrite (JoinAllOp3 (EmptyZ) (EmptyZ) z) z)
zipper-descend:0114	rewrite	481	JoinAllOp3,EmptyZ	mixed	proved-bounded	zipper_union_terminal_equiv,zipper_union_child_equiv,set_child_union_fo,child_union_a,child_union_b,zipper_emptyz_empty_focus_fo,zipper_emptyz_nonterminal_fo,zipper_keyset_emptyz_fo	mixed FOL plus bounded evidence; weakest proof tier is bounded	(rewrite (JoinAllOp3 (EmptyZ) z (EmptyZ)) z)
zipper-descend:0115	rewrite	482	JoinAllOp3,EmptyZ	mixed	proved-bounded	zipper_union_terminal_equiv,zipper_union_child_equiv,set_child_union_fo,child_union_a,child_union_b,zipper_emptyz_empty_focus_fo,zipper_emptyz_nonterminal_fo,zipper_keyset_emptyz_fo	mixed FOL plus bounded evidence; weakest proof tier is bounded	(rewrite (JoinAllOp3 z (EmptyZ) (EmptyZ)) z)
zipper-descend:0116	rewrite	483	UnionOp,JoinAllOp3,EmptyZ	mixed	proved-bounded	zipper_union_terminal_equiv,zipper_union_child_equiv,set_child_union_fo,set_union_idempotent_fo,set_union_associative_fo,child_union_a,child_union_b,child_same_head_union_a,child_same_head_union_b,union_idempotent,union_associative,zipper_emptyz_empty_focus_fo,zipper_emptyz_nonterminal_fo,zipper_keyset_emptyz_fo	mixed FOL plus bounded evidence; weakest proof tier is bounded	(rewrite (JoinAllOp3 (EmptyZ) a b) (UnionOp a b))
zipper-descend:0117	rewrite	484	UnionOp,JoinAllOp3,EmptyZ	mixed	proved-bounded	zipper_union_terminal_equiv,zipper_union_child_equiv,set_child_union_fo,set_union_idempotent_fo,set_union_associative_fo,child_union_a,child_union_b,child_same_head_union_a,child_same_head_union_b,union_idempotent,union_associative,zipper_emptyz_empty_focus_fo,zipper_emptyz_nonterminal_fo,zipper_keyset_emptyz_fo	mixed FOL plus bounded evidence; weakest proof tier is bounded	(rewrite (JoinAllOp3 a (EmptyZ) b) (UnionOp a b))
zipper-descend:0118	rewrite	485	UnionOp,JoinAllOp3,EmptyZ	mixed	proved-bounded	zipper_union_terminal_equiv,zipper_union_child_equiv,set_child_union_fo,set_union_idempotent_fo,set_union_associative_fo,child_union_a,child_union_b,child_same_head_union_a,child_same_head_union_b,union_idempotent,union_associative,zipper_emptyz_empty_focus_fo,zipper_emptyz_nonterminal_fo,zipper_keyset_emptyz_fo	mixed FOL plus bounded evidence; weakest proof tier is bounded	(rewrite (JoinAllOp3 a b (EmptyZ)) (UnionOp a b))
zipper-descend:0119	rewrite	487	IntersectionOp,EmptyZ	mixed	proved-bounded	zipper_intersection_terminal_equiv,zipper_intersection_child_equiv,set_child_intersection_fo,set_intersection_idempotent_fo,set_intersection_associative_fo,child_intersection_a,child_intersection_b,intersection_associative,zipper_emptyz_empty_focus_fo,zipper_emptyz_nonterminal_fo,zipper_keyset_emptyz_fo	mixed FOL plus bounded evidence; weakest proof tier is bounded	(rewrite (IntersectionOp (EmptyZ) z) (EmptyZ))
zipper-descend:0120	rewrite	488	IntersectionOp,EmptyZ	mixed	proved-bounded	zipper_intersection_terminal_equiv,zipper_intersection_child_equiv,set_child_intersection_fo,set_intersection_idempotent_fo,set_intersection_associative_fo,child_intersection_a,child_intersection_b,intersection_associative,zipper_emptyz_empty_focus_fo,zipper_emptyz_nonterminal_fo,zipper_keyset_emptyz_fo	mixed FOL plus bounded evidence; weakest proof tier is bounded	(rewrite (IntersectionOp z (EmptyZ)) (EmptyZ))
zipper-descend:0121	rewrite	489	MeetAllOp3,EmptyZ	mixed	proved-bounded	zipper_intersection_terminal_equiv,zipper_intersection_child_equiv,child_intersection_a,child_intersection_b,zipper_emptyz_empty_focus_fo,zipper_emptyz_nonterminal_fo,zipper_keyset_emptyz_fo	mixed FOL plus bounded evidence; weakest proof tier is bounded	(rewrite (MeetAllOp3 (EmptyZ) a b) (EmptyZ))
zipper-descend:0122	rewrite	490	MeetAllOp3,EmptyZ	mixed	proved-bounded	zipper_intersection_terminal_equiv,zipper_intersection_child_equiv,child_intersection_a,child_intersection_b,zipper_emptyz_empty_focus_fo,zipper_emptyz_nonterminal_fo,zipper_keyset_emptyz_fo	mixed FOL plus bounded evidence; weakest proof tier is bounded	(rewrite (MeetAllOp3 a (EmptyZ) b) (EmptyZ))
zipper-descend:0123	rewrite	491	MeetAllOp3,EmptyZ	mixed	proved-bounded	zipper_intersection_terminal_equiv,zipper_intersection_child_equiv,child_intersection_a,child_intersection_b,zipper_emptyz_empty_focus_fo,zipper_emptyz_nonterminal_fo,zipper_keyset_emptyz_fo	mixed FOL plus bounded evidence; weakest proof tier is bounded	(rewrite (MeetAllOp3 a b (EmptyZ)) (EmptyZ))
zipper-descend:0124	rewrite	493	DiffOp,EmptyZ	mixed	proved-bounded	zipper_diff_terminal_equiv,zipper_diff_child_equiv,set_child_diff_fo,set_diff_self_empty_fo,set_diff_union_rhs_fo,child_diff_a,child_diff_b,diff_self_empty,diff_union_rhs,zipper_emptyz_empty_focus_fo,zipper_emptyz_nonterminal_fo,zipper_keyset_emptyz_fo	mixed FOL plus bounded evidence; weakest proof tier is bounded	(rewrite (DiffOp (EmptyZ) z) (EmptyZ))
zipper-descend:0125	rewrite	494	DiffOp,EmptyZ	mixed	proved-bounded	zipper_diff_terminal_equiv,zipper_diff_child_equiv,set_child_diff_fo,set_diff_self_empty_fo,set_diff_union_rhs_fo,child_diff_a,child_diff_b,diff_self_empty,diff_union_rhs,zipper_emptyz_empty_focus_fo,zipper_emptyz_nonterminal_fo,zipper_keyset_emptyz_fo	mixed FOL plus bounded evidence; weakest proof tier is bounded	(rewrite (DiffOp z (EmptyZ)) z)
zipper-descend:0126	rewrite	496	RestrictionOp,EmptyZ	mixed	proved-bounded	eager_restriction_set_equiv,zipper_restriction_materialization_equiv,arbitrary_zipper_restriction_set_equiv,set_child_restriction_derivative,child_restriction_a,child_restriction_b,restriction_epsilon_identity,restriction_empty_prefixes,zipper_emptyz_empty_focus_fo,zipper_emptyz_nonterminal_fo,zipper_keyset_emptyz_fo	mixed FOL plus bounded evidence; weakest proof tier is bounded	(rewrite (RestrictionOp (EmptyZ) z) (EmptyZ))
zipper-descend:0127	rewrite	497	RestrictionOp,EmptyZ	mixed	proved-bounded	eager_restriction_set_equiv,zipper_restriction_materialization_equiv,arbitrary_zipper_restriction_set_equiv,set_child_restriction_derivative,child_restriction_a,child_restriction_b,restriction_epsilon_identity,restriction_empty_prefixes,zipper_emptyz_empty_focus_fo,zipper_emptyz_nonterminal_fo,zipper_keyset_emptyz_fo	mixed FOL plus bounded evidence; weakest proof tier is bounded	(rewrite (RestrictionOp z (EmptyZ)) (EmptyZ))
zipper-descend:0128	rewrite	498	RestrictionOp,TrieZ	mixed	proved-bounded	eager_restriction_set_equiv,zipper_restriction_materialization_equiv,arbitrary_zipper_restriction_set_equiv,set_child_restriction_derivative,child_restriction_a,child_restriction_b,restriction_epsilon_identity,restriction_empty_prefixes,zipper_base_terminal_equiv,zipper_base_child_equiv	mixed FOL plus bounded evidence; weakest proof tier is bounded	(rewrite (RestrictionOp z (TrieZ (Singleton (Eps)))) z)
zipper-descend:0129	rewrite	499	UnionOp,RestrictionOp,TrieZ	mixed	proved-bounded	zipper_union_terminal_equiv,zipper_union_child_equiv,set_child_union_fo,set_union_idempotent_fo,set_union_associative_fo,child_union_a,child_union_b,child_same_head_union_a,child_same_head_union_b,union_idempotent,union_associative,eager_restriction_set_equiv,zipper_restriction_materialization_equiv,arbitrary_zipper_restriction_set_equiv,set_child_restriction_derivative,child_restriction_a,child_restriction_b,restriction_epsilon_identity,restriction_empty_prefixes,zipper_base_terminal_equiv,zipper_base_child_equiv	mixed FOL plus bounded evidence; weakest proof tier is bounded	(rewrite (RestrictionOp z (UnionOp (TrieZ (Singleton (Eps))) prefixes)) z)
zipper-descend:0130	rewrite	500	UnionOp,RestrictionOp,TrieZ	mixed	proved-bounded	zipper_union_terminal_equiv,zipper_union_child_equiv,set_child_union_fo,set_union_idempotent_fo,set_union_associative_fo,child_union_a,child_union_b,child_same_head_union_a,child_same_head_union_b,union_idempotent,union_associative,eager_restriction_set_equiv,zipper_restriction_materialization_equiv,arbitrary_zipper_restriction_set_equiv,set_child_restriction_derivative,child_restriction_a,child_restriction_b,restriction_epsilon_identity,restriction_empty_prefixes,zipper_base_terminal_equiv,zipper_base_child_equiv	mixed FOL plus bounded evidence; weakest proof tier is bounded	(rewrite (RestrictionOp z (UnionOp prefixes (TrieZ (Singleton (Eps))))) z)
zipper-descend:0131	rewrite	502	DiffOp,RestrictionOp,RaffinationOp	mixed	proved-bounded	zipper_diff_terminal_equiv,zipper_diff_child_equiv,set_child_diff_fo,set_diff_self_empty_fo,set_diff_union_rhs_fo,child_diff_a,child_diff_b,diff_self_empty,diff_union_rhs,eager_restriction_set_equiv,zipper_restriction_materialization_equiv,arbitrary_zipper_restriction_set_equiv,set_child_restriction_derivative,child_restriction_a,child_restriction_b,restriction_epsilon_identity,restriction_empty_prefixes,eager_raffination_set_equiv,zipper_raffination_materialization_equiv,arbitrary_zipper_raffination_set_equiv,set_child_raffination_derivative,set_restriction_raffination_partition_fo,set_restriction_raffination_disjoint_fo,restriction_raffination_partition,restriction_raffination_disjoint	mixed FOL plus bounded evidence; weakest proof tier is bounded	(rewrite (RaffinationOp z prefixes) (DiffOp z (RestrictionOp z prefixes)))
zipper-descend:0132	rewrite	504	ConcatOp,EmptyZ	mixed	proved-bounded	eager_product_set_equiv,zipper_product_materialization_equiv,arbitrary_zipper_product_set_equiv,set_child_product_derivative,set_terminal_product,child_product_a,child_product_b,product_epsilon_left,product_epsilon_right,head_product,zipper_emptyz_empty_focus_fo,zipper_emptyz_nonterminal_fo,zipper_keyset_emptyz_fo	mixed FOL plus bounded evidence; weakest proof tier is bounded	(rewrite (ConcatOp (EmptyZ) z) (EmptyZ))
zipper-descend:0133	rewrite	505	ConcatOp,EmptyZ	mixed	proved-bounded	eager_product_set_equiv,zipper_product_materialization_equiv,arbitrary_zipper_product_set_equiv,set_child_product_derivative,set_terminal_product,child_product_a,child_product_b,product_epsilon_left,product_epsilon_right,head_product,zipper_emptyz_empty_focus_fo,zipper_emptyz_nonterminal_fo,zipper_keyset_emptyz_fo	mixed FOL plus bounded evidence; weakest proof tier is bounded	(rewrite (ConcatOp z (EmptyZ)) (EmptyZ))
zipper-descend:0134	rewrite	507	WrapOp,EmptyZ	mixed	proved-bounded	eager_wrap_set_equiv,zipper_wrap_materialization_equiv,arbitrary_zipper_wrap_set_equiv,set_child_wrap_hit,set_terminal_wrap,wrap_unwrap_left_inverse_a,wrap_unwrap_left_inverse_b,wrap_unwrap_left_inverse_ab,wrap_unwrap_restriction_a,wrap_unwrap_restriction_b,zipper_emptyz_empty_focus_fo,zipper_emptyz_nonterminal_fo,zipper_keyset_emptyz_fo	mixed FOL plus bounded evidence; weakest proof tier is bounded	(rewrite (WrapOp (EmptyZ) p) (EmptyZ))
zipper-descend:0135	rewrite	508	WrapOp	mixed	proved-bounded	eager_wrap_set_equiv,zipper_wrap_materialization_equiv,arbitrary_zipper_wrap_set_equiv,set_child_wrap_hit,set_terminal_wrap,wrap_unwrap_left_inverse_a,wrap_unwrap_left_inverse_b,wrap_unwrap_left_inverse_ab,wrap_unwrap_restriction_a,wrap_unwrap_restriction_b	mixed FOL plus bounded evidence; weakest proof tier is bounded	(rewrite (WrapOp z (Eps)) z)
zipper-descend:0136	rewrite	509	WrapOp,TrieZ	mixed	proved-bounded	eager_wrap_set_equiv,zipper_wrap_materialization_equiv,arbitrary_zipper_wrap_set_equiv,set_child_wrap_hit,set_terminal_wrap,wrap_unwrap_left_inverse_a,wrap_unwrap_left_inverse_b,wrap_unwrap_left_inverse_ab,wrap_unwrap_restriction_a,wrap_unwrap_restriction_b,zipper_base_terminal_equiv,zipper_base_child_equiv	mixed FOL plus bounded evidence; weakest proof tier is bounded	(rewrite (WrapOp (TrieZ (Singleton (Eps))) (Item item)) (TrieZ (Singleton (Item item))))
zipper-descend:0137	rewrite	510	WrapOp,TrieZ	mixed	proved-bounded	eager_wrap_set_equiv,zipper_wrap_materialization_equiv,arbitrary_zipper_wrap_set_equiv,set_child_wrap_hit,set_terminal_wrap,wrap_unwrap_left_inverse_a,wrap_unwrap_left_inverse_b,wrap_unwrap_left_inverse_ab,wrap_unwrap_restriction_a,wrap_unwrap_restriction_b,zipper_base_terminal_equiv,zipper_base_child_equiv	mixed FOL plus bounded evidence; weakest proof tier is bounded	(rewrite (WrapOp (TrieZ (Singleton (Item child))) (Item item)) (TrieZ (Singleton (Concat (Item item) (Item child)))))
zipper-descend:0138	rewrite	511	WrapOp,TrieZ	mixed	proved-bounded	eager_wrap_set_equiv,zipper_wrap_materialization_equiv,arbitrary_zipper_wrap_set_equiv,set_child_wrap_hit,set_terminal_wrap,wrap_unwrap_left_inverse_a,wrap_unwrap_left_inverse_b,wrap_unwrap_left_inverse_ab,wrap_unwrap_restriction_a,wrap_unwrap_restriction_b,zipper_base_terminal_equiv,zipper_base_child_equiv	mixed FOL plus bounded evidence; weakest proof tier is bounded	(rewrite (WrapOp (TrieZ (Singleton (Concat (Item child) rest))) (Item item)) (TrieZ (Singleton (Concat (Item item) (Concat (Item child) rest)))))
zipper-descend:0139	rewrite	512	UnwrapOp,EmptyZ	mixed	proved-bounded	eager_unwrap_set_equiv,zipper_unwrap_materialization_equiv,arbitrary_zipper_unwrap_set_equiv,set_child_unwrap_singleton,set_terminal_unwrap,wrap_unwrap_left_inverse_a,wrap_unwrap_left_inverse_b,wrap_unwrap_left_inverse_ab,unwrap_union,zipper_emptyz_empty_focus_fo,zipper_emptyz_nonterminal_fo,zipper_keyset_emptyz_fo	mixed FOL plus bounded evidence; weakest proof tier is bounded	(rewrite (UnwrapOp (EmptyZ) p) (EmptyZ))
zipper-descend:0140	rewrite	513	UnwrapOp	mixed	proved-bounded	eager_unwrap_set_equiv,zipper_unwrap_materialization_equiv,arbitrary_zipper_unwrap_set_equiv,set_child_unwrap_singleton,set_terminal_unwrap,wrap_unwrap_left_inverse_a,wrap_unwrap_left_inverse_b,wrap_unwrap_left_inverse_ab,unwrap_union	mixed FOL plus bounded evidence; weakest proof tier is bounded	(rewrite (UnwrapOp z (Eps)) z)
zipper-descend:0141	rewrite	514	NonEmptyOp,EmptyZ	mixed	proved-bounded	eager_nonempty_paths_set_equiv,zipper_nonempty_paths_materialization_equiv,arbitrary_zipper_nonempty_paths_set_equiv,set_child_nonempty_paths,set_terminal_nonempty_paths_empty,nonempty_empty,nonempty_epsilon_empty,nonempty_idempotent,nonempty_subset,nonempty_union,nonempty_child_a,nonempty_child_b,iteration_reconstruct_nonempty_source,zipper_emptyz_empty_focus_fo,zipper_emptyz_nonterminal_fo,zipper_keyset_emptyz_fo	mixed FOL plus bounded evidence; weakest proof tier is bounded	(rewrite (NonEmptyOp (EmptyZ)) (EmptyZ))
zipper-descend:0142	rewrite	515	NonEmptyOp,TrieZ,EmptyZ	mixed	proved-bounded	eager_nonempty_paths_set_equiv,zipper_nonempty_paths_materialization_equiv,arbitrary_zipper_nonempty_paths_set_equiv,set_child_nonempty_paths,set_terminal_nonempty_paths_empty,nonempty_empty,nonempty_epsilon_empty,nonempty_idempotent,nonempty_subset,nonempty_union,nonempty_child_a,nonempty_child_b,iteration_reconstruct_nonempty_source,zipper_base_terminal_equiv,zipper_base_child_equiv,zipper_emptyz_empty_focus_fo,zipper_emptyz_nonterminal_fo,zipper_keyset_emptyz_fo	mixed FOL plus bounded evidence; weakest proof tier is bounded	(rewrite (NonEmptyOp (TrieZ (Singleton (Eps)))) (EmptyZ))
zipper-descend:0143	rewrite	516	PrefixClosureOp,EmptyZ	mixed	proved-bounded	eager_prefix_closure_set_equiv,zipper_prefix_closure_materialization_equiv,arbitrary_zipper_prefix_closure_set_equiv,set_child_prefix_closure,set_terminal_prefix_closure_empty,prefix_closure_idempotent,prefix-closure-open:space_optimized_open,zipper_emptyz_empty_focus_fo,zipper_emptyz_nonterminal_fo,zipper_keyset_emptyz_fo	mixed FOL plus bounded evidence; weakest proof tier is bounded	(rewrite (PrefixClosureOp (EmptyZ)) (EmptyZ))
zipper-descend:0144	rewrite	517	SuffixClosureOp,EmptyZ	mixed	proved-bounded	eager_suffix_closure_set_equiv,zipper_suffix_closure_materialization_equiv,arbitrary_zipper_suffix_closure_set_equiv,set_child_suffix_closure_derivative,antimirov_suffix_frontier_state_child_fo,antimirov_suffix_frontier_nested_fo,set_terminal_suffix_closure_empty,suffix_closure_idempotent,suffix_closure_child_derivative_a,suffix_closure_child_derivative_b,suffix-closure-open:space_optimized_open,zipper_emptyz_empty_focus_fo,zipper_emptyz_nonterminal_fo,zipper_keyset_emptyz_fo	mixed FOL plus bounded evidence; weakest proof tier is bounded	(rewrite (SuffixClosureOp (EmptyZ)) (EmptyZ))
zipper-descend:0145	rewrite	518	TailsClosureOp,EmptyZ	mixed	proved-bounded	eager_tails_closure_set_equiv,zipper_tails_closure_materialization_equiv,arbitrary_zipper_tails_closure_set_equiv,set_child_tails_closure_derivative,antimirov_tails_frontier_state_child_fo,antimirov_tails_frontier_nested_fo,antimirov_tails_frontier_nested_a_b,set_tails_closure_definition_fo,tails_closure_idempotent,tails_closure_definition,child_tails_closure_derivative_a,child_tails_closure_derivative_b,tails_closure_unfold_base_or_step,suffix_closure_child_derivative_a,suffix_closure_child_derivative_b,tails-closure-open:space_optimized_open,zipper_emptyz_empty_focus_fo,zipper_emptyz_nonterminal_fo,zipper_keyset_emptyz_fo	mixed FOL plus bounded evidence; weakest proof tier is bounded	(rewrite (TailsClosureOp (EmptyZ)) (EmptyZ))
zipper-descend:0146	rewrite	519	RangeOp,EmptyZ	mixed	proved-bounded	set_range_full_sentinel,set_range_empty_one_one,eager_range_set_equiv,zipper_range_materialization_equiv,set_range_subset_fo,zipper_range_full_terminal_equiv,zipper_range_first_terminal_fo,set_range_first_child_terminal_empty_fo,set_range_first_child_selected_sound_fo,set_range_first_child_pruned_fo,set_range_last_child_selected_sound_fo,set_range_last_child_pruned_fo,set_range_drop_last_child_before_last_fo,set_range_drop_last_child_after_last_fo,range_empty_source_first,range_empty_source_last,range_empty_source_drop_last,range_first_wrap_a,range_last_wrap_a,range_drop_last_wrap_a,range_first_wrap_b,range_last_wrap_b,range_drop_last_wrap_b,range_first_wrap_ab,range_last_wrap_ab,range_drop_last_wrap_ab,range_first_subset,range_first_idempotent,range_last_idempotent,range_first_of_last,range_drop_last_of_first_empty,range_nested_first,range_nested_suffix_first,range_nested_suffix_offset,range_nested_last_last,range_positive_same_empty,range_positive_decreasing_empty,range_negative_same_empty,range_negative_decreasing_empty,range_last_subset,range_drop_last_subset,range_negative_window_subset,range_singleton_last_literal,range_singleton_drop_last_literal,range_singleton_negative_window_literal,range_nested_singleton_last_literal,range_item_union_first_literal,range_item_union_last_literal,range_item_union_drop_last_literal,range_drop_last_full_sentinel_literal,range_first_epsilon_literal,range_first_child_border_literal,range_first_child_full_literal,range_prunes_after_upper_border_literal,range_suffix_child_border_literal,range_last_border_literal,range_last_child_border_literal,range_last_prunes_earlier_head_literal,range_drop_last_border_literal,range_drop_last_child_border_literal,range_drop_last_prunes_last_head_literal,range_negative_window_border_literal,range_negative_window_child_border_literal,range_negative_window_prunes_last_head_literal,range_first_without_epsilon_literal,range_first_without_epsilon_child_literal,range_first_without_epsilon_prunes_later_child_literal,zipper_emptyz_empty_focus_fo,zipper_emptyz_nonterminal_fo,zipper_keyset_emptyz_fo	mixed FOL plus bounded evidence; weakest proof tier is bounded	(rewrite (RangeOp (EmptyZ) start end) (EmptyZ))
zipper-descend:0147	rewrite	520	RangeOp	mixed	proved-bounded	set_range_full_sentinel,set_range_empty_one_one,eager_range_set_equiv,zipper_range_materialization_equiv,set_range_subset_fo,zipper_range_full_terminal_equiv,zipper_range_first_terminal_fo,set_range_first_child_terminal_empty_fo,set_range_first_child_selected_sound_fo,set_range_first_child_pruned_fo,set_range_last_child_selected_sound_fo,set_range_last_child_pruned_fo,set_range_drop_last_child_before_last_fo,set_range_drop_last_child_after_last_fo,range_empty_source_first,range_empty_source_last,range_empty_source_drop_last,range_first_wrap_a,range_last_wrap_a,range_drop_last_wrap_a,range_first_wrap_b,range_last_wrap_b,range_drop_last_wrap_b,range_first_wrap_ab,range_last_wrap_ab,range_drop_last_wrap_ab,range_first_subset,range_first_idempotent,range_last_idempotent,range_first_of_last,range_drop_last_of_first_empty,range_nested_first,range_nested_suffix_first,range_nested_suffix_offset,range_nested_last_last,range_positive_same_empty,range_positive_decreasing_empty,range_negative_same_empty,range_negative_decreasing_empty,range_last_subset,range_drop_last_subset,range_negative_window_subset,range_singleton_last_literal,range_singleton_drop_last_literal,range_singleton_negative_window_literal,range_nested_singleton_last_literal,range_item_union_first_literal,range_item_union_last_literal,range_item_union_drop_last_literal,range_drop_last_full_sentinel_literal,range_first_epsilon_literal,range_first_child_border_literal,range_first_child_full_literal,range_prunes_after_upper_border_literal,range_suffix_child_border_literal,range_last_border_literal,range_last_child_border_literal,range_last_prunes_earlier_head_literal,range_drop_last_border_literal,range_drop_last_child_border_literal,range_drop_last_prunes_last_head_literal,range_negative_window_border_literal,range_negative_window_child_border_literal,range_negative_window_prunes_last_head_literal,range_first_without_epsilon_literal,range_first_without_epsilon_child_literal,range_first_without_epsilon_prunes_later_child_literal	mixed FOL plus bounded evidence; weakest proof tier is bounded	(rewrite (RangeOp z "0" "0") z)
zipper-descend:0148	rewrite	521	RangeOp,EmptyZ	mixed	proved-bounded	set_range_full_sentinel,set_range_empty_one_one,eager_range_set_equiv,zipper_range_materialization_equiv,set_range_subset_fo,zipper_range_full_terminal_equiv,zipper_range_first_terminal_fo,set_range_first_child_terminal_empty_fo,set_range_first_child_selected_sound_fo,set_range_first_child_pruned_fo,set_range_last_child_selected_sound_fo,set_range_last_child_pruned_fo,set_range_drop_last_child_before_last_fo,set_range_drop_last_child_after_last_fo,range_empty_source_first,range_empty_source_last,range_empty_source_drop_last,range_first_wrap_a,range_last_wrap_a,range_drop_last_wrap_a,range_first_wrap_b,range_last_wrap_b,range_drop_last_wrap_b,range_first_wrap_ab,range_last_wrap_ab,range_drop_last_wrap_ab,range_first_subset,range_first_idempotent,range_last_idempotent,range_first_of_last,range_drop_last_of_first_empty,range_nested_first,range_nested_suffix_first,range_nested_suffix_offset,range_nested_last_last,range_positive_same_empty,range_positive_decreasing_empty,range_negative_same_empty,range_negative_decreasing_empty,range_last_subset,range_drop_last_subset,range_negative_window_subset,range_singleton_last_literal,range_singleton_drop_last_literal,range_singleton_negative_window_literal,range_nested_singleton_last_literal,range_item_union_first_literal,range_item_union_last_literal,range_item_union_drop_last_literal,range_drop_last_full_sentinel_literal,range_first_epsilon_literal,range_first_child_border_literal,range_first_child_full_literal,range_prunes_after_upper_border_literal,range_suffix_child_border_literal,range_last_border_literal,range_last_child_border_literal,range_last_prunes_earlier_head_literal,range_drop_last_border_literal,range_drop_last_child_border_literal,range_drop_last_prunes_last_head_literal,range_negative_window_border_literal,range_negative_window_child_border_literal,range_negative_window_prunes_last_head_literal,range_first_without_epsilon_literal,range_first_without_epsilon_child_literal,range_first_without_epsilon_prunes_later_child_literal,zipper_emptyz_empty_focus_fo,zipper_emptyz_nonterminal_fo,zipper_keyset_emptyz_fo	mixed FOL plus bounded evidence; weakest proof tier is bounded	(rewrite (RangeOp z "1" "1") (EmptyZ))
zipper-descend:0149	rewrite	522	RangeOp,RangeFirstOp	mixed	proved-bounded	set_range_full_sentinel,set_range_empty_one_one,eager_range_set_equiv,zipper_range_materialization_equiv,set_range_subset_fo,zipper_range_full_terminal_equiv,zipper_range_first_terminal_fo,set_range_first_child_terminal_empty_fo,set_range_first_child_selected_sound_fo,set_range_first_child_pruned_fo,set_range_last_child_selected_sound_fo,set_range_last_child_pruned_fo,set_range_drop_last_child_before_last_fo,set_range_drop_last_child_after_last_fo,range_empty_source_first,range_empty_source_last,range_empty_source_drop_last,range_first_wrap_a,range_last_wrap_a,range_drop_last_wrap_a,range_first_wrap_b,range_last_wrap_b,range_drop_last_wrap_b,range_first_wrap_ab,range_last_wrap_ab,range_drop_last_wrap_ab,range_first_subset,range_first_idempotent,range_last_idempotent,range_first_of_last,range_drop_last_of_first_empty,range_nested_first,range_nested_suffix_first,range_nested_suffix_offset,range_nested_last_last,range_positive_same_empty,range_positive_decreasing_empty,range_negative_same_empty,range_negative_decreasing_empty,range_last_subset,range_drop_last_subset,range_negative_window_subset,range_singleton_last_literal,range_singleton_drop_last_literal,range_singleton_negative_window_literal,range_nested_singleton_last_literal,range_item_union_first_literal,range_item_union_last_literal,range_item_union_drop_last_literal,range_drop_last_full_sentinel_literal,range_first_epsilon_literal,range_first_child_border_literal,range_first_child_full_literal,range_prunes_after_upper_border_literal,range_suffix_child_border_literal,range_last_border_literal,range_last_child_border_literal,range_last_prunes_earlier_head_literal,range_drop_last_border_literal,range_drop_last_child_border_literal,range_drop_last_prunes_last_head_literal,range_negative_window_border_literal,range_negative_window_child_border_literal,range_negative_window_prunes_last_head_literal,range_first_without_epsilon_literal,range_first_without_epsilon_child_literal,range_first_without_epsilon_prunes_later_child_literal,zipper_range_first_materialization_equiv,set_range_first_terminal_fo	mixed FOL plus bounded evidence; weakest proof tier is bounded	(rewrite (RangeOp z "0" "1") (RangeFirstOp z))
zipper-descend:0150	rewrite	523	RangeOp,RangeLastOp	mixed	proved-bounded	set_range_full_sentinel,set_range_empty_one_one,eager_range_set_equiv,zipper_range_materialization_equiv,set_range_subset_fo,zipper_range_full_terminal_equiv,zipper_range_first_terminal_fo,set_range_first_child_terminal_empty_fo,set_range_first_child_selected_sound_fo,set_range_first_child_pruned_fo,set_range_last_child_selected_sound_fo,set_range_last_child_pruned_fo,set_range_drop_last_child_before_last_fo,set_range_drop_last_child_after_last_fo,range_empty_source_first,range_empty_source_last,range_empty_source_drop_last,range_first_wrap_a,range_last_wrap_a,range_drop_last_wrap_a,range_first_wrap_b,range_last_wrap_b,range_drop_last_wrap_b,range_first_wrap_ab,range_last_wrap_ab,range_drop_last_wrap_ab,range_first_subset,range_first_idempotent,range_last_idempotent,range_first_of_last,range_drop_last_of_first_empty,range_nested_first,range_nested_suffix_first,range_nested_suffix_offset,range_nested_last_last,range_positive_same_empty,range_positive_decreasing_empty,range_negative_same_empty,range_negative_decreasing_empty,range_last_subset,range_drop_last_subset,range_negative_window_subset,range_singleton_last_literal,range_singleton_drop_last_literal,range_singleton_negative_window_literal,range_nested_singleton_last_literal,range_item_union_first_literal,range_item_union_last_literal,range_item_union_drop_last_literal,range_drop_last_full_sentinel_literal,range_first_epsilon_literal,range_first_child_border_literal,range_first_child_full_literal,range_prunes_after_upper_border_literal,range_suffix_child_border_literal,range_last_border_literal,range_last_child_border_literal,range_last_prunes_earlier_head_literal,range_drop_last_border_literal,range_drop_last_child_border_literal,range_drop_last_prunes_last_head_literal,range_negative_window_border_literal,range_negative_window_child_border_literal,range_negative_window_prunes_last_head_literal,range_first_without_epsilon_literal,range_first_without_epsilon_child_literal,range_first_without_epsilon_prunes_later_child_literal,zipper_range_last_materialization_equiv	mixed FOL plus bounded evidence; weakest proof tier is bounded	(rewrite (RangeOp z "-1" "0") (RangeLastOp z))
zipper-descend:0151	rewrite	524	RangeOp,RangeDropLastOp	mixed	proved-bounded	set_range_full_sentinel,set_range_empty_one_one,eager_range_set_equiv,zipper_range_materialization_equiv,set_range_subset_fo,zipper_range_full_terminal_equiv,zipper_range_first_terminal_fo,set_range_first_child_terminal_empty_fo,set_range_first_child_selected_sound_fo,set_range_first_child_pruned_fo,set_range_last_child_selected_sound_fo,set_range_last_child_pruned_fo,set_range_drop_last_child_before_last_fo,set_range_drop_last_child_after_last_fo,range_empty_source_first,range_empty_source_last,range_empty_source_drop_last,range_first_wrap_a,range_last_wrap_a,range_drop_last_wrap_a,range_first_wrap_b,range_last_wrap_b,range_drop_last_wrap_b,range_first_wrap_ab,range_last_wrap_ab,range_drop_last_wrap_ab,range_first_subset,range_first_idempotent,range_last_idempotent,range_first_of_last,range_drop_last_of_first_empty,range_nested_first,range_nested_suffix_first,range_nested_suffix_offset,range_nested_last_last,range_positive_same_empty,range_positive_decreasing_empty,range_negative_same_empty,range_negative_decreasing_empty,range_last_subset,range_drop_last_subset,range_negative_window_subset,range_singleton_last_literal,range_singleton_drop_last_literal,range_singleton_negative_window_literal,range_nested_singleton_last_literal,range_item_union_first_literal,range_item_union_last_literal,range_item_union_drop_last_literal,range_drop_last_full_sentinel_literal,range_first_epsilon_literal,range_first_child_border_literal,range_first_child_full_literal,range_prunes_after_upper_border_literal,range_suffix_child_border_literal,range_last_border_literal,range_last_child_border_literal,range_last_prunes_earlier_head_literal,range_drop_last_border_literal,range_drop_last_child_border_literal,range_drop_last_prunes_last_head_literal,range_negative_window_border_literal,range_negative_window_child_border_literal,range_negative_window_prunes_last_head_literal,range_first_without_epsilon_literal,range_first_without_epsilon_child_literal,range_first_without_epsilon_prunes_later_child_literal,zipper_range_drop_last_materialization_equiv	mixed FOL plus bounded evidence; weakest proof tier is bounded	(rewrite (RangeOp z "0" "-1") (RangeDropLastOp z))
zipper-descend:0152	rewrite	525	RangeOp,RangeLastOp,RangeDropLastOp	mixed	proved-bounded	set_range_full_sentinel,set_range_empty_one_one,eager_range_set_equiv,zipper_range_materialization_equiv,set_range_subset_fo,zipper_range_full_terminal_equiv,zipper_range_first_terminal_fo,set_range_first_child_terminal_empty_fo,set_range_first_child_selected_sound_fo,set_range_first_child_pruned_fo,set_range_last_child_selected_sound_fo,set_range_last_child_pruned_fo,set_range_drop_last_child_before_last_fo,set_range_drop_last_child_after_last_fo,range_empty_source_first,range_empty_source_last,range_empty_source_drop_last,range_first_wrap_a,range_last_wrap_a,range_drop_last_wrap_a,range_first_wrap_b,range_last_wrap_b,range_drop_last_wrap_b,range_first_wrap_ab,range_last_wrap_ab,range_drop_last_wrap_ab,range_first_subset,range_first_idempotent,range_last_idempotent,range_first_of_last,range_drop_last_of_first_empty,range_nested_first,range_nested_suffix_first,range_nested_suffix_offset,range_nested_last_last,range_positive_same_empty,range_positive_decreasing_empty,range_negative_same_empty,range_negative_decreasing_empty,range_last_subset,range_drop_last_subset,range_negative_window_subset,range_singleton_last_literal,range_singleton_drop_last_literal,range_singleton_negative_window_literal,range_nested_singleton_last_literal,range_item_union_first_literal,range_item_union_last_literal,range_item_union_drop_last_literal,range_drop_last_full_sentinel_literal,range_first_epsilon_literal,range_first_child_border_literal,range_first_child_full_literal,range_prunes_after_upper_border_literal,range_suffix_child_border_literal,range_last_border_literal,range_last_child_border_literal,range_last_prunes_earlier_head_literal,range_drop_last_border_literal,range_drop_last_child_border_literal,range_drop_last_prunes_last_head_literal,range_negative_window_border_literal,range_negative_window_child_border_literal,range_negative_window_prunes_last_head_literal,range_first_without_epsilon_literal,range_first_without_epsilon_child_literal,range_first_without_epsilon_prunes_later_child_literal,zipper_range_last_materialization_equiv,zipper_range_drop_last_materialization_equiv	mixed FOL plus bounded evidence; weakest proof tier is bounded	(rewrite (RangeOp z "-2" "-1") (RangeLastOp (RangeDropLastOp z)))
zipper-descend:0153	rewrite	526	RangeFirstOp,EmptyZ	mixed	proved-bounded	set_range_full_sentinel,eager_range_set_equiv,zipper_range_first_materialization_equiv,set_range_subset_fo,set_range_first_terminal_fo,zipper_range_first_terminal_fo,set_range_first_child_terminal_empty_fo,set_range_first_child_selected_sound_fo,set_range_first_child_pruned_fo,range_empty_source_first,range_first_subset,range_first_wrap_a,range_first_wrap_b,range_first_wrap_ab,range_first_idempotent,range_first_of_last,range_drop_last_of_first_empty,range_first_epsilon_literal,range_item_union_first_literal,range_first_child_border_literal,range_prunes_after_upper_border_literal,range_first_without_epsilon_literal,range_first_without_epsilon_child_literal,range_first_without_epsilon_prunes_later_child_literal,zipper_emptyz_empty_focus_fo,zipper_emptyz_nonterminal_fo,zipper_keyset_emptyz_fo	mixed FOL plus bounded evidence; weakest proof tier is bounded	(rewrite (RangeFirstOp (EmptyZ)) (EmptyZ))
zipper-descend:0154	rewrite	527	RangeFirstOp,TrieZ	mixed	proved-bounded	set_range_full_sentinel,eager_range_set_equiv,zipper_range_first_materialization_equiv,set_range_subset_fo,set_range_first_terminal_fo,zipper_range_first_terminal_fo,set_range_first_child_terminal_empty_fo,set_range_first_child_selected_sound_fo,set_range_first_child_pruned_fo,range_empty_source_first,range_first_subset,range_first_wrap_a,range_first_wrap_b,range_first_wrap_ab,range_first_idempotent,range_first_of_last,range_drop_last_of_first_empty,range_first_epsilon_literal,range_item_union_first_literal,range_first_child_border_literal,range_prunes_after_upper_border_literal,range_first_without_epsilon_literal,range_first_without_epsilon_child_literal,range_first_without_epsilon_prunes_later_child_literal,zipper_base_terminal_equiv,zipper_base_child_equiv	mixed FOL plus bounded evidence; weakest proof tier is bounded	(rewrite (RangeFirstOp (TrieZ (Singleton p))) (TrieZ (Singleton p)))
zipper-descend:0155	rewrite	528	RangeFirstOp,TrieZ	mixed	proved-bounded	set_range_full_sentinel,eager_range_set_equiv,zipper_range_first_materialization_equiv,set_range_subset_fo,set_range_first_terminal_fo,zipper_range_first_terminal_fo,set_range_first_child_terminal_empty_fo,set_range_first_child_selected_sound_fo,set_range_first_child_pruned_fo,range_empty_source_first,range_first_subset,range_first_wrap_a,range_first_wrap_b,range_first_wrap_ab,range_first_idempotent,range_first_of_last,range_drop_last_of_first_empty,range_first_epsilon_literal,range_item_union_first_literal,range_first_child_border_literal,range_prunes_after_upper_border_literal,range_first_without_epsilon_literal,range_first_without_epsilon_child_literal,range_first_without_epsilon_prunes_later_child_literal,zipper_base_terminal_equiv,zipper_base_child_equiv	mixed FOL plus bounded evidence; weakest proof tier is bounded	(rewrite (RangeFirstOp (TrieZ (Union (Singleton (Eps)) rest))) (TrieZ (Singleton (Eps))))
zipper-descend:0156	rewrite	529	RangeFirstOp,TrieZ	mixed	proved-bounded	set_range_full_sentinel,eager_range_set_equiv,zipper_range_first_materialization_equiv,set_range_subset_fo,set_range_first_terminal_fo,zipper_range_first_terminal_fo,set_range_first_child_terminal_empty_fo,set_range_first_child_selected_sound_fo,set_range_first_child_pruned_fo,range_empty_source_first,range_first_subset,range_first_wrap_a,range_first_wrap_b,range_first_wrap_ab,range_first_idempotent,range_first_of_last,range_drop_last_of_first_empty,range_first_epsilon_literal,range_item_union_first_literal,range_first_child_border_literal,range_prunes_after_upper_border_literal,range_first_without_epsilon_literal,range_first_without_epsilon_child_literal,range_first_without_epsilon_prunes_later_child_literal,zipper_base_terminal_equiv,zipper_base_child_equiv	mixed FOL plus bounded evidence; weakest proof tier is bounded	(rewrite (RangeFirstOp (TrieZ (Union rest (Singleton (Eps))))) (TrieZ (Singleton (Eps))))
zipper-descend:0157	rewrite	530	RangeFirstOp,TrieZ,ordered-before	mixed	proved-bounded	set_range_full_sentinel,eager_range_set_equiv,zipper_range_first_materialization_equiv,set_range_subset_fo,set_range_first_terminal_fo,zipper_range_first_terminal_fo,set_range_first_child_terminal_empty_fo,set_range_first_child_selected_sound_fo,set_range_first_child_pruned_fo,range_empty_source_first,range_first_subset,range_first_wrap_a,range_first_wrap_b,range_first_wrap_ab,range_first_idempotent,range_first_of_last,range_drop_last_of_first_empty,range_first_epsilon_literal,range_item_union_first_literal,range_first_child_border_literal,range_prunes_after_upper_border_literal,range_first_without_epsilon_literal,range_first_without_epsilon_child_literal,range_first_without_epsilon_prunes_later_child_literal,zipper_base_terminal_equiv,zipper_base_child_equiv	mixed FOL plus bounded evidence; weakest proof tier is bounded	(rewrite (RangeFirstOp (TrieZ (Union (Singleton (Concat (Item left) left-tail)) (Singleton (Concat (Item right) right-tail))))) (TrieZ (Singleton (Concat (Item left) left-tail))) :when ((ordered-before left right)))
zipper-descend:0158	rewrite	533	RangeFirstOp,TrieZ,ordered-before	mixed	proved-bounded	set_range_full_sentinel,eager_range_set_equiv,zipper_range_first_materialization_equiv,set_range_subset_fo,set_range_first_terminal_fo,zipper_range_first_terminal_fo,set_range_first_child_terminal_empty_fo,set_range_first_child_selected_sound_fo,set_range_first_child_pruned_fo,range_empty_source_first,range_first_subset,range_first_wrap_a,range_first_wrap_b,range_first_wrap_ab,range_first_idempotent,range_first_of_last,range_drop_last_of_first_empty,range_first_epsilon_literal,range_item_union_first_literal,range_first_child_border_literal,range_prunes_after_upper_border_literal,range_first_without_epsilon_literal,range_first_without_epsilon_child_literal,range_first_without_epsilon_prunes_later_child_literal,zipper_base_terminal_equiv,zipper_base_child_equiv	mixed FOL plus bounded evidence; weakest proof tier is bounded	(rewrite (RangeFirstOp (TrieZ (Union (Singleton (Concat (Item left) left-tail)) (Singleton (Concat (Item right) right-tail))))) (TrieZ (Singleton (Concat (Item right) right-tail))) :when ((ordered-before right left)))
zipper-descend:0159	rewrite	536	RangeFirstOp,TrieZ,ordered-before	mixed	proved-bounded	set_range_full_sentinel,eager_range_set_equiv,zipper_range_first_materialization_equiv,set_range_subset_fo,set_range_first_terminal_fo,zipper_range_first_terminal_fo,set_range_first_child_terminal_empty_fo,set_range_first_child_selected_sound_fo,set_range_first_child_pruned_fo,range_empty_source_first,range_first_subset,range_first_wrap_a,range_first_wrap_b,range_first_wrap_ab,range_first_idempotent,range_first_of_last,range_drop_last_of_first_empty,range_first_epsilon_literal,range_item_union_first_literal,range_first_child_border_literal,range_prunes_after_upper_border_literal,range_first_without_epsilon_literal,range_first_without_epsilon_child_literal,range_first_without_epsilon_prunes_later_child_literal,zipper_base_terminal_equiv,zipper_base_child_equiv	mixed FOL plus bounded evidence; weakest proof tier is bounded	(rewrite (RangeFirstOp (TrieZ (Union (Singleton (Item left)) (Singleton (Item right))))) (TrieZ (Singleton (Item left))) :when ((ordered-before left right)))
zipper-descend:0160	rewrite	539	RangeFirstOp,TrieZ,ordered-before	mixed	proved-bounded	set_range_full_sentinel,eager_range_set_equiv,zipper_range_first_materialization_equiv,set_range_subset_fo,set_range_first_terminal_fo,zipper_range_first_terminal_fo,set_range_first_child_terminal_empty_fo,set_range_first_child_selected_sound_fo,set_range_first_child_pruned_fo,range_empty_source_first,range_first_subset,range_first_wrap_a,range_first_wrap_b,range_first_wrap_ab,range_first_idempotent,range_first_of_last,range_drop_last_of_first_empty,range_first_epsilon_literal,range_item_union_first_literal,range_first_child_border_literal,range_prunes_after_upper_border_literal,range_first_without_epsilon_literal,range_first_without_epsilon_child_literal,range_first_without_epsilon_prunes_later_child_literal,zipper_base_terminal_equiv,zipper_base_child_equiv	mixed FOL plus bounded evidence; weakest proof tier is bounded	(rewrite (RangeFirstOp (TrieZ (Union (Singleton (Item left)) (Singleton (Item right))))) (TrieZ (Singleton (Item right))) :when ((ordered-before right left)))
zipper-descend:0161	rewrite	542	RangeLastOp,EmptyZ	mixed	proved-bounded	eager_range_set_equiv,zipper_range_last_materialization_equiv,set_range_subset_fo,set_range_last_child_selected_sound_fo,set_range_last_child_pruned_fo,range_empty_source_last,range_last_subset,range_last_idempotent,range_last_wrap_a,range_last_wrap_b,range_last_wrap_ab,range_first_of_last,range_singleton_last_literal,range_nested_singleton_last_literal,range_item_union_last_literal,range_last_border_literal,range_last_child_border_literal,range_last_prunes_earlier_head_literal,range_negative_window_border_literal,range_negative_window_child_border_literal,range_negative_window_prunes_last_head_literal,zipper_emptyz_empty_focus_fo,zipper_emptyz_nonterminal_fo,zipper_keyset_emptyz_fo	mixed FOL plus bounded evidence; weakest proof tier is bounded	(rewrite (RangeLastOp (EmptyZ)) (EmptyZ))
zipper-descend:0162	rewrite	543	RangeLastOp,TrieZ	mixed	proved-bounded	eager_range_set_equiv,zipper_range_last_materialization_equiv,set_range_subset_fo,set_range_last_child_selected_sound_fo,set_range_last_child_pruned_fo,range_empty_source_last,range_last_subset,range_last_idempotent,range_last_wrap_a,range_last_wrap_b,range_last_wrap_ab,range_first_of_last,range_singleton_last_literal,range_nested_singleton_last_literal,range_item_union_last_literal,range_last_border_literal,range_last_child_border_literal,range_last_prunes_earlier_head_literal,range_negative_window_border_literal,range_negative_window_child_border_literal,range_negative_window_prunes_last_head_literal,zipper_base_terminal_equiv,zipper_base_child_equiv	mixed FOL plus bounded evidence; weakest proof tier is bounded	(rewrite (RangeLastOp (TrieZ (Singleton p))) (TrieZ (Singleton p)))
zipper-descend:0163	rewrite	544	RangeLastOp,TrieZ	mixed	proved-bounded	eager_range_set_equiv,zipper_range_last_materialization_equiv,set_range_subset_fo,set_range_last_child_selected_sound_fo,set_range_last_child_pruned_fo,range_empty_source_last,range_last_subset,range_last_idempotent,range_last_wrap_a,range_last_wrap_b,range_last_wrap_ab,range_first_of_last,range_singleton_last_literal,range_nested_singleton_last_literal,range_item_union_last_literal,range_last_border_literal,range_last_child_border_literal,range_last_prunes_earlier_head_literal,range_negative_window_border_literal,range_negative_window_child_border_literal,range_negative_window_prunes_last_head_literal,zipper_base_terminal_equiv,zipper_base_child_equiv	mixed FOL plus bounded evidence; weakest proof tier is bounded	(rewrite (RangeLastOp (TrieZ (Union (Singleton (Eps)) (Singleton p)))) (TrieZ (Singleton p)))
zipper-descend:0164	rewrite	545	RangeLastOp,TrieZ	mixed	proved-bounded	eager_range_set_equiv,zipper_range_last_materialization_equiv,set_range_subset_fo,set_range_last_child_selected_sound_fo,set_range_last_child_pruned_fo,range_empty_source_last,range_last_subset,range_last_idempotent,range_last_wrap_a,range_last_wrap_b,range_last_wrap_ab,range_first_of_last,range_singleton_last_literal,range_nested_singleton_last_literal,range_item_union_last_literal,range_last_border_literal,range_last_child_border_literal,range_last_prunes_earlier_head_literal,range_negative_window_border_literal,range_negative_window_child_border_literal,range_negative_window_prunes_last_head_literal,zipper_base_terminal_equiv,zipper_base_child_equiv	mixed FOL plus bounded evidence; weakest proof tier is bounded	(rewrite (RangeLastOp (TrieZ (Union (Singleton p) (Singleton (Eps))))) (TrieZ (Singleton p)))
zipper-descend:0165	rewrite	546	RangeLastOp,TrieZ,nonempty-focus	mixed	proved-bounded	eager_range_set_equiv,zipper_range_last_materialization_equiv,set_range_subset_fo,set_range_last_child_selected_sound_fo,set_range_last_child_pruned_fo,range_empty_source_last,range_last_subset,range_last_idempotent,range_last_wrap_a,range_last_wrap_b,range_last_wrap_ab,range_first_of_last,range_singleton_last_literal,range_nested_singleton_last_literal,range_item_union_last_literal,range_last_border_literal,range_last_child_border_literal,range_last_prunes_earlier_head_literal,range_negative_window_border_literal,range_negative_window_child_border_literal,range_negative_window_prunes_last_head_literal,zipper_base_terminal_equiv,zipper_base_child_equiv	mixed FOL plus bounded evidence; weakest proof tier is bounded	(rewrite (RangeLastOp (TrieZ (Union (Singleton (Eps)) rest))) (RangeLastOp (TrieZ rest)) :when ((nonempty-focus (TrieZ rest))))
zipper-descend:0166	rewrite	548	RangeLastOp,TrieZ,nonempty-focus	mixed	proved-bounded	eager_range_set_equiv,zipper_range_last_materialization_equiv,set_range_subset_fo,set_range_last_child_selected_sound_fo,set_range_last_child_pruned_fo,range_empty_source_last,range_last_subset,range_last_idempotent,range_last_wrap_a,range_last_wrap_b,range_last_wrap_ab,range_first_of_last,range_singleton_last_literal,range_nested_singleton_last_literal,range_item_union_last_literal,range_last_border_literal,range_last_child_border_literal,range_last_prunes_earlier_head_literal,range_negative_window_border_literal,range_negative_window_child_border_literal,range_negative_window_prunes_last_head_literal,zipper_base_terminal_equiv,zipper_base_child_equiv	mixed FOL plus bounded evidence; weakest proof tier is bounded	(rewrite (RangeLastOp (TrieZ (Union rest (Singleton (Eps))))) (RangeLastOp (TrieZ rest)) :when ((nonempty-focus (TrieZ rest))))
zipper-descend:0167	rewrite	570	RangeLastOp,TrieZ,ordered-before	mixed	proved-bounded	eager_range_set_equiv,zipper_range_last_materialization_equiv,set_range_subset_fo,set_range_last_child_selected_sound_fo,set_range_last_child_pruned_fo,range_empty_source_last,range_last_subset,range_last_idempotent,range_last_wrap_a,range_last_wrap_b,range_last_wrap_ab,range_first_of_last,range_singleton_last_literal,range_nested_singleton_last_literal,range_item_union_last_literal,range_last_border_literal,range_last_child_border_literal,range_last_prunes_earlier_head_literal,range_negative_window_border_literal,range_negative_window_child_border_literal,range_negative_window_prunes_last_head_literal,zipper_base_terminal_equiv,zipper_base_child_equiv	mixed FOL plus bounded evidence; weakest proof tier is bounded	(rewrite (RangeLastOp (TrieZ (Union (Singleton (Concat (Item left) left-tail)) (Singleton (Concat (Item right) right-tail))))) (TrieZ (Singleton (Concat (Item right) right-tail))) :when ((ordered-before left right)))
zipper-descend:0168	rewrite	573	RangeLastOp,TrieZ,ordered-before	mixed	proved-bounded	eager_range_set_equiv,zipper_range_last_materialization_equiv,set_range_subset_fo,set_range_last_child_selected_sound_fo,set_range_last_child_pruned_fo,range_empty_source_last,range_last_subset,range_last_idempotent,range_last_wrap_a,range_last_wrap_b,range_last_wrap_ab,range_first_of_last,range_singleton_last_literal,range_nested_singleton_last_literal,range_item_union_last_literal,range_last_border_literal,range_last_child_border_literal,range_last_prunes_earlier_head_literal,range_negative_window_border_literal,range_negative_window_child_border_literal,range_negative_window_prunes_last_head_literal,zipper_base_terminal_equiv,zipper_base_child_equiv	mixed FOL plus bounded evidence; weakest proof tier is bounded	(rewrite (RangeLastOp (TrieZ (Union (Singleton (Concat (Item left) left-tail)) (Singleton (Concat (Item right) right-tail))))) (TrieZ (Singleton (Concat (Item left) left-tail))) :when ((ordered-before right left)))
zipper-descend:0169	rewrite	576	RangeLastOp,TrieZ,ordered-before	mixed	proved-bounded	eager_range_set_equiv,zipper_range_last_materialization_equiv,set_range_subset_fo,set_range_last_child_selected_sound_fo,set_range_last_child_pruned_fo,range_empty_source_last,range_last_subset,range_last_idempotent,range_last_wrap_a,range_last_wrap_b,range_last_wrap_ab,range_first_of_last,range_singleton_last_literal,range_nested_singleton_last_literal,range_item_union_last_literal,range_last_border_literal,range_last_child_border_literal,range_last_prunes_earlier_head_literal,range_negative_window_border_literal,range_negative_window_child_border_literal,range_negative_window_prunes_last_head_literal,zipper_base_terminal_equiv,zipper_base_child_equiv	mixed FOL plus bounded evidence; weakest proof tier is bounded	(rewrite (RangeLastOp (TrieZ (Union (Singleton (Item left)) (Singleton (Item right))))) (TrieZ (Singleton (Item right))) :when ((ordered-before left right)))
zipper-descend:0170	rewrite	579	RangeLastOp,TrieZ,ordered-before	mixed	proved-bounded	eager_range_set_equiv,zipper_range_last_materialization_equiv,set_range_subset_fo,set_range_last_child_selected_sound_fo,set_range_last_child_pruned_fo,range_empty_source_last,range_last_subset,range_last_idempotent,range_last_wrap_a,range_last_wrap_b,range_last_wrap_ab,range_first_of_last,range_singleton_last_literal,range_nested_singleton_last_literal,range_item_union_last_literal,range_last_border_literal,range_last_child_border_literal,range_last_prunes_earlier_head_literal,range_negative_window_border_literal,range_negative_window_child_border_literal,range_negative_window_prunes_last_head_literal,zipper_base_terminal_equiv,zipper_base_child_equiv	mixed FOL plus bounded evidence; weakest proof tier is bounded	(rewrite (RangeLastOp (TrieZ (Union (Singleton (Item left)) (Singleton (Item right))))) (TrieZ (Singleton (Item left))) :when ((ordered-before right left)))
zipper-descend:0171	rewrite	582	RangeDropLastOp,EmptyZ	mixed	proved-bounded	eager_range_set_equiv,zipper_range_drop_last_materialization_equiv,set_range_subset_fo,set_range_drop_last_child_before_last_fo,set_range_drop_last_child_after_last_fo,range_empty_source_drop_last,range_drop_last_subset,range_drop_last_wrap_a,range_drop_last_wrap_b,range_drop_last_wrap_ab,range_drop_last_of_first_empty,range_singleton_drop_last_literal,range_item_union_drop_last_literal,range_drop_last_full_sentinel_literal,range_drop_last_border_literal,range_drop_last_child_border_literal,range_drop_last_prunes_last_head_literal,zipper_emptyz_empty_focus_fo,zipper_emptyz_nonterminal_fo,zipper_keyset_emptyz_fo	mixed FOL plus bounded evidence; weakest proof tier is bounded	(rewrite (RangeDropLastOp (EmptyZ)) (EmptyZ))
zipper-descend:0172	rewrite	583	RangeDropLastOp,TrieZ,EmptyZ	mixed	proved-bounded	eager_range_set_equiv,zipper_range_drop_last_materialization_equiv,set_range_subset_fo,set_range_drop_last_child_before_last_fo,set_range_drop_last_child_after_last_fo,range_empty_source_drop_last,range_drop_last_subset,range_drop_last_wrap_a,range_drop_last_wrap_b,range_drop_last_wrap_ab,range_drop_last_of_first_empty,range_singleton_drop_last_literal,range_item_union_drop_last_literal,range_drop_last_full_sentinel_literal,range_drop_last_border_literal,range_drop_last_child_border_literal,range_drop_last_prunes_last_head_literal,zipper_base_terminal_equiv,zipper_base_child_equiv,zipper_emptyz_empty_focus_fo,zipper_emptyz_nonterminal_fo,zipper_keyset_emptyz_fo	mixed FOL plus bounded evidence; weakest proof tier is bounded	(rewrite (RangeDropLastOp (TrieZ (Singleton p))) (EmptyZ))
zipper-descend:0173	rewrite	584	RangeDropLastOp,TrieZ	mixed	proved-bounded	eager_range_set_equiv,zipper_range_drop_last_materialization_equiv,set_range_subset_fo,set_range_drop_last_child_before_last_fo,set_range_drop_last_child_after_last_fo,range_empty_source_drop_last,range_drop_last_subset,range_drop_last_wrap_a,range_drop_last_wrap_b,range_drop_last_wrap_ab,range_drop_last_of_first_empty,range_singleton_drop_last_literal,range_item_union_drop_last_literal,range_drop_last_full_sentinel_literal,range_drop_last_border_literal,range_drop_last_child_border_literal,range_drop_last_prunes_last_head_literal,zipper_base_terminal_equiv,zipper_base_child_equiv	mixed FOL plus bounded evidence; weakest proof tier is bounded	(rewrite (RangeDropLastOp (TrieZ (Union (Singleton (Eps)) (Singleton (Item item))))) (TrieZ (Singleton (Eps))))
zipper-descend:0174	rewrite	585	RangeDropLastOp,TrieZ	mixed	proved-bounded	eager_range_set_equiv,zipper_range_drop_last_materialization_equiv,set_range_subset_fo,set_range_drop_last_child_before_last_fo,set_range_drop_last_child_after_last_fo,range_empty_source_drop_last,range_drop_last_subset,range_drop_last_wrap_a,range_drop_last_wrap_b,range_drop_last_wrap_ab,range_drop_last_of_first_empty,range_singleton_drop_last_literal,range_item_union_drop_last_literal,range_drop_last_full_sentinel_literal,range_drop_last_border_literal,range_drop_last_child_border_literal,range_drop_last_prunes_last_head_literal,zipper_base_terminal_equiv,zipper_base_child_equiv	mixed FOL plus bounded evidence; weakest proof tier is bounded	(rewrite (RangeDropLastOp (TrieZ (Union (Singleton (Item item)) (Singleton (Eps))))) (TrieZ (Singleton (Eps))))
zipper-descend:0175	rewrite	586	RangeDropLastOp,TrieZ	mixed	proved-bounded	eager_range_set_equiv,zipper_range_drop_last_materialization_equiv,set_range_subset_fo,set_range_drop_last_child_before_last_fo,set_range_drop_last_child_after_last_fo,range_empty_source_drop_last,range_drop_last_subset,range_drop_last_wrap_a,range_drop_last_wrap_b,range_drop_last_wrap_ab,range_drop_last_of_first_empty,range_singleton_drop_last_literal,range_item_union_drop_last_literal,range_drop_last_full_sentinel_literal,range_drop_last_border_literal,range_drop_last_child_border_literal,range_drop_last_prunes_last_head_literal,zipper_base_terminal_equiv,zipper_base_child_equiv	mixed FOL plus bounded evidence; weakest proof tier is bounded	(rewrite (RangeDropLastOp (TrieZ (Union (Singleton (Eps)) (Singleton (Concat (Item item) rest))))) (TrieZ (Singleton (Eps))))
zipper-descend:0176	rewrite	587	RangeDropLastOp,TrieZ	mixed	proved-bounded	eager_range_set_equiv,zipper_range_drop_last_materialization_equiv,set_range_subset_fo,set_range_drop_last_child_before_last_fo,set_range_drop_last_child_after_last_fo,range_empty_source_drop_last,range_drop_last_subset,range_drop_last_wrap_a,range_drop_last_wrap_b,range_drop_last_wrap_ab,range_drop_last_of_first_empty,range_singleton_drop_last_literal,range_item_union_drop_last_literal,range_drop_last_full_sentinel_literal,range_drop_last_border_literal,range_drop_last_child_border_literal,range_drop_last_prunes_last_head_literal,zipper_base_terminal_equiv,zipper_base_child_equiv	mixed FOL plus bounded evidence; weakest proof tier is bounded	(rewrite (RangeDropLastOp (TrieZ (Union (Singleton (Concat (Item item) rest)) (Singleton (Eps))))) (TrieZ (Singleton (Eps))))
zipper-descend:0177	rewrite	588	RangeDropLastOp,TrieZ,ordered-before	mixed	proved-bounded	eager_range_set_equiv,zipper_range_drop_last_materialization_equiv,set_range_subset_fo,set_range_drop_last_child_before_last_fo,set_range_drop_last_child_after_last_fo,range_empty_source_drop_last,range_drop_last_subset,range_drop_last_wrap_a,range_drop_last_wrap_b,range_drop_last_wrap_ab,range_drop_last_of_first_empty,range_singleton_drop_last_literal,range_item_union_drop_last_literal,range_drop_last_full_sentinel_literal,range_drop_last_border_literal,range_drop_last_child_border_literal,range_drop_last_prunes_last_head_literal,zipper_base_terminal_equiv,zipper_base_child_equiv	mixed FOL plus bounded evidence; weakest proof tier is bounded	(rewrite (RangeDropLastOp (TrieZ (Union (Singleton (Item left)) (Singleton (Item right))))) (TrieZ (Singleton (Item left))) :when ((ordered-before left right)))
zipper-descend:0178	rewrite	591	RangeDropLastOp,TrieZ,ordered-before	mixed	proved-bounded	eager_range_set_equiv,zipper_range_drop_last_materialization_equiv,set_range_subset_fo,set_range_drop_last_child_before_last_fo,set_range_drop_last_child_after_last_fo,range_empty_source_drop_last,range_drop_last_subset,range_drop_last_wrap_a,range_drop_last_wrap_b,range_drop_last_wrap_ab,range_drop_last_of_first_empty,range_singleton_drop_last_literal,range_item_union_drop_last_literal,range_drop_last_full_sentinel_literal,range_drop_last_border_literal,range_drop_last_child_border_literal,range_drop_last_prunes_last_head_literal,zipper_base_terminal_equiv,zipper_base_child_equiv	mixed FOL plus bounded evidence; weakest proof tier is bounded	(rewrite (RangeDropLastOp (TrieZ (Union (Singleton (Item left)) (Singleton (Item right))))) (TrieZ (Singleton (Item right))) :when ((ordered-before right left)))
zipper-descend:0179	rewrite	678	UnionOp,RangeFirstOp,first-head,ordered-before	mixed	proved-bounded	zipper_union_terminal_equiv,zipper_union_child_equiv,set_child_union_fo,set_union_idempotent_fo,set_union_associative_fo,child_union_a,child_union_b,child_same_head_union_a,child_same_head_union_b,union_idempotent,union_associative,set_range_full_sentinel,eager_range_set_equiv,zipper_range_first_materialization_equiv,set_range_subset_fo,set_range_first_terminal_fo,zipper_range_first_terminal_fo,set_range_first_child_terminal_empty_fo,set_range_first_child_selected_sound_fo,set_range_first_child_pruned_fo,range_empty_source_first,range_first_subset,range_first_wrap_a,range_first_wrap_b,range_first_wrap_ab,range_first_idempotent,range_first_of_last,range_drop_last_of_first_empty,range_first_epsilon_literal,range_item_union_first_literal,range_first_child_border_literal,range_prunes_after_upper_border_literal,range_first_without_epsilon_literal,range_first_without_epsilon_child_literal,range_first_without_epsilon_prunes_later_child_literal	mixed FOL plus bounded evidence; weakest proof tier is bounded	(rewrite (RangeFirstOp (UnionOp left right)) (RangeFirstOp left) :when ((first-head left left-key) (first-head right right-key) (ordered-before left-key right-key)))
zipper-descend:0180	rewrite	680	UnionOp,RangeFirstOp,first-head,ordered-before	mixed	proved-bounded	zipper_union_terminal_equiv,zipper_union_child_equiv,set_child_union_fo,set_union_idempotent_fo,set_union_associative_fo,child_union_a,child_union_b,child_same_head_union_a,child_same_head_union_b,union_idempotent,union_associative,set_range_full_sentinel,eager_range_set_equiv,zipper_range_first_materialization_equiv,set_range_subset_fo,set_range_first_terminal_fo,zipper_range_first_terminal_fo,set_range_first_child_terminal_empty_fo,set_range_first_child_selected_sound_fo,set_range_first_child_pruned_fo,range_empty_source_first,range_first_subset,range_first_wrap_a,range_first_wrap_b,range_first_wrap_ab,range_first_idempotent,range_first_of_last,range_drop_last_of_first_empty,range_first_epsilon_literal,range_item_union_first_literal,range_first_child_border_literal,range_prunes_after_upper_border_literal,range_first_without_epsilon_literal,range_first_without_epsilon_child_literal,range_first_without_epsilon_prunes_later_child_literal	mixed FOL plus bounded evidence; weakest proof tier is bounded	(rewrite (RangeFirstOp (UnionOp left right)) (RangeFirstOp right) :when ((first-head left left-key) (first-head right right-key) (ordered-before right-key left-key)))
zipper-descend:0181	rewrite	682	UnionOp,RangeLastOp,last-head,ordered-before	mixed	proved-bounded	zipper_union_terminal_equiv,zipper_union_child_equiv,set_child_union_fo,set_union_idempotent_fo,set_union_associative_fo,child_union_a,child_union_b,child_same_head_union_a,child_same_head_union_b,union_idempotent,union_associative,eager_range_set_equiv,zipper_range_last_materialization_equiv,set_range_subset_fo,set_range_last_child_selected_sound_fo,set_range_last_child_pruned_fo,range_empty_source_last,range_last_subset,range_last_idempotent,range_last_wrap_a,range_last_wrap_b,range_last_wrap_ab,range_first_of_last,range_singleton_last_literal,range_nested_singleton_last_literal,range_item_union_last_literal,range_last_border_literal,range_last_child_border_literal,range_last_prunes_earlier_head_literal,range_negative_window_border_literal,range_negative_window_child_border_literal,range_negative_window_prunes_last_head_literal	mixed FOL plus bounded evidence; weakest proof tier is bounded	(rewrite (RangeLastOp (UnionOp left right)) (RangeLastOp right) :when ((last-head left left-key) (last-head right right-key) (ordered-before left-key right-key)))
zipper-descend:0182	rewrite	684	UnionOp,RangeLastOp,last-head,ordered-before	mixed	proved-bounded	zipper_union_terminal_equiv,zipper_union_child_equiv,set_child_union_fo,set_union_idempotent_fo,set_union_associative_fo,child_union_a,child_union_b,child_same_head_union_a,child_same_head_union_b,union_idempotent,union_associative,eager_range_set_equiv,zipper_range_last_materialization_equiv,set_range_subset_fo,set_range_last_child_selected_sound_fo,set_range_last_child_pruned_fo,range_empty_source_last,range_last_subset,range_last_idempotent,range_last_wrap_a,range_last_wrap_b,range_last_wrap_ab,range_first_of_last,range_singleton_last_literal,range_nested_singleton_last_literal,range_item_union_last_literal,range_last_border_literal,range_last_child_border_literal,range_last_prunes_earlier_head_literal,range_negative_window_border_literal,range_negative_window_child_border_literal,range_negative_window_prunes_last_head_literal	mixed FOL plus bounded evidence; weakest proof tier is bounded	(rewrite (RangeLastOp (UnionOp left right)) (RangeLastOp left) :when ((last-head left left-key) (last-head right right-key) (ordered-before right-key left-key)))
zipper-descend:0183	rewrite	686	UnionOp,RangeDropLastOp,last-head,ordered-before	mixed	proved-bounded	zipper_union_terminal_equiv,zipper_union_child_equiv,set_child_union_fo,set_union_idempotent_fo,set_union_associative_fo,child_union_a,child_union_b,child_same_head_union_a,child_same_head_union_b,union_idempotent,union_associative,eager_range_set_equiv,zipper_range_drop_last_materialization_equiv,set_range_subset_fo,set_range_drop_last_child_before_last_fo,set_range_drop_last_child_after_last_fo,range_empty_source_drop_last,range_drop_last_subset,range_drop_last_wrap_a,range_drop_last_wrap_b,range_drop_last_wrap_ab,range_drop_last_of_first_empty,range_singleton_drop_last_literal,range_item_union_drop_last_literal,range_drop_last_full_sentinel_literal,range_drop_last_border_literal,range_drop_last_child_border_literal,range_drop_last_prunes_last_head_literal	mixed FOL plus bounded evidence; weakest proof tier is bounded	(rewrite (RangeDropLastOp (UnionOp left right)) (UnionOp left (RangeDropLastOp right)) :when ((last-head left left-key) (last-head right right-key) (ordered-before left-key right-key)))
zipper-descend:0184	rewrite	688	UnionOp,RangeDropLastOp,last-head,ordered-before	mixed	proved-bounded	zipper_union_terminal_equiv,zipper_union_child_equiv,set_child_union_fo,set_union_idempotent_fo,set_union_associative_fo,child_union_a,child_union_b,child_same_head_union_a,child_same_head_union_b,union_idempotent,union_associative,eager_range_set_equiv,zipper_range_drop_last_materialization_equiv,set_range_subset_fo,set_range_drop_last_child_before_last_fo,set_range_drop_last_child_after_last_fo,range_empty_source_drop_last,range_drop_last_subset,range_drop_last_wrap_a,range_drop_last_wrap_b,range_drop_last_wrap_ab,range_drop_last_of_first_empty,range_singleton_drop_last_literal,range_item_union_drop_last_literal,range_drop_last_full_sentinel_literal,range_drop_last_border_literal,range_drop_last_child_border_literal,range_drop_last_prunes_last_head_literal	mixed FOL plus bounded evidence; weakest proof tier is bounded	(rewrite (RangeDropLastOp (UnionOp left right)) (UnionOp (RangeDropLastOp left) right) :when ((last-head left left-key) (last-head right right-key) (ordered-before right-key left-key)))
zipper-descend:0185	rewrite	690	WrapOp,RangeFirstOp	mixed	proved-bounded	eager_wrap_set_equiv,zipper_wrap_materialization_equiv,arbitrary_zipper_wrap_set_equiv,set_child_wrap_hit,set_terminal_wrap,wrap_unwrap_left_inverse_a,wrap_unwrap_left_inverse_b,wrap_unwrap_left_inverse_ab,wrap_unwrap_restriction_a,wrap_unwrap_restriction_b,set_range_full_sentinel,eager_range_set_equiv,zipper_range_first_materialization_equiv,set_range_subset_fo,set_range_first_terminal_fo,zipper_range_first_terminal_fo,set_range_first_child_terminal_empty_fo,set_range_first_child_selected_sound_fo,set_range_first_child_pruned_fo,range_empty_source_first,range_first_subset,range_first_wrap_a,range_first_wrap_b,range_first_wrap_ab,range_first_idempotent,range_first_of_last,range_drop_last_of_first_empty,range_first_epsilon_literal,range_item_union_first_literal,range_first_child_border_literal,range_prunes_after_upper_border_literal,range_first_without_epsilon_literal,range_first_without_epsilon_child_literal,range_first_without_epsilon_prunes_later_child_literal	mixed FOL plus bounded evidence; weakest proof tier is bounded	(rewrite (RangeFirstOp (WrapOp src prefix)) (WrapOp (RangeFirstOp src) prefix))
zipper-descend:0186	rewrite	691	WrapOp,RangeLastOp	mixed	proved-bounded	eager_wrap_set_equiv,zipper_wrap_materialization_equiv,arbitrary_zipper_wrap_set_equiv,set_child_wrap_hit,set_terminal_wrap,wrap_unwrap_left_inverse_a,wrap_unwrap_left_inverse_b,wrap_unwrap_left_inverse_ab,wrap_unwrap_restriction_a,wrap_unwrap_restriction_b,eager_range_set_equiv,zipper_range_last_materialization_equiv,set_range_subset_fo,set_range_last_child_selected_sound_fo,set_range_last_child_pruned_fo,range_empty_source_last,range_last_subset,range_last_idempotent,range_last_wrap_a,range_last_wrap_b,range_last_wrap_ab,range_first_of_last,range_singleton_last_literal,range_nested_singleton_last_literal,range_item_union_last_literal,range_last_border_literal,range_last_child_border_literal,range_last_prunes_earlier_head_literal,range_negative_window_border_literal,range_negative_window_child_border_literal,range_negative_window_prunes_last_head_literal	mixed FOL plus bounded evidence; weakest proof tier is bounded	(rewrite (RangeLastOp (WrapOp src prefix)) (WrapOp (RangeLastOp src) prefix))
zipper-descend:0187	rewrite	692	WrapOp,RangeDropLastOp	mixed	proved-bounded	eager_wrap_set_equiv,zipper_wrap_materialization_equiv,arbitrary_zipper_wrap_set_equiv,set_child_wrap_hit,set_terminal_wrap,wrap_unwrap_left_inverse_a,wrap_unwrap_left_inverse_b,wrap_unwrap_left_inverse_ab,wrap_unwrap_restriction_a,wrap_unwrap_restriction_b,eager_range_set_equiv,zipper_range_drop_last_materialization_equiv,set_range_subset_fo,set_range_drop_last_child_before_last_fo,set_range_drop_last_child_after_last_fo,range_empty_source_drop_last,range_drop_last_subset,range_drop_last_wrap_a,range_drop_last_wrap_b,range_drop_last_wrap_ab,range_drop_last_of_first_empty,range_singleton_drop_last_literal,range_item_union_drop_last_literal,range_drop_last_full_sentinel_literal,range_drop_last_border_literal,range_drop_last_child_border_literal,range_drop_last_prunes_last_head_literal	mixed FOL plus bounded evidence; weakest proof tier is bounded	(rewrite (RangeDropLastOp (WrapOp src prefix)) (WrapOp (RangeDropLastOp src) prefix))
zipper-descend:0188	rewrite	693	RangeOp,TrieZ	mixed	proved-bounded	set_range_full_sentinel,set_range_empty_one_one,eager_range_set_equiv,zipper_range_materialization_equiv,set_range_subset_fo,zipper_range_full_terminal_equiv,zipper_range_first_terminal_fo,set_range_first_child_terminal_empty_fo,set_range_first_child_selected_sound_fo,set_range_first_child_pruned_fo,set_range_last_child_selected_sound_fo,set_range_last_child_pruned_fo,set_range_drop_last_child_before_last_fo,set_range_drop_last_child_after_last_fo,range_empty_source_first,range_empty_source_last,range_empty_source_drop_last,range_first_wrap_a,range_last_wrap_a,range_drop_last_wrap_a,range_first_wrap_b,range_last_wrap_b,range_drop_last_wrap_b,range_first_wrap_ab,range_last_wrap_ab,range_drop_last_wrap_ab,range_first_subset,range_first_idempotent,range_last_idempotent,range_first_of_last,range_drop_last_of_first_empty,range_nested_first,range_nested_suffix_first,range_nested_suffix_offset,range_nested_last_last,range_positive_same_empty,range_positive_decreasing_empty,range_negative_same_empty,range_negative_decreasing_empty,range_last_subset,range_drop_last_subset,range_negative_window_subset,range_singleton_last_literal,range_singleton_drop_last_literal,range_singleton_negative_window_literal,range_nested_singleton_last_literal,range_item_union_first_literal,range_item_union_last_literal,range_item_union_drop_last_literal,range_drop_last_full_sentinel_literal,range_first_epsilon_literal,range_first_child_border_literal,range_first_child_full_literal,range_prunes_after_upper_border_literal,range_suffix_child_border_literal,range_last_border_literal,range_last_child_border_literal,range_last_prunes_earlier_head_literal,range_drop_last_border_literal,range_drop_last_child_border_literal,range_drop_last_prunes_last_head_literal,range_negative_window_border_literal,range_negative_window_child_border_literal,range_negative_window_prunes_last_head_literal,range_first_without_epsilon_literal,range_first_without_epsilon_child_literal,range_first_without_epsilon_prunes_later_child_literal,zipper_base_terminal_equiv,zipper_base_child_equiv	mixed FOL plus bounded evidence; weakest proof tier is bounded	(rewrite (RangeOp (TrieZ (Singleton p)) "0" "2") (TrieZ (Singleton p)))
zipper-descend:0189	rewrite	694	RangeOp,TrieZ,EmptyZ	mixed	proved-bounded	set_range_full_sentinel,set_range_empty_one_one,eager_range_set_equiv,zipper_range_materialization_equiv,set_range_subset_fo,zipper_range_full_terminal_equiv,zipper_range_first_terminal_fo,set_range_first_child_terminal_empty_fo,set_range_first_child_selected_sound_fo,set_range_first_child_pruned_fo,set_range_last_child_selected_sound_fo,set_range_last_child_pruned_fo,set_range_drop_last_child_before_last_fo,set_range_drop_last_child_after_last_fo,range_empty_source_first,range_empty_source_last,range_empty_source_drop_last,range_first_wrap_a,range_last_wrap_a,range_drop_last_wrap_a,range_first_wrap_b,range_last_wrap_b,range_drop_last_wrap_b,range_first_wrap_ab,range_last_wrap_ab,range_drop_last_wrap_ab,range_first_subset,range_first_idempotent,range_last_idempotent,range_first_of_last,range_drop_last_of_first_empty,range_nested_first,range_nested_suffix_first,range_nested_suffix_offset,range_nested_last_last,range_positive_same_empty,range_positive_decreasing_empty,range_negative_same_empty,range_negative_decreasing_empty,range_last_subset,range_drop_last_subset,range_negative_window_subset,range_singleton_last_literal,range_singleton_drop_last_literal,range_singleton_negative_window_literal,range_nested_singleton_last_literal,range_item_union_first_literal,range_item_union_last_literal,range_item_union_drop_last_literal,range_drop_last_full_sentinel_literal,range_first_epsilon_literal,range_first_child_border_literal,range_first_child_full_literal,range_prunes_after_upper_border_literal,range_suffix_child_border_literal,range_last_border_literal,range_last_child_border_literal,range_last_prunes_earlier_head_literal,range_drop_last_border_literal,range_drop_last_child_border_literal,range_drop_last_prunes_last_head_literal,range_negative_window_border_literal,range_negative_window_child_border_literal,range_negative_window_prunes_last_head_literal,range_first_without_epsilon_literal,range_first_without_epsilon_child_literal,range_first_without_epsilon_prunes_later_child_literal,zipper_base_terminal_equiv,zipper_base_child_equiv,zipper_emptyz_empty_focus_fo,zipper_emptyz_nonterminal_fo,zipper_keyset_emptyz_fo	mixed FOL plus bounded evidence; weakest proof tier is bounded	(rewrite (RangeOp (TrieZ (Singleton p)) "1" "2") (EmptyZ))
zipper-descend:0190	rewrite	695	RangeOp,TrieZ	mixed	proved-bounded	set_range_full_sentinel,set_range_empty_one_one,eager_range_set_equiv,zipper_range_materialization_equiv,set_range_subset_fo,zipper_range_full_terminal_equiv,zipper_range_first_terminal_fo,set_range_first_child_terminal_empty_fo,set_range_first_child_selected_sound_fo,set_range_first_child_pruned_fo,set_range_last_child_selected_sound_fo,set_range_last_child_pruned_fo,set_range_drop_last_child_before_last_fo,set_range_drop_last_child_after_last_fo,range_empty_source_first,range_empty_source_last,range_empty_source_drop_last,range_first_wrap_a,range_last_wrap_a,range_drop_last_wrap_a,range_first_wrap_b,range_last_wrap_b,range_drop_last_wrap_b,range_first_wrap_ab,range_last_wrap_ab,range_drop_last_wrap_ab,range_first_subset,range_first_idempotent,range_last_idempotent,range_first_of_last,range_drop_last_of_first_empty,range_nested_first,range_nested_suffix_first,range_nested_suffix_offset,range_nested_last_last,range_positive_same_empty,range_positive_decreasing_empty,range_negative_same_empty,range_negative_decreasing_empty,range_last_subset,range_drop_last_subset,range_negative_window_subset,range_singleton_last_literal,range_singleton_drop_last_literal,range_singleton_negative_window_literal,range_nested_singleton_last_literal,range_item_union_first_literal,range_item_union_last_literal,range_item_union_drop_last_literal,range_drop_last_full_sentinel_literal,range_first_epsilon_literal,range_first_child_border_literal,range_first_child_full_literal,range_prunes_after_upper_border_literal,range_suffix_child_border_literal,range_last_border_literal,range_last_child_border_literal,range_last_prunes_earlier_head_literal,range_drop_last_border_literal,range_drop_last_child_border_literal,range_drop_last_prunes_last_head_literal,range_negative_window_border_literal,range_negative_window_child_border_literal,range_negative_window_prunes_last_head_literal,range_first_without_epsilon_literal,range_first_without_epsilon_child_literal,range_first_without_epsilon_prunes_later_child_literal,zipper_base_terminal_equiv,zipper_base_child_equiv	mixed FOL plus bounded evidence; weakest proof tier is bounded	(rewrite (RangeOp (TrieZ (Singleton p)) "-2" "0") (TrieZ (Singleton p)))
zipper-descend:0191	rewrite	696	RangeOp,TrieZ,EmptyZ	mixed	proved-bounded	set_range_full_sentinel,set_range_empty_one_one,eager_range_set_equiv,zipper_range_materialization_equiv,set_range_subset_fo,zipper_range_full_terminal_equiv,zipper_range_first_terminal_fo,set_range_first_child_terminal_empty_fo,set_range_first_child_selected_sound_fo,set_range_first_child_pruned_fo,set_range_last_child_selected_sound_fo,set_range_last_child_pruned_fo,set_range_drop_last_child_before_last_fo,set_range_drop_last_child_after_last_fo,range_empty_source_first,range_empty_source_last,range_empty_source_drop_last,range_first_wrap_a,range_last_wrap_a,range_drop_last_wrap_a,range_first_wrap_b,range_last_wrap_b,range_drop_last_wrap_b,range_first_wrap_ab,range_last_wrap_ab,range_drop_last_wrap_ab,range_first_subset,range_first_idempotent,range_last_idempotent,range_first_of_last,range_drop_last_of_first_empty,range_nested_first,range_nested_suffix_first,range_nested_suffix_offset,range_nested_last_last,range_positive_same_empty,range_positive_decreasing_empty,range_negative_same_empty,range_negative_decreasing_empty,range_last_subset,range_drop_last_subset,range_negative_window_subset,range_singleton_last_literal,range_singleton_drop_last_literal,range_singleton_negative_window_literal,range_nested_singleton_last_literal,range_item_union_first_literal,range_item_union_last_literal,range_item_union_drop_last_literal,range_drop_last_full_sentinel_literal,range_first_epsilon_literal,range_first_child_border_literal,range_first_child_full_literal,range_prunes_after_upper_border_literal,range_suffix_child_border_literal,range_last_border_literal,range_last_child_border_literal,range_last_prunes_earlier_head_literal,range_drop_last_border_literal,range_drop_last_child_border_literal,range_drop_last_prunes_last_head_literal,range_negative_window_border_literal,range_negative_window_child_border_literal,range_negative_window_prunes_last_head_literal,range_first_without_epsilon_literal,range_first_without_epsilon_child_literal,range_first_without_epsilon_prunes_later_child_literal,zipper_base_terminal_equiv,zipper_base_child_equiv,zipper_emptyz_empty_focus_fo,zipper_emptyz_nonterminal_fo,zipper_keyset_emptyz_fo	mixed FOL plus bounded evidence; weakest proof tier is bounded	(rewrite (RangeOp (TrieZ (Singleton p)) "-2" "-1") (EmptyZ))
zipper-descend:0192	rewrite	697	RangeOp	mixed	proved-bounded	set_range_full_sentinel,set_range_empty_one_one,eager_range_set_equiv,zipper_range_materialization_equiv,set_range_subset_fo,zipper_range_full_terminal_equiv,zipper_range_first_terminal_fo,set_range_first_child_terminal_empty_fo,set_range_first_child_selected_sound_fo,set_range_first_child_pruned_fo,set_range_last_child_selected_sound_fo,set_range_last_child_pruned_fo,set_range_drop_last_child_before_last_fo,set_range_drop_last_child_after_last_fo,range_empty_source_first,range_empty_source_last,range_empty_source_drop_last,range_first_wrap_a,range_last_wrap_a,range_drop_last_wrap_a,range_first_wrap_b,range_last_wrap_b,range_drop_last_wrap_b,range_first_wrap_ab,range_last_wrap_ab,range_drop_last_wrap_ab,range_first_subset,range_first_idempotent,range_last_idempotent,range_first_of_last,range_drop_last_of_first_empty,range_nested_first,range_nested_suffix_first,range_nested_suffix_offset,range_nested_last_last,range_positive_same_empty,range_positive_decreasing_empty,range_negative_same_empty,range_negative_decreasing_empty,range_last_subset,range_drop_last_subset,range_negative_window_subset,range_singleton_last_literal,range_singleton_drop_last_literal,range_singleton_negative_window_literal,range_nested_singleton_last_literal,range_item_union_first_literal,range_item_union_last_literal,range_item_union_drop_last_literal,range_drop_last_full_sentinel_literal,range_first_epsilon_literal,range_first_child_border_literal,range_first_child_full_literal,range_prunes_after_upper_border_literal,range_suffix_child_border_literal,range_last_border_literal,range_last_child_border_literal,range_last_prunes_earlier_head_literal,range_drop_last_border_literal,range_drop_last_child_border_literal,range_drop_last_prunes_last_head_literal,range_negative_window_border_literal,range_negative_window_child_border_literal,range_negative_window_prunes_last_head_literal,range_first_without_epsilon_literal,range_first_without_epsilon_child_literal,range_first_without_epsilon_prunes_later_child_literal	mixed FOL plus bounded evidence; weakest proof tier is bounded	(rewrite (RangeOp (RangeOp z "0" "2") "0" "1") (RangeOp z "0" "1"))
zipper-descend:0193	rewrite	698	RangeOp	mixed	proved-bounded	set_range_full_sentinel,set_range_empty_one_one,eager_range_set_equiv,zipper_range_materialization_equiv,set_range_subset_fo,zipper_range_full_terminal_equiv,zipper_range_first_terminal_fo,set_range_first_child_terminal_empty_fo,set_range_first_child_selected_sound_fo,set_range_first_child_pruned_fo,set_range_last_child_selected_sound_fo,set_range_last_child_pruned_fo,set_range_drop_last_child_before_last_fo,set_range_drop_last_child_after_last_fo,range_empty_source_first,range_empty_source_last,range_empty_source_drop_last,range_first_wrap_a,range_last_wrap_a,range_drop_last_wrap_a,range_first_wrap_b,range_last_wrap_b,range_drop_last_wrap_b,range_first_wrap_ab,range_last_wrap_ab,range_drop_last_wrap_ab,range_first_subset,range_first_idempotent,range_last_idempotent,range_first_of_last,range_drop_last_of_first_empty,range_nested_first,range_nested_suffix_first,range_nested_suffix_offset,range_nested_last_last,range_positive_same_empty,range_positive_decreasing_empty,range_negative_same_empty,range_negative_decreasing_empty,range_last_subset,range_drop_last_subset,range_negative_window_subset,range_singleton_last_literal,range_singleton_drop_last_literal,range_singleton_negative_window_literal,range_nested_singleton_last_literal,range_item_union_first_literal,range_item_union_last_literal,range_item_union_drop_last_literal,range_drop_last_full_sentinel_literal,range_first_epsilon_literal,range_first_child_border_literal,range_first_child_full_literal,range_prunes_after_upper_border_literal,range_suffix_child_border_literal,range_last_border_literal,range_last_child_border_literal,range_last_prunes_earlier_head_literal,range_drop_last_border_literal,range_drop_last_child_border_literal,range_drop_last_prunes_last_head_literal,range_negative_window_border_literal,range_negative_window_child_border_literal,range_negative_window_prunes_last_head_literal,range_first_without_epsilon_literal,range_first_without_epsilon_child_literal,range_first_without_epsilon_prunes_later_child_literal	mixed FOL plus bounded evidence; weakest proof tier is bounded	(rewrite (RangeOp (RangeOp z "0" "2") "1" "2") (RangeOp z "1" "2"))
zipper-descend:0194	rewrite	699	RangeOp,EmptyZ	mixed	proved-bounded	set_range_full_sentinel,set_range_empty_one_one,eager_range_set_equiv,zipper_range_materialization_equiv,set_range_subset_fo,zipper_range_full_terminal_equiv,zipper_range_first_terminal_fo,set_range_first_child_terminal_empty_fo,set_range_first_child_selected_sound_fo,set_range_first_child_pruned_fo,set_range_last_child_selected_sound_fo,set_range_last_child_pruned_fo,set_range_drop_last_child_before_last_fo,set_range_drop_last_child_after_last_fo,range_empty_source_first,range_empty_source_last,range_empty_source_drop_last,range_first_wrap_a,range_last_wrap_a,range_drop_last_wrap_a,range_first_wrap_b,range_last_wrap_b,range_drop_last_wrap_b,range_first_wrap_ab,range_last_wrap_ab,range_drop_last_wrap_ab,range_first_subset,range_first_idempotent,range_last_idempotent,range_first_of_last,range_drop_last_of_first_empty,range_nested_first,range_nested_suffix_first,range_nested_suffix_offset,range_nested_last_last,range_positive_same_empty,range_positive_decreasing_empty,range_negative_same_empty,range_negative_decreasing_empty,range_last_subset,range_drop_last_subset,range_negative_window_subset,range_singleton_last_literal,range_singleton_drop_last_literal,range_singleton_negative_window_literal,range_nested_singleton_last_literal,range_item_union_first_literal,range_item_union_last_literal,range_item_union_drop_last_literal,range_drop_last_full_sentinel_literal,range_first_epsilon_literal,range_first_child_border_literal,range_first_child_full_literal,range_prunes_after_upper_border_literal,range_suffix_child_border_literal,range_last_border_literal,range_last_child_border_literal,range_last_prunes_earlier_head_literal,range_drop_last_border_literal,range_drop_last_child_border_literal,range_drop_last_prunes_last_head_literal,range_negative_window_border_literal,range_negative_window_child_border_literal,range_negative_window_prunes_last_head_literal,range_first_without_epsilon_literal,range_first_without_epsilon_child_literal,range_first_without_epsilon_prunes_later_child_literal,zipper_emptyz_empty_focus_fo,zipper_emptyz_nonterminal_fo,zipper_keyset_emptyz_fo	mixed FOL plus bounded evidence; weakest proof tier is bounded	(rewrite (RangeOp (RangeOp z "0" "1") "1" "2") (EmptyZ))
zipper-descend:0195	rewrite	700	RangeOp	mixed	proved-bounded	set_range_full_sentinel,set_range_empty_one_one,eager_range_set_equiv,zipper_range_materialization_equiv,set_range_subset_fo,zipper_range_full_terminal_equiv,zipper_range_first_terminal_fo,set_range_first_child_terminal_empty_fo,set_range_first_child_selected_sound_fo,set_range_first_child_pruned_fo,set_range_last_child_selected_sound_fo,set_range_last_child_pruned_fo,set_range_drop_last_child_before_last_fo,set_range_drop_last_child_after_last_fo,range_empty_source_first,range_empty_source_last,range_empty_source_drop_last,range_first_wrap_a,range_last_wrap_a,range_drop_last_wrap_a,range_first_wrap_b,range_last_wrap_b,range_drop_last_wrap_b,range_first_wrap_ab,range_last_wrap_ab,range_drop_last_wrap_ab,range_first_subset,range_first_idempotent,range_last_idempotent,range_first_of_last,range_drop_last_of_first_empty,range_nested_first,range_nested_suffix_first,range_nested_suffix_offset,range_nested_last_last,range_positive_same_empty,range_positive_decreasing_empty,range_negative_same_empty,range_negative_decreasing_empty,range_last_subset,range_drop_last_subset,range_negative_window_subset,range_singleton_last_literal,range_singleton_drop_last_literal,range_singleton_negative_window_literal,range_nested_singleton_last_literal,range_item_union_first_literal,range_item_union_last_literal,range_item_union_drop_last_literal,range_drop_last_full_sentinel_literal,range_first_epsilon_literal,range_first_child_border_literal,range_first_child_full_literal,range_prunes_after_upper_border_literal,range_suffix_child_border_literal,range_last_border_literal,range_last_child_border_literal,range_last_prunes_earlier_head_literal,range_drop_last_border_literal,range_drop_last_child_border_literal,range_drop_last_prunes_last_head_literal,range_negative_window_border_literal,range_negative_window_child_border_literal,range_negative_window_prunes_last_head_literal,range_first_without_epsilon_literal,range_first_without_epsilon_child_literal,range_first_without_epsilon_prunes_later_child_literal	mixed FOL plus bounded evidence; weakest proof tier is bounded	(rewrite (RangeOp (RangeOp z "-2" "0") "-1" "0") (RangeOp z "-1" "0"))
zipper-descend:0196	rewrite	701	RangeOp	mixed	proved-bounded	set_range_full_sentinel,set_range_empty_one_one,eager_range_set_equiv,zipper_range_materialization_equiv,set_range_subset_fo,zipper_range_full_terminal_equiv,zipper_range_first_terminal_fo,set_range_first_child_terminal_empty_fo,set_range_first_child_selected_sound_fo,set_range_first_child_pruned_fo,set_range_last_child_selected_sound_fo,set_range_last_child_pruned_fo,set_range_drop_last_child_before_last_fo,set_range_drop_last_child_after_last_fo,range_empty_source_first,range_empty_source_last,range_empty_source_drop_last,range_first_wrap_a,range_last_wrap_a,range_drop_last_wrap_a,range_first_wrap_b,range_last_wrap_b,range_drop_last_wrap_b,range_first_wrap_ab,range_last_wrap_ab,range_drop_last_wrap_ab,range_first_subset,range_first_idempotent,range_last_idempotent,range_first_of_last,range_drop_last_of_first_empty,range_nested_first,range_nested_suffix_first,range_nested_suffix_offset,range_nested_last_last,range_positive_same_empty,range_positive_decreasing_empty,range_negative_same_empty,range_negative_decreasing_empty,range_last_subset,range_drop_last_subset,range_negative_window_subset,range_singleton_last_literal,range_singleton_drop_last_literal,range_singleton_negative_window_literal,range_nested_singleton_last_literal,range_item_union_first_literal,range_item_union_last_literal,range_item_union_drop_last_literal,range_drop_last_full_sentinel_literal,range_first_epsilon_literal,range_first_child_border_literal,range_first_child_full_literal,range_prunes_after_upper_border_literal,range_suffix_child_border_literal,range_last_border_literal,range_last_child_border_literal,range_last_prunes_earlier_head_literal,range_drop_last_border_literal,range_drop_last_child_border_literal,range_drop_last_prunes_last_head_literal,range_negative_window_border_literal,range_negative_window_child_border_literal,range_negative_window_prunes_last_head_literal,range_first_without_epsilon_literal,range_first_without_epsilon_child_literal,range_first_without_epsilon_prunes_later_child_literal	mixed FOL plus bounded evidence; weakest proof tier is bounded	(rewrite (RangeOp (RangeOp z "0" "-1") "0" "0") (RangeOp z "0" "-1"))
zipper-descend:0197	rewrite	702	WrapOp,RangeOp,RangeFirstOp	mixed	proved-bounded	eager_wrap_set_equiv,zipper_wrap_materialization_equiv,arbitrary_zipper_wrap_set_equiv,set_child_wrap_hit,set_terminal_wrap,wrap_unwrap_left_inverse_a,wrap_unwrap_left_inverse_b,wrap_unwrap_left_inverse_ab,wrap_unwrap_restriction_a,wrap_unwrap_restriction_b,set_range_full_sentinel,set_range_empty_one_one,eager_range_set_equiv,zipper_range_materialization_equiv,set_range_subset_fo,zipper_range_full_terminal_equiv,zipper_range_first_terminal_fo,set_range_first_child_terminal_empty_fo,set_range_first_child_selected_sound_fo,set_range_first_child_pruned_fo,set_range_last_child_selected_sound_fo,set_range_last_child_pruned_fo,set_range_drop_last_child_before_last_fo,set_range_drop_last_child_after_last_fo,range_empty_source_first,range_empty_source_last,range_empty_source_drop_last,range_first_wrap_a,range_last_wrap_a,range_drop_last_wrap_a,range_first_wrap_b,range_last_wrap_b,range_drop_last_wrap_b,range_first_wrap_ab,range_last_wrap_ab,range_drop_last_wrap_ab,range_first_subset,range_first_idempotent,range_last_idempotent,range_first_of_last,range_drop_last_of_first_empty,range_nested_first,range_nested_suffix_first,range_nested_suffix_offset,range_nested_last_last,range_positive_same_empty,range_positive_decreasing_empty,range_negative_same_empty,range_negative_decreasing_empty,range_last_subset,range_drop_last_subset,range_negative_window_subset,range_singleton_last_literal,range_singleton_drop_last_literal,range_singleton_negative_window_literal,range_nested_singleton_last_literal,range_item_union_first_literal,range_item_union_last_literal,range_item_union_drop_last_literal,range_drop_last_full_sentinel_literal,range_first_epsilon_literal,range_first_child_border_literal,range_first_child_full_literal,range_prunes_after_upper_border_literal,range_suffix_child_border_literal,range_last_border_literal,range_last_child_border_literal,range_last_prunes_earlier_head_literal,range_drop_last_border_literal,range_drop_last_child_border_literal,range_drop_last_prunes_last_head_literal,range_negative_window_border_literal,range_negative_window_child_border_literal,range_negative_window_prunes_last_head_literal,range_first_without_epsilon_literal,range_first_without_epsilon_child_literal,range_first_without_epsilon_prunes_later_child_literal,zipper_range_first_materialization_equiv,set_range_first_terminal_fo	mixed FOL plus bounded evidence; weakest proof tier is bounded	(rewrite (RangeOp (WrapOp src prefix) "0" "1") (WrapOp (RangeFirstOp src) prefix))
zipper-descend:0198	rewrite	703	WrapOp,RangeOp,RangeLastOp	mixed	proved-bounded	eager_wrap_set_equiv,zipper_wrap_materialization_equiv,arbitrary_zipper_wrap_set_equiv,set_child_wrap_hit,set_terminal_wrap,wrap_unwrap_left_inverse_a,wrap_unwrap_left_inverse_b,wrap_unwrap_left_inverse_ab,wrap_unwrap_restriction_a,wrap_unwrap_restriction_b,set_range_full_sentinel,set_range_empty_one_one,eager_range_set_equiv,zipper_range_materialization_equiv,set_range_subset_fo,zipper_range_full_terminal_equiv,zipper_range_first_terminal_fo,set_range_first_child_terminal_empty_fo,set_range_first_child_selected_sound_fo,set_range_first_child_pruned_fo,set_range_last_child_selected_sound_fo,set_range_last_child_pruned_fo,set_range_drop_last_child_before_last_fo,set_range_drop_last_child_after_last_fo,range_empty_source_first,range_empty_source_last,range_empty_source_drop_last,range_first_wrap_a,range_last_wrap_a,range_drop_last_wrap_a,range_first_wrap_b,range_last_wrap_b,range_drop_last_wrap_b,range_first_wrap_ab,range_last_wrap_ab,range_drop_last_wrap_ab,range_first_subset,range_first_idempotent,range_last_idempotent,range_first_of_last,range_drop_last_of_first_empty,range_nested_first,range_nested_suffix_first,range_nested_suffix_offset,range_nested_last_last,range_positive_same_empty,range_positive_decreasing_empty,range_negative_same_empty,range_negative_decreasing_empty,range_last_subset,range_drop_last_subset,range_negative_window_subset,range_singleton_last_literal,range_singleton_drop_last_literal,range_singleton_negative_window_literal,range_nested_singleton_last_literal,range_item_union_first_literal,range_item_union_last_literal,range_item_union_drop_last_literal,range_drop_last_full_sentinel_literal,range_first_epsilon_literal,range_first_child_border_literal,range_first_child_full_literal,range_prunes_after_upper_border_literal,range_suffix_child_border_literal,range_last_border_literal,range_last_child_border_literal,range_last_prunes_earlier_head_literal,range_drop_last_border_literal,range_drop_last_child_border_literal,range_drop_last_prunes_last_head_literal,range_negative_window_border_literal,range_negative_window_child_border_literal,range_negative_window_prunes_last_head_literal,range_first_without_epsilon_literal,range_first_without_epsilon_child_literal,range_first_without_epsilon_prunes_later_child_literal,zipper_range_last_materialization_equiv	mixed FOL plus bounded evidence; weakest proof tier is bounded	(rewrite (RangeOp (WrapOp src prefix) "-1" "0") (WrapOp (RangeLastOp src) prefix))
zipper-descend:0199	rewrite	704	WrapOp,RangeOp,RangeDropLastOp	mixed	proved-bounded	eager_wrap_set_equiv,zipper_wrap_materialization_equiv,arbitrary_zipper_wrap_set_equiv,set_child_wrap_hit,set_terminal_wrap,wrap_unwrap_left_inverse_a,wrap_unwrap_left_inverse_b,wrap_unwrap_left_inverse_ab,wrap_unwrap_restriction_a,wrap_unwrap_restriction_b,set_range_full_sentinel,set_range_empty_one_one,eager_range_set_equiv,zipper_range_materialization_equiv,set_range_subset_fo,zipper_range_full_terminal_equiv,zipper_range_first_terminal_fo,set_range_first_child_terminal_empty_fo,set_range_first_child_selected_sound_fo,set_range_first_child_pruned_fo,set_range_last_child_selected_sound_fo,set_range_last_child_pruned_fo,set_range_drop_last_child_before_last_fo,set_range_drop_last_child_after_last_fo,range_empty_source_first,range_empty_source_last,range_empty_source_drop_last,range_first_wrap_a,range_last_wrap_a,range_drop_last_wrap_a,range_first_wrap_b,range_last_wrap_b,range_drop_last_wrap_b,range_first_wrap_ab,range_last_wrap_ab,range_drop_last_wrap_ab,range_first_subset,range_first_idempotent,range_last_idempotent,range_first_of_last,range_drop_last_of_first_empty,range_nested_first,range_nested_suffix_first,range_nested_suffix_offset,range_nested_last_last,range_positive_same_empty,range_positive_decreasing_empty,range_negative_same_empty,range_negative_decreasing_empty,range_last_subset,range_drop_last_subset,range_negative_window_subset,range_singleton_last_literal,range_singleton_drop_last_literal,range_singleton_negative_window_literal,range_nested_singleton_last_literal,range_item_union_first_literal,range_item_union_last_literal,range_item_union_drop_last_literal,range_drop_last_full_sentinel_literal,range_first_epsilon_literal,range_first_child_border_literal,range_first_child_full_literal,range_prunes_after_upper_border_literal,range_suffix_child_border_literal,range_last_border_literal,range_last_child_border_literal,range_last_prunes_earlier_head_literal,range_drop_last_border_literal,range_drop_last_child_border_literal,range_drop_last_prunes_last_head_literal,range_negative_window_border_literal,range_negative_window_child_border_literal,range_negative_window_prunes_last_head_literal,range_first_without_epsilon_literal,range_first_without_epsilon_child_literal,range_first_without_epsilon_prunes_later_child_literal,zipper_range_drop_last_materialization_equiv	mixed FOL plus bounded evidence; weakest proof tier is bounded	(rewrite (RangeOp (WrapOp src prefix) "0" "-1") (WrapOp (RangeDropLastOp src) prefix))
zipper-descend:0200	rewrite	705	HeadOp,EmptyZ	mixed	proved-bounded	eager_head_set_equiv,zipper_head_materialization_equiv,arbitrary_zipper_head_set_equiv,set_child_head,set_terminal_head_empty,set_iteration_head_identity,iteration_head_identity,head_idempotent,zipper_emptyz_empty_focus_fo,zipper_emptyz_nonterminal_fo,zipper_keyset_emptyz_fo	mixed FOL plus bounded evidence; weakest proof tier is bounded	(rewrite (HeadOp (EmptyZ)) (EmptyZ))
zipper-descend:0201	rewrite	706	HeadOp,TrieZ,EmptyZ	mixed	proved-bounded	eager_head_set_equiv,zipper_head_materialization_equiv,arbitrary_zipper_head_set_equiv,set_child_head,set_terminal_head_empty,set_iteration_head_identity,iteration_head_identity,head_idempotent,zipper_base_terminal_equiv,zipper_base_child_equiv,zipper_emptyz_empty_focus_fo,zipper_emptyz_nonterminal_fo,zipper_keyset_emptyz_fo	mixed FOL plus bounded evidence; weakest proof tier is bounded	(rewrite (HeadOp (TrieZ (Empty))) (EmptyZ))
zipper-descend:0202	rewrite	707	HeadOp,TrieZ,EmptyZ	mixed	proved-bounded	eager_head_set_equiv,zipper_head_materialization_equiv,arbitrary_zipper_head_set_equiv,set_child_head,set_terminal_head_empty,set_iteration_head_identity,iteration_head_identity,head_idempotent,zipper_base_terminal_equiv,zipper_base_child_equiv,zipper_emptyz_empty_focus_fo,zipper_emptyz_nonterminal_fo,zipper_keyset_emptyz_fo	mixed FOL plus bounded evidence; weakest proof tier is bounded	(rewrite (HeadOp (TrieZ (Singleton (Eps)))) (EmptyZ))
zipper-descend:0203	rewrite	708	HeadOp,TrieZ	mixed	proved-bounded	eager_head_set_equiv,zipper_head_materialization_equiv,arbitrary_zipper_head_set_equiv,set_child_head,set_terminal_head_empty,set_iteration_head_identity,iteration_head_identity,head_idempotent,zipper_base_terminal_equiv,zipper_base_child_equiv	mixed FOL plus bounded evidence; weakest proof tier is bounded	(rewrite (HeadOp (TrieZ (Singleton (Item head)))) (TrieZ (Singleton (Item head))))
zipper-descend:0204	rewrite	709	HeadOp,TrieZ	mixed	proved-bounded	eager_head_set_equiv,zipper_head_materialization_equiv,arbitrary_zipper_head_set_equiv,set_child_head,set_terminal_head_empty,set_iteration_head_identity,iteration_head_identity,head_idempotent,zipper_base_terminal_equiv,zipper_base_child_equiv	mixed FOL plus bounded evidence; weakest proof tier is bounded	(rewrite (HeadOp (TrieZ (Singleton (Concat (Item head) rest)))) (TrieZ (Singleton (Item head))))
zipper-descend:0205	rewrite	710	UnionOp,HeadOp,TrieZ	mixed	proved-bounded	zipper_union_terminal_equiv,zipper_union_child_equiv,set_child_union_fo,set_union_idempotent_fo,set_union_associative_fo,child_union_a,child_union_b,child_same_head_union_a,child_same_head_union_b,union_idempotent,union_associative,eager_head_set_equiv,zipper_head_materialization_equiv,arbitrary_zipper_head_set_equiv,set_child_head,set_terminal_head_empty,set_iteration_head_identity,iteration_head_identity,head_idempotent,zipper_base_terminal_equiv,zipper_base_child_equiv	mixed FOL plus bounded evidence; weakest proof tier is bounded	(rewrite (HeadOp (TrieZ (Union a b))) (UnionOp (HeadOp (TrieZ a)) (HeadOp (TrieZ b))))
zipper-descend:0206	rewrite	711	UnionOp,HeadOp	mixed	proved-bounded	zipper_union_terminal_equiv,zipper_union_child_equiv,set_child_union_fo,set_union_idempotent_fo,set_union_associative_fo,child_union_a,child_union_b,child_same_head_union_a,child_same_head_union_b,union_idempotent,union_associative,eager_head_set_equiv,zipper_head_materialization_equiv,arbitrary_zipper_head_set_equiv,set_child_head,set_terminal_head_empty,set_iteration_head_identity,iteration_head_identity,head_idempotent	mixed FOL plus bounded evidence; weakest proof tier is bounded	(rewrite (HeadOp (UnionOp a b)) (UnionOp (HeadOp a) (HeadOp b)))
zipper-descend:0207	rewrite	712	JoinAllOp3,HeadOp	mixed	proved-bounded	zipper_union_terminal_equiv,zipper_union_child_equiv,set_child_union_fo,child_union_a,child_union_b,eager_head_set_equiv,zipper_head_materialization_equiv,arbitrary_zipper_head_set_equiv,set_child_head,set_terminal_head_empty,set_iteration_head_identity,iteration_head_identity,head_idempotent	mixed FOL plus bounded evidence; weakest proof tier is bounded	(rewrite (HeadOp (JoinAllOp3 a b c)) (JoinAllOp3 (HeadOp a) (HeadOp b) (HeadOp c)))
zipper-descend:0208	rewrite	713	NonEmptyOp,HeadOp	mixed	proved-bounded	eager_nonempty_paths_set_equiv,zipper_nonempty_paths_materialization_equiv,arbitrary_zipper_nonempty_paths_set_equiv,set_child_nonempty_paths,set_terminal_nonempty_paths_empty,nonempty_empty,nonempty_epsilon_empty,nonempty_idempotent,nonempty_subset,nonempty_union,nonempty_child_a,nonempty_child_b,iteration_reconstruct_nonempty_source,eager_head_set_equiv,zipper_head_materialization_equiv,arbitrary_zipper_head_set_equiv,set_child_head,set_terminal_head_empty,set_iteration_head_identity,iteration_head_identity,head_idempotent	mixed FOL plus bounded evidence; weakest proof tier is bounded	(rewrite (HeadOp (NonEmptyOp z)) (HeadOp z))
zipper-descend:0209	rewrite	714	WrapOp,HeadOp	mixed	proved-bounded	eager_wrap_set_equiv,zipper_wrap_materialization_equiv,arbitrary_zipper_wrap_set_equiv,set_child_wrap_hit,set_terminal_wrap,wrap_unwrap_left_inverse_a,wrap_unwrap_left_inverse_b,wrap_unwrap_left_inverse_ab,wrap_unwrap_restriction_a,wrap_unwrap_restriction_b,eager_head_set_equiv,zipper_head_materialization_equiv,arbitrary_zipper_head_set_equiv,set_child_head,set_terminal_head_empty,set_iteration_head_identity,iteration_head_identity,head_idempotent	mixed FOL plus bounded evidence; weakest proof tier is bounded	(rewrite (HeadOp (WrapOp src (Eps))) (HeadOp src))
zipper-descend:0210	rewrite	715	WrapOp,HeadOp,TrieZ,nonempty-focus	mixed	proved-bounded	eager_wrap_set_equiv,zipper_wrap_materialization_equiv,arbitrary_zipper_wrap_set_equiv,set_child_wrap_hit,set_terminal_wrap,wrap_unwrap_left_inverse_a,wrap_unwrap_left_inverse_b,wrap_unwrap_left_inverse_ab,wrap_unwrap_restriction_a,wrap_unwrap_restriction_b,eager_head_set_equiv,zipper_head_materialization_equiv,arbitrary_zipper_head_set_equiv,set_child_head,set_terminal_head_empty,set_iteration_head_identity,iteration_head_identity,head_idempotent,zipper_base_terminal_equiv,zipper_base_child_equiv	mixed FOL plus bounded evidence; weakest proof tier is bounded	(rewrite (HeadOp (WrapOp src (Item head))) (TrieZ (Singleton (Item head))) :when ((nonempty-focus src)))
zipper-descend:0211	rewrite	716	WrapOp,HeadOp,TrieZ,nonempty-focus	mixed	proved-bounded	eager_wrap_set_equiv,zipper_wrap_materialization_equiv,arbitrary_zipper_wrap_set_equiv,set_child_wrap_hit,set_terminal_wrap,wrap_unwrap_left_inverse_a,wrap_unwrap_left_inverse_b,wrap_unwrap_left_inverse_ab,wrap_unwrap_restriction_a,wrap_unwrap_restriction_b,eager_head_set_equiv,zipper_head_materialization_equiv,arbitrary_zipper_head_set_equiv,set_child_head,set_terminal_head_empty,set_iteration_head_identity,iteration_head_identity,head_idempotent,zipper_base_terminal_equiv,zipper_base_child_equiv	mixed FOL plus bounded evidence; weakest proof tier is bounded	(rewrite (HeadOp (WrapOp src (Concat (Item head) rest))) (TrieZ (Singleton (Item head))) :when ((nonempty-focus src)))
zipper-descend:0212	rewrite	717	HeadOp,MemoZ	mixed	proved-bounded	eager_head_set_equiv,zipper_head_materialization_equiv,arbitrary_zipper_head_set_equiv,set_child_head,set_terminal_head_empty,set_iteration_head_identity,iteration_head_identity,head_idempotent,zipper_memo_materialization_equiv,zipper_memo_terminal_equiv,zipper_memo_child_equiv	mixed FOL plus bounded evidence; weakest proof tier is bounded	(rewrite (HeadOp (MemoZ z)) (MemoZ (HeadOp z)))
zipper-descend:0213	rewrite	718	TailsUnionOp,IterOp	mixed	proved-bounded	eager_tails_union_set_equiv,zipper_tails_union_materialization_equiv,arbitrary_zipper_tails_union_set_equiv,tails_union_children,child_tails_union_a,child_tails_union_b,iteration_tail_identity,tails-union-open:space_optimized_open,eager_iteration_set_equiv,zipper_iteration_materialization_equiv,zipper_iter_tail_materialization_equiv,zipper_iter_head_materialization_equiv,zipper_iter_reconstruct_materialization_equiv,zipper_iter_prefixed_reconstruct_materialization_equiv,iteration_head_identity,iteration_reconstruct_nonempty_source,set_iteration_prefixed_reconstruct_definition_fo,iteration_prefixed_reconstruct_nonempty_source,iteration_prefixed_reconstruct_two_item_nonempty_source,iteration_prefixed_range_reconstruct_first_subset,iteration_prefixed_range_reconstruct_first_literal,iteration_prefixed_range_reconstruct_drop_last_literal,iteration_prefixed_range_reconstruct_full_sentinel,iteration_prefixed_range_reconstruct_empty_slice,iteration_prefixed_range_reconstruct_drop_last_subset,iteration_source_union_tail,iteration_source_union_head	mixed FOL plus bounded evidence; weakest proof tier is bounded	(rewrite (IterOp z (TailTemplate)) (TailsUnionOp z))
zipper-descend:0214	rewrite	719	HeadOp,IterOp	mixed	proved-bounded	eager_head_set_equiv,zipper_head_materialization_equiv,arbitrary_zipper_head_set_equiv,set_child_head,set_terminal_head_empty,set_iteration_head_identity,iteration_head_identity,head_idempotent,eager_iteration_set_equiv,zipper_iteration_materialization_equiv,zipper_iter_tail_materialization_equiv,zipper_iter_head_materialization_equiv,zipper_iter_reconstruct_materialization_equiv,zipper_iter_prefixed_reconstruct_materialization_equiv,iteration_tail_identity,iteration_reconstruct_nonempty_source,set_iteration_prefixed_reconstruct_definition_fo,iteration_prefixed_reconstruct_nonempty_source,iteration_prefixed_reconstruct_two_item_nonempty_source,iteration_prefixed_range_reconstruct_first_subset,iteration_prefixed_range_reconstruct_first_literal,iteration_prefixed_range_reconstruct_drop_last_literal,iteration_prefixed_range_reconstruct_full_sentinel,iteration_prefixed_range_reconstruct_empty_slice,iteration_prefixed_range_reconstruct_drop_last_subset,iteration_source_union_tail,iteration_source_union_head	mixed FOL plus bounded evidence; weakest proof tier is bounded	(rewrite (IterOp z (HeadTemplate)) (HeadOp z))
zipper-descend:0215	rewrite	720	NonEmptyOp,IterOp	mixed	proved-bounded	eager_nonempty_paths_set_equiv,zipper_nonempty_paths_materialization_equiv,arbitrary_zipper_nonempty_paths_set_equiv,set_child_nonempty_paths,set_terminal_nonempty_paths_empty,nonempty_empty,nonempty_epsilon_empty,nonempty_idempotent,nonempty_subset,nonempty_union,nonempty_child_a,nonempty_child_b,iteration_reconstruct_nonempty_source,eager_iteration_set_equiv,zipper_iteration_materialization_equiv,zipper_iter_tail_materialization_equiv,zipper_iter_head_materialization_equiv,zipper_iter_reconstruct_materialization_equiv,zipper_iter_prefixed_reconstruct_materialization_equiv,iteration_tail_identity,iteration_head_identity,set_iteration_prefixed_reconstruct_definition_fo,iteration_prefixed_reconstruct_nonempty_source,iteration_prefixed_reconstruct_two_item_nonempty_source,iteration_prefixed_range_reconstruct_first_subset,iteration_prefixed_range_reconstruct_first_literal,iteration_prefixed_range_reconstruct_drop_last_literal,iteration_prefixed_range_reconstruct_full_sentinel,iteration_prefixed_range_reconstruct_empty_slice,iteration_prefixed_range_reconstruct_drop_last_subset,iteration_source_union_tail,iteration_source_union_head	mixed FOL plus bounded evidence; weakest proof tier is bounded	(rewrite (IterOp z (ReconstructTemplate)) (NonEmptyOp z))
zipper-descend:0216	rewrite	721	WrapOp,NonEmptyOp,IterOp	mixed	proved-bounded	eager_wrap_set_equiv,zipper_wrap_materialization_equiv,arbitrary_zipper_wrap_set_equiv,set_child_wrap_hit,set_terminal_wrap,wrap_unwrap_left_inverse_a,wrap_unwrap_left_inverse_b,wrap_unwrap_left_inverse_ab,wrap_unwrap_restriction_a,wrap_unwrap_restriction_b,eager_nonempty_paths_set_equiv,zipper_nonempty_paths_materialization_equiv,arbitrary_zipper_nonempty_paths_set_equiv,set_child_nonempty_paths,set_terminal_nonempty_paths_empty,nonempty_empty,nonempty_epsilon_empty,nonempty_idempotent,nonempty_subset,nonempty_union,nonempty_child_a,nonempty_child_b,iteration_reconstruct_nonempty_source,eager_iteration_set_equiv,zipper_iteration_materialization_equiv,zipper_iter_tail_materialization_equiv,zipper_iter_head_materialization_equiv,zipper_iter_reconstruct_materialization_equiv,zipper_iter_prefixed_reconstruct_materialization_equiv,iteration_tail_identity,iteration_head_identity,set_iteration_prefixed_reconstruct_definition_fo,iteration_prefixed_reconstruct_nonempty_source,iteration_prefixed_reconstruct_two_item_nonempty_source,iteration_prefixed_range_reconstruct_first_subset,iteration_prefixed_range_reconstruct_first_literal,iteration_prefixed_range_reconstruct_drop_last_literal,iteration_prefixed_range_reconstruct_full_sentinel,iteration_prefixed_range_reconstruct_empty_slice,iteration_prefixed_range_reconstruct_drop_last_subset,iteration_source_union_tail,iteration_source_union_head	mixed FOL plus bounded evidence; weakest proof tier is bounded	(rewrite (IterOp z (PrefixedReconstructTemplate prefix)) (WrapOp (NonEmptyOp z) prefix))
zipper-descend:0217	rewrite	722	IterOp,IterRangeTailOp	mixed	proved-bounded	eager_iteration_set_equiv,zipper_iteration_materialization_equiv,zipper_iter_tail_materialization_equiv,zipper_iter_head_materialization_equiv,zipper_iter_reconstruct_materialization_equiv,zipper_iter_prefixed_reconstruct_materialization_equiv,iteration_tail_identity,iteration_head_identity,iteration_reconstruct_nonempty_source,set_iteration_prefixed_reconstruct_definition_fo,iteration_prefixed_reconstruct_nonempty_source,iteration_prefixed_reconstruct_two_item_nonempty_source,iteration_prefixed_range_reconstruct_first_subset,iteration_prefixed_range_reconstruct_first_literal,iteration_prefixed_range_reconstruct_drop_last_literal,iteration_prefixed_range_reconstruct_full_sentinel,iteration_prefixed_range_reconstruct_empty_slice,iteration_prefixed_range_reconstruct_drop_last_subset,iteration_source_union_tail,iteration_source_union_head,set_iteration_range_tail_definition_fo,zipper_iter_range_tail_materialization_equiv,iteration_range_tail_full_sentinel,iteration_range_tail_empty_slice,iteration_range_tail_first_subset,iteration_range_tail_drop_last_subset,iteration_range_tail_first_literal,iteration_range_tail_drop_last_literal,iteration_range_tail_same_head_first_literal,iteration_range_tail_same_head_drop_last_literal	mixed FOL plus bounded evidence; weakest proof tier is bounded	(rewrite (IterOp z (RangeTailTemplate start end)) (IterRangeTailOp z start end))
zipper-descend:0218	rewrite	723	IterOp,IterRangeReconstructOp	mixed	proved-bounded	eager_iteration_set_equiv,zipper_iteration_materialization_equiv,zipper_iter_tail_materialization_equiv,zipper_iter_head_materialization_equiv,zipper_iter_reconstruct_materialization_equiv,zipper_iter_prefixed_reconstruct_materialization_equiv,iteration_tail_identity,iteration_head_identity,iteration_reconstruct_nonempty_source,set_iteration_prefixed_reconstruct_definition_fo,iteration_prefixed_reconstruct_nonempty_source,iteration_prefixed_reconstruct_two_item_nonempty_source,iteration_prefixed_range_reconstruct_first_subset,iteration_prefixed_range_reconstruct_first_literal,iteration_prefixed_range_reconstruct_drop_last_literal,iteration_prefixed_range_reconstruct_full_sentinel,iteration_prefixed_range_reconstruct_empty_slice,iteration_prefixed_range_reconstruct_drop_last_subset,iteration_source_union_tail,iteration_source_union_head,set_iteration_range_reconstruct_definition_fo,zipper_iter_range_reconstruct_materialization_equiv,iteration_range_reconstruct_full_sentinel,iteration_range_reconstruct_empty_slice,iteration_range_reconstruct_first_subset,iteration_range_reconstruct_drop_last_subset,iteration_range_reconstruct_first_literal,iteration_range_reconstruct_drop_last_literal,iteration_range_reconstruct_same_head_first_literal,iteration_range_reconstruct_same_head_drop_last_literal	mixed FOL plus bounded evidence; weakest proof tier is bounded	(rewrite (IterOp z (RangeReconstructTemplate start end)) (IterRangeReconstructOp z start end))
zipper-descend:0219	rewrite	724	IterOp,IterPrefixedRangeReconstructOp	mixed	proved-bounded	eager_iteration_set_equiv,zipper_iteration_materialization_equiv,zipper_iter_tail_materialization_equiv,zipper_iter_head_materialization_equiv,zipper_iter_reconstruct_materialization_equiv,zipper_iter_prefixed_reconstruct_materialization_equiv,iteration_tail_identity,iteration_head_identity,iteration_reconstruct_nonempty_source,set_iteration_prefixed_reconstruct_definition_fo,iteration_prefixed_reconstruct_nonempty_source,iteration_prefixed_reconstruct_two_item_nonempty_source,iteration_prefixed_range_reconstruct_first_subset,iteration_prefixed_range_reconstruct_first_literal,iteration_prefixed_range_reconstruct_drop_last_literal,iteration_prefixed_range_reconstruct_full_sentinel,iteration_prefixed_range_reconstruct_empty_slice,iteration_prefixed_range_reconstruct_drop_last_subset,iteration_source_union_tail,iteration_source_union_head,set_iteration_prefixed_range_reconstruct_definition_fo,zipper_iter_prefixed_range_reconstruct_materialization_equiv,iteration_prefixed_range_reconstruct_same_head_drop_last_literal	mixed FOL plus bounded evidence; weakest proof tier is bounded	(rewrite (IterOp z (PrefixedRangeReconstructTemplate prefix start end)) (IterPrefixedRangeReconstructOp z prefix start end))
zipper-descend:0220	rewrite	730	BoundHeadOp,InstantiateOp	FOL	proved-unbounded	eager_iteration_set_equiv,set_iteration_general_body_union_distribution_fo,set_iteration_general_wrap_hoist_fo,set_iteration_general_product_right_hoist_fo,set_iteration_general_intersection_right_hoist_fo,set_iteration_general_diff_right_hoist_fo,set_iteration_general_restriction_right_hoist_fo	mapped to first-order proof artifact(s)	(rewrite (InstantiateOp (BoundHeadOp) head tail) head)
zipper-descend:0221	rewrite	731	BoundTailOp,InstantiateOp	FOL	proved-unbounded	eager_iteration_set_equiv,set_iteration_general_body_union_distribution_fo,set_iteration_general_wrap_hoist_fo,set_iteration_general_product_right_hoist_fo,set_iteration_general_intersection_right_hoist_fo,set_iteration_general_diff_right_hoist_fo,set_iteration_general_restriction_right_hoist_fo	mapped to first-order proof artifact(s)	(rewrite (InstantiateOp (BoundTailOp) head tail) tail)
zipper-descend:0222	rewrite	732	InstantiateOp,iter-independent	FOL	proved-unbounded	eager_iteration_set_equiv,set_iteration_general_body_union_distribution_fo,set_iteration_general_wrap_hoist_fo,set_iteration_general_product_right_hoist_fo,set_iteration_general_intersection_right_hoist_fo,set_iteration_general_diff_right_hoist_fo,set_iteration_general_restriction_right_hoist_fo	mapped to first-order proof artifact(s)	(rewrite (InstantiateOp body head tail) body :when ((iter-independent body)))
zipper-descend:0223	rewrite	734	InstantiateOp,MemoZ	FOL	proved-unbounded	eager_iteration_set_equiv,set_iteration_general_body_union_distribution_fo,set_iteration_general_wrap_hoist_fo,set_iteration_general_product_right_hoist_fo,set_iteration_general_intersection_right_hoist_fo,set_iteration_general_diff_right_hoist_fo,set_iteration_general_restriction_right_hoist_fo	mapped to first-order proof artifact(s)	(rewrite (InstantiateOp (MemoZ body) head tail) (MemoZ (InstantiateOp body head tail)))
zipper-descend:0224	rewrite	736	UnionOp,InstantiateOp	FOL	proved-unbounded	eager_iteration_set_equiv,set_iteration_general_body_union_distribution_fo,set_iteration_general_wrap_hoist_fo,set_iteration_general_product_right_hoist_fo,set_iteration_general_intersection_right_hoist_fo,set_iteration_general_diff_right_hoist_fo,set_iteration_general_restriction_right_hoist_fo	mapped to first-order proof artifact(s)	(rewrite (InstantiateOp (UnionOp left right) head tail) (UnionOp (InstantiateOp left head tail) (InstantiateOp right head tail)))
zipper-descend:0225	rewrite	738	JoinAllOp3,InstantiateOp	FOL	proved-unbounded	eager_iteration_set_equiv,set_iteration_general_body_union_distribution_fo,set_iteration_general_wrap_hoist_fo,set_iteration_general_product_right_hoist_fo,set_iteration_general_intersection_right_hoist_fo,set_iteration_general_diff_right_hoist_fo,set_iteration_general_restriction_right_hoist_fo	mapped to first-order proof artifact(s)	(rewrite (InstantiateOp (JoinAllOp3 a b c) head tail) (JoinAllOp3 (InstantiateOp a head tail) (InstantiateOp b head tail) (InstantiateOp c head tail)))
zipper-descend:0226	rewrite	740	IntersectionOp,InstantiateOp	FOL	proved-unbounded	eager_iteration_set_equiv,set_iteration_general_body_union_distribution_fo,set_iteration_general_wrap_hoist_fo,set_iteration_general_product_right_hoist_fo,set_iteration_general_intersection_right_hoist_fo,set_iteration_general_diff_right_hoist_fo,set_iteration_general_restriction_right_hoist_fo	mapped to first-order proof artifact(s)	(rewrite (InstantiateOp (IntersectionOp left right) head tail) (IntersectionOp (InstantiateOp left head tail) (InstantiateOp right head tail)))
zipper-descend:0227	rewrite	742	MeetAllOp3,InstantiateOp	FOL	proved-unbounded	eager_iteration_set_equiv,set_iteration_general_body_union_distribution_fo,set_iteration_general_wrap_hoist_fo,set_iteration_general_product_right_hoist_fo,set_iteration_general_intersection_right_hoist_fo,set_iteration_general_diff_right_hoist_fo,set_iteration_general_restriction_right_hoist_fo	mapped to first-order proof artifact(s)	(rewrite (InstantiateOp (MeetAllOp3 a b c) head tail) (MeetAllOp3 (InstantiateOp a head tail) (InstantiateOp b head tail) (InstantiateOp c head tail)))
zipper-descend:0228	rewrite	744	DiffOp,InstantiateOp	FOL	proved-unbounded	eager_iteration_set_equiv,set_iteration_general_body_union_distribution_fo,set_iteration_general_wrap_hoist_fo,set_iteration_general_product_right_hoist_fo,set_iteration_general_intersection_right_hoist_fo,set_iteration_general_diff_right_hoist_fo,set_iteration_general_restriction_right_hoist_fo	mapped to first-order proof artifact(s)	(rewrite (InstantiateOp (DiffOp left right) head tail) (DiffOp (InstantiateOp left head tail) (InstantiateOp right head tail)))
zipper-descend:0229	rewrite	746	RestrictionOp,InstantiateOp	FOL	proved-unbounded	eager_iteration_set_equiv,set_iteration_general_body_union_distribution_fo,set_iteration_general_wrap_hoist_fo,set_iteration_general_product_right_hoist_fo,set_iteration_general_intersection_right_hoist_fo,set_iteration_general_diff_right_hoist_fo,set_iteration_general_restriction_right_hoist_fo	mapped to first-order proof artifact(s)	(rewrite (InstantiateOp (RestrictionOp src prefixes) head tail) (RestrictionOp (InstantiateOp src head tail) (InstantiateOp prefixes head tail)))
zipper-descend:0230	rewrite	748	RaffinationOp,InstantiateOp	FOL	proved-unbounded	eager_iteration_set_equiv,set_iteration_general_body_union_distribution_fo,set_iteration_general_wrap_hoist_fo,set_iteration_general_product_right_hoist_fo,set_iteration_general_intersection_right_hoist_fo,set_iteration_general_diff_right_hoist_fo,set_iteration_general_restriction_right_hoist_fo	mapped to first-order proof artifact(s)	(rewrite (InstantiateOp (RaffinationOp src prefixes) head tail) (RaffinationOp (InstantiateOp src head tail) (InstantiateOp prefixes head tail)))
zipper-descend:0231	rewrite	750	ConcatOp,InstantiateOp	FOL	proved-unbounded	eager_iteration_set_equiv,set_iteration_general_body_union_distribution_fo,set_iteration_general_wrap_hoist_fo,set_iteration_general_product_right_hoist_fo,set_iteration_general_intersection_right_hoist_fo,set_iteration_general_diff_right_hoist_fo,set_iteration_general_restriction_right_hoist_fo	mapped to first-order proof artifact(s)	(rewrite (InstantiateOp (ConcatOp left right) head tail) (ConcatOp (InstantiateOp left head tail) (InstantiateOp right head tail)))
zipper-descend:0232	rewrite	752	WrapOp,InstantiateOp	FOL	proved-unbounded	eager_iteration_set_equiv,set_iteration_general_body_union_distribution_fo,set_iteration_general_wrap_hoist_fo,set_iteration_general_product_right_hoist_fo,set_iteration_general_intersection_right_hoist_fo,set_iteration_general_diff_right_hoist_fo,set_iteration_general_restriction_right_hoist_fo	mapped to first-order proof artifact(s)	(rewrite (InstantiateOp (WrapOp src prefix) head tail) (WrapOp (InstantiateOp src head tail) prefix))
zipper-descend:0233	rewrite	754	UnwrapOp,InstantiateOp	FOL	proved-unbounded	eager_iteration_set_equiv,set_iteration_general_body_union_distribution_fo,set_iteration_general_wrap_hoist_fo,set_iteration_general_product_right_hoist_fo,set_iteration_general_intersection_right_hoist_fo,set_iteration_general_diff_right_hoist_fo,set_iteration_general_restriction_right_hoist_fo	mapped to first-order proof artifact(s)	(rewrite (InstantiateOp (UnwrapOp src prefix) head tail) (UnwrapOp (InstantiateOp src head tail) prefix))
zipper-descend:0234	rewrite	756	NonEmptyOp,InstantiateOp	FOL	proved-unbounded	eager_iteration_set_equiv,set_iteration_general_body_union_distribution_fo,set_iteration_general_wrap_hoist_fo,set_iteration_general_product_right_hoist_fo,set_iteration_general_intersection_right_hoist_fo,set_iteration_general_diff_right_hoist_fo,set_iteration_general_restriction_right_hoist_fo	mapped to first-order proof artifact(s)	(rewrite (InstantiateOp (NonEmptyOp src) head tail) (NonEmptyOp (InstantiateOp src head tail)))
zipper-descend:0235	rewrite	758	TailsUnionOp,InstantiateOp	FOL	proved-unbounded	eager_iteration_set_equiv,set_iteration_general_body_union_distribution_fo,set_iteration_general_wrap_hoist_fo,set_iteration_general_product_right_hoist_fo,set_iteration_general_intersection_right_hoist_fo,set_iteration_general_diff_right_hoist_fo,set_iteration_general_restriction_right_hoist_fo	mapped to first-order proof artifact(s)	(rewrite (InstantiateOp (TailsUnionOp src) head tail) (TailsUnionOp (InstantiateOp src head tail)))
zipper-descend:0236	rewrite	760	TailsIntersectionOp,InstantiateOp	FOL	proved-unbounded	eager_iteration_set_equiv,set_iteration_general_body_union_distribution_fo,set_iteration_general_wrap_hoist_fo,set_iteration_general_product_right_hoist_fo,set_iteration_general_intersection_right_hoist_fo,set_iteration_general_diff_right_hoist_fo,set_iteration_general_restriction_right_hoist_fo	mapped to first-order proof artifact(s)	(rewrite (InstantiateOp (TailsIntersectionOp src) head tail) (TailsIntersectionOp (InstantiateOp src head tail)))
zipper-descend:0237	rewrite	762	PrefixClosureOp,InstantiateOp	FOL	proved-unbounded	eager_iteration_set_equiv,set_iteration_general_body_union_distribution_fo,set_iteration_general_wrap_hoist_fo,set_iteration_general_product_right_hoist_fo,set_iteration_general_intersection_right_hoist_fo,set_iteration_general_diff_right_hoist_fo,set_iteration_general_restriction_right_hoist_fo	mapped to first-order proof artifact(s)	(rewrite (InstantiateOp (PrefixClosureOp src) head tail) (PrefixClosureOp (InstantiateOp src head tail)))
zipper-descend:0238	rewrite	764	PrefixClosureBelowOp,InstantiateOp	FOL	proved-unbounded	eager_iteration_set_equiv,set_iteration_general_body_union_distribution_fo,set_iteration_general_wrap_hoist_fo,set_iteration_general_product_right_hoist_fo,set_iteration_general_intersection_right_hoist_fo,set_iteration_general_diff_right_hoist_fo,set_iteration_general_restriction_right_hoist_fo	mapped to first-order proof artifact(s)	(rewrite (InstantiateOp (PrefixClosureBelowOp src) head tail) (PrefixClosureBelowOp (InstantiateOp src head tail)))
zipper-descend:0239	rewrite	766	SuffixClosureOp,InstantiateOp	FOL	proved-unbounded	eager_iteration_set_equiv,set_iteration_general_body_union_distribution_fo,set_iteration_general_wrap_hoist_fo,set_iteration_general_product_right_hoist_fo,set_iteration_general_intersection_right_hoist_fo,set_iteration_general_diff_right_hoist_fo,set_iteration_general_restriction_right_hoist_fo	mapped to first-order proof artifact(s)	(rewrite (InstantiateOp (SuffixClosureOp src) head tail) (SuffixClosureOp (InstantiateOp src head tail)))
zipper-descend:0240	rewrite	768	TailsClosureOp,InstantiateOp	FOL	proved-unbounded	eager_iteration_set_equiv,set_iteration_general_body_union_distribution_fo,set_iteration_general_wrap_hoist_fo,set_iteration_general_product_right_hoist_fo,set_iteration_general_intersection_right_hoist_fo,set_iteration_general_diff_right_hoist_fo,set_iteration_general_restriction_right_hoist_fo	mapped to first-order proof artifact(s)	(rewrite (InstantiateOp (TailsClosureOp src) head tail) (TailsClosureOp (InstantiateOp src head tail)))
zipper-descend:0241	rewrite	770	RangeOp,InstantiateOp	FOL	proved-unbounded	eager_iteration_set_equiv,set_iteration_general_body_union_distribution_fo,set_iteration_general_wrap_hoist_fo,set_iteration_general_product_right_hoist_fo,set_iteration_general_intersection_right_hoist_fo,set_iteration_general_diff_right_hoist_fo,set_iteration_general_restriction_right_hoist_fo	mapped to first-order proof artifact(s)	(rewrite (InstantiateOp (RangeOp src start end) head tail) (RangeOp (InstantiateOp src head tail) start end))
zipper-descend:0242	rewrite	772	HeadOp,InstantiateOp	FOL	proved-unbounded	eager_iteration_set_equiv,set_iteration_general_body_union_distribution_fo,set_iteration_general_wrap_hoist_fo,set_iteration_general_product_right_hoist_fo,set_iteration_general_intersection_right_hoist_fo,set_iteration_general_diff_right_hoist_fo,set_iteration_general_restriction_right_hoist_fo	mapped to first-order proof artifact(s)	(rewrite (InstantiateOp (HeadOp src) head tail) (HeadOp (InstantiateOp src head tail)))
zipper-descend:0243	rewrite	775	IterBinderOp,EmptyZ	FOL	proved-unbounded	eager_iteration_set_equiv,zipper_iteration_materialization_equiv,set_iteration_general_body_union_distribution_fo,set_iteration_general_invariant_left_fo,set_iteration_general_invariant_right_fo,set_iteration_general_wrap_hoist_fo,set_iteration_general_product_right_hoist_fo,set_iteration_general_intersection_right_hoist_fo,set_iteration_general_diff_right_hoist_fo,set_iteration_general_restriction_right_hoist_fo	mapped to first-order proof artifact(s)	(rewrite (IterBinderOp (EmptyZ) body) (EmptyZ))
zipper-descend:0244	rewrite	776	IterBinderOp,TrieZ,EmptyZ	FOL	proved-unbounded	eager_iteration_set_equiv,zipper_iteration_materialization_equiv,set_iteration_general_body_union_distribution_fo,set_iteration_general_invariant_left_fo,set_iteration_general_invariant_right_fo,set_iteration_general_wrap_hoist_fo,set_iteration_general_product_right_hoist_fo,set_iteration_general_intersection_right_hoist_fo,set_iteration_general_diff_right_hoist_fo,set_iteration_general_restriction_right_hoist_fo	mapped to first-order proof artifact(s)	(rewrite (IterBinderOp (TrieZ (Empty)) body) (EmptyZ))
zipper-descend:0245	rewrite	777	IterBinderOp,EmptyZ	FOL	proved-unbounded	eager_iteration_set_equiv,zipper_iteration_materialization_equiv,set_iteration_general_body_union_distribution_fo,set_iteration_general_invariant_left_fo,set_iteration_general_invariant_right_fo,set_iteration_general_wrap_hoist_fo,set_iteration_general_product_right_hoist_fo,set_iteration_general_intersection_right_hoist_fo,set_iteration_general_diff_right_hoist_fo,set_iteration_general_restriction_right_hoist_fo	mapped to first-order proof artifact(s)	(rewrite (IterBinderOp src (EmptyZ)) (EmptyZ))
zipper-descend:0246	rewrite	778	FrontierStateOp,IterBinderOp,IterBranchesOp	FOL	proved-unbounded	eager_iteration_set_equiv,zipper_iteration_materialization_equiv,set_iteration_general_body_union_distribution_fo,set_iteration_general_invariant_left_fo,set_iteration_general_invariant_right_fo,set_iteration_general_wrap_hoist_fo,set_iteration_general_product_right_hoist_fo,set_iteration_general_intersection_right_hoist_fo,set_iteration_general_diff_right_hoist_fo,set_iteration_general_restriction_right_hoist_fo	mapped to first-order proof artifact(s)	(rewrite (IterBinderOp src body) (FrontierStateOp (IterBranchesOp src body)))
zipper-descend:0247	rule	779	InstantiateOp,IterBranchesOp,tail-frontier,frontier-candidate,TrieZ	FOL	proved-unbounded	eager_iteration_set_equiv,set_iteration_general_body_union_distribution_fo,set_iteration_general_wrap_hoist_fo,set_iteration_general_product_right_hoist_fo,set_iteration_general_intersection_right_hoist_fo,set_iteration_general_diff_right_hoist_fo,set_iteration_general_restriction_right_hoist_fo	mapped to first-order proof artifact(s)	(rule ((= active (IterBranchesOp src body)) (tail-frontier src item tail)) ((frontier-candidate active (InstantiateOp body (TrieZ (Singleton (Item item))) tail))))
zipper-descend:0248	rewrite	786	UnionOp,IterBinderOp	FOL	proved-unbounded	eager_iteration_set_equiv,zipper_iteration_materialization_equiv,set_iteration_general_body_union_distribution_fo,set_iteration_general_invariant_left_fo,set_iteration_general_invariant_right_fo,set_iteration_general_wrap_hoist_fo,set_iteration_general_product_right_hoist_fo,set_iteration_general_intersection_right_hoist_fo,set_iteration_general_diff_right_hoist_fo,set_iteration_general_restriction_right_hoist_fo	mapped to first-order proof artifact(s)	(rewrite (IterBinderOp src (UnionOp left right)) (UnionOp (IterBinderOp src left) (IterBinderOp src right)))
zipper-descend:0249	rewrite	788	UnionOp,IterBinderOp,iter-independent,has-key	FOL	proved-unbounded	eager_iteration_set_equiv,zipper_iteration_materialization_equiv,set_iteration_general_body_union_distribution_fo,set_iteration_general_invariant_left_fo,set_iteration_general_invariant_right_fo,set_iteration_general_wrap_hoist_fo,set_iteration_general_product_right_hoist_fo,set_iteration_general_intersection_right_hoist_fo,set_iteration_general_diff_right_hoist_fo,set_iteration_general_restriction_right_hoist_fo	mapped to first-order proof artifact(s)	(rewrite (IterBinderOp src (UnionOp invariant body)) (UnionOp invariant (IterBinderOp src body)) :when ((iter-independent invariant) (has-key src item)))
zipper-descend:0250	rewrite	791	UnionOp,IterBinderOp,iter-independent,has-key	FOL	proved-unbounded	eager_iteration_set_equiv,zipper_iteration_materialization_equiv,set_iteration_general_body_union_distribution_fo,set_iteration_general_invariant_left_fo,set_iteration_general_invariant_right_fo,set_iteration_general_wrap_hoist_fo,set_iteration_general_product_right_hoist_fo,set_iteration_general_intersection_right_hoist_fo,set_iteration_general_diff_right_hoist_fo,set_iteration_general_restriction_right_hoist_fo	mapped to first-order proof artifact(s)	(rewrite (IterBinderOp src (UnionOp body invariant)) (UnionOp (IterBinderOp src body) invariant) :when ((iter-independent invariant) (has-key src item)))
zipper-descend:0251	rewrite	794	WrapOp,IterBinderOp	FOL	proved-unbounded	eager_iteration_set_equiv,zipper_iteration_materialization_equiv,set_iteration_general_body_union_distribution_fo,set_iteration_general_invariant_left_fo,set_iteration_general_invariant_right_fo,set_iteration_general_wrap_hoist_fo,set_iteration_general_product_right_hoist_fo,set_iteration_general_intersection_right_hoist_fo,set_iteration_general_diff_right_hoist_fo,set_iteration_general_restriction_right_hoist_fo	mapped to first-order proof artifact(s)	(rewrite (IterBinderOp src (WrapOp body prefix)) (WrapOp (IterBinderOp src body) prefix))
zipper-descend:0252	rewrite	796	ConcatOp,IterBinderOp,iter-independent	FOL	proved-unbounded	eager_iteration_set_equiv,zipper_iteration_materialization_equiv,set_iteration_general_body_union_distribution_fo,set_iteration_general_invariant_left_fo,set_iteration_general_invariant_right_fo,set_iteration_general_wrap_hoist_fo,set_iteration_general_product_right_hoist_fo,set_iteration_general_intersection_right_hoist_fo,set_iteration_general_diff_right_hoist_fo,set_iteration_general_restriction_right_hoist_fo	mapped to first-order proof artifact(s)	(rewrite (IterBinderOp src (ConcatOp body invariant)) (ConcatOp (IterBinderOp src body) invariant) :when ((iter-independent invariant)))
zipper-descend:0253	rewrite	799	IntersectionOp,IterBinderOp,iter-independent	FOL	proved-unbounded	eager_iteration_set_equiv,zipper_iteration_materialization_equiv,set_iteration_general_body_union_distribution_fo,set_iteration_general_invariant_left_fo,set_iteration_general_invariant_right_fo,set_iteration_general_wrap_hoist_fo,set_iteration_general_product_right_hoist_fo,set_iteration_general_intersection_right_hoist_fo,set_iteration_general_diff_right_hoist_fo,set_iteration_general_restriction_right_hoist_fo	mapped to first-order proof artifact(s)	(rewrite (IterBinderOp src (IntersectionOp body invariant)) (IntersectionOp (IterBinderOp src body) invariant) :when ((iter-independent invariant)))
zipper-descend:0254	rewrite	802	DiffOp,IterBinderOp,iter-independent	FOL	proved-unbounded	eager_iteration_set_equiv,zipper_iteration_materialization_equiv,set_iteration_general_body_union_distribution_fo,set_iteration_general_invariant_left_fo,set_iteration_general_invariant_right_fo,set_iteration_general_wrap_hoist_fo,set_iteration_general_product_right_hoist_fo,set_iteration_general_intersection_right_hoist_fo,set_iteration_general_diff_right_hoist_fo,set_iteration_general_restriction_right_hoist_fo	mapped to first-order proof artifact(s)	(rewrite (IterBinderOp src (DiffOp body invariant)) (DiffOp (IterBinderOp src body) invariant) :when ((iter-independent invariant)))
zipper-descend:0255	rewrite	805	RestrictionOp,IterBinderOp,iter-independent	FOL	proved-unbounded	eager_iteration_set_equiv,zipper_iteration_materialization_equiv,set_iteration_general_body_union_distribution_fo,set_iteration_general_invariant_left_fo,set_iteration_general_invariant_right_fo,set_iteration_general_wrap_hoist_fo,set_iteration_general_product_right_hoist_fo,set_iteration_general_intersection_right_hoist_fo,set_iteration_general_diff_right_hoist_fo,set_iteration_general_restriction_right_hoist_fo	mapped to first-order proof artifact(s)	(rewrite (IterBinderOp src (RestrictionOp body invariant)) (RestrictionOp (IterBinderOp src body) invariant) :when ((iter-independent invariant)))
zipper-descend:0256	rewrite	808	TailsClosureOp,FixpointOp	mixed	proved-bounded	eager_tails_closure_set_equiv,zipper_tails_closure_materialization_equiv,arbitrary_zipper_tails_closure_set_equiv,set_child_tails_closure_derivative,antimirov_tails_frontier_state_child_fo,antimirov_tails_frontier_nested_fo,antimirov_tails_frontier_nested_a_b,set_tails_closure_definition_fo,tails_closure_idempotent,tails_closure_definition,child_tails_closure_derivative_a,child_tails_closure_derivative_b,tails_closure_unfold_base_or_step,suffix_closure_child_derivative_a,suffix_closure_child_derivative_b,tails-closure-open:space_optimized_open,zipper_fixpoint_tail_materialization_equiv,zipper_fixpoint_head_materialization_equiv,zipper_fixpoint_reconstruct_materialization_equiv,zipper_fixpoint_range_tail_full_materialization_equiv,zipper_fixpoint_range_tail_empty_materialization_equiv,zipper_fixpoint_range_reconstruct_materialization_equiv,fixpoint_tail_closure,fixpoint_tail_unfold_base_or_step,fixpoint_tail_unfold_via_iter_tail,fixpoint_head_closure,fixpoint_head_unfold_base_or_step,fixpoint_reconstruct_identity,fixpoint_reconstruct_unfold_base_or_step,fixpoint_prefixed_reconstruct_empty_prefix_identity,fixpoint_range_tail_full_sentinel_closure,fixpoint_range_tail_empty_slice_identity,fixpoint_range_reconstruct_full_sentinel_identity,fixpoint_range_reconstruct_first_identity,fixpoint_range_reconstruct_drop_last_identity,fixpoint_prefixed_range_reconstruct_empty_prefix_first_identity,fixpoint_prefixed_range_reconstruct_empty_prefix_drop_last_identity,fixpoint-open:space_optimized_open	mixed FOL plus bounded evidence; weakest proof tier is bounded	(rewrite (FixpointOp z (TailTemplate)) (TailsClosureOp z))
zipper-descend:0257	rewrite	809	UnionOp,HeadOp,FixpointOp	mixed	proved-bounded	zipper_union_terminal_equiv,zipper_union_child_equiv,set_child_union_fo,set_union_idempotent_fo,set_union_associative_fo,child_union_a,child_union_b,child_same_head_union_a,child_same_head_union_b,union_idempotent,union_associative,eager_head_set_equiv,zipper_head_materialization_equiv,arbitrary_zipper_head_set_equiv,set_child_head,set_terminal_head_empty,set_iteration_head_identity,iteration_head_identity,head_idempotent,zipper_fixpoint_tail_materialization_equiv,zipper_fixpoint_head_materialization_equiv,zipper_fixpoint_reconstruct_materialization_equiv,zipper_fixpoint_range_tail_full_materialization_equiv,zipper_fixpoint_range_tail_empty_materialization_equiv,zipper_fixpoint_range_reconstruct_materialization_equiv,fixpoint_tail_closure,fixpoint_tail_unfold_base_or_step,fixpoint_tail_unfold_via_iter_tail,fixpoint_head_closure,fixpoint_head_unfold_base_or_step,fixpoint_reconstruct_identity,fixpoint_reconstruct_unfold_base_or_step,fixpoint_prefixed_reconstruct_empty_prefix_identity,fixpoint_range_tail_full_sentinel_closure,fixpoint_range_tail_empty_slice_identity,fixpoint_range_reconstruct_full_sentinel_identity,fixpoint_range_reconstruct_first_identity,fixpoint_range_reconstruct_drop_last_identity,fixpoint_prefixed_range_reconstruct_empty_prefix_first_identity,fixpoint_prefixed_range_reconstruct_empty_prefix_drop_last_identity,fixpoint-open:space_optimized_open	mixed FOL plus bounded evidence; weakest proof tier is bounded	(rewrite (FixpointOp z (HeadTemplate)) (UnionOp z (HeadOp z)))
zipper-descend:0258	rewrite	810	FixpointOp	mixed	proved-bounded	zipper_fixpoint_tail_materialization_equiv,zipper_fixpoint_head_materialization_equiv,zipper_fixpoint_reconstruct_materialization_equiv,zipper_fixpoint_range_tail_full_materialization_equiv,zipper_fixpoint_range_tail_empty_materialization_equiv,zipper_fixpoint_range_reconstruct_materialization_equiv,fixpoint_tail_closure,fixpoint_tail_unfold_base_or_step,fixpoint_tail_unfold_via_iter_tail,fixpoint_head_closure,fixpoint_head_unfold_base_or_step,fixpoint_reconstruct_identity,fixpoint_reconstruct_unfold_base_or_step,fixpoint_prefixed_reconstruct_empty_prefix_identity,fixpoint_range_tail_full_sentinel_closure,fixpoint_range_tail_empty_slice_identity,fixpoint_range_reconstruct_full_sentinel_identity,fixpoint_range_reconstruct_first_identity,fixpoint_range_reconstruct_drop_last_identity,fixpoint_prefixed_range_reconstruct_empty_prefix_first_identity,fixpoint_prefixed_range_reconstruct_empty_prefix_drop_last_identity,fixpoint-open:space_optimized_open	mixed FOL plus bounded evidence; weakest proof tier is bounded	(rewrite (FixpointOp z (ReconstructTemplate)) z)
zipper-descend:0259	rewrite	811	FixpointOp	mixed	proved-bounded	zipper_fixpoint_tail_materialization_equiv,zipper_fixpoint_head_materialization_equiv,zipper_fixpoint_reconstruct_materialization_equiv,zipper_fixpoint_range_tail_full_materialization_equiv,zipper_fixpoint_range_tail_empty_materialization_equiv,zipper_fixpoint_range_reconstruct_materialization_equiv,fixpoint_tail_closure,fixpoint_tail_unfold_base_or_step,fixpoint_tail_unfold_via_iter_tail,fixpoint_head_closure,fixpoint_head_unfold_base_or_step,fixpoint_reconstruct_identity,fixpoint_reconstruct_unfold_base_or_step,fixpoint_prefixed_reconstruct_empty_prefix_identity,fixpoint_range_tail_full_sentinel_closure,fixpoint_range_tail_empty_slice_identity,fixpoint_range_reconstruct_full_sentinel_identity,fixpoint_range_reconstruct_first_identity,fixpoint_range_reconstruct_drop_last_identity,fixpoint_prefixed_range_reconstruct_empty_prefix_first_identity,fixpoint_prefixed_range_reconstruct_empty_prefix_drop_last_identity,fixpoint-open:space_optimized_open	mixed FOL plus bounded evidence; weakest proof tier is bounded	(rewrite (FixpointOp z (PrefixedReconstructTemplate (Eps))) z)
zipper-descend:0260	rewrite	812	TailsClosureOp,FixpointOp	mixed	proved-bounded	eager_tails_closure_set_equiv,zipper_tails_closure_materialization_equiv,arbitrary_zipper_tails_closure_set_equiv,set_child_tails_closure_derivative,antimirov_tails_frontier_state_child_fo,antimirov_tails_frontier_nested_fo,antimirov_tails_frontier_nested_a_b,set_tails_closure_definition_fo,tails_closure_idempotent,tails_closure_definition,child_tails_closure_derivative_a,child_tails_closure_derivative_b,tails_closure_unfold_base_or_step,suffix_closure_child_derivative_a,suffix_closure_child_derivative_b,tails-closure-open:space_optimized_open,zipper_fixpoint_tail_materialization_equiv,zipper_fixpoint_head_materialization_equiv,zipper_fixpoint_reconstruct_materialization_equiv,zipper_fixpoint_range_tail_full_materialization_equiv,zipper_fixpoint_range_tail_empty_materialization_equiv,zipper_fixpoint_range_reconstruct_materialization_equiv,fixpoint_tail_closure,fixpoint_tail_unfold_base_or_step,fixpoint_tail_unfold_via_iter_tail,fixpoint_head_closure,fixpoint_head_unfold_base_or_step,fixpoint_reconstruct_identity,fixpoint_reconstruct_unfold_base_or_step,fixpoint_prefixed_reconstruct_empty_prefix_identity,fixpoint_range_tail_full_sentinel_closure,fixpoint_range_tail_empty_slice_identity,fixpoint_range_reconstruct_full_sentinel_identity,fixpoint_range_reconstruct_first_identity,fixpoint_range_reconstruct_drop_last_identity,fixpoint_prefixed_range_reconstruct_empty_prefix_first_identity,fixpoint_prefixed_range_reconstruct_empty_prefix_drop_last_identity,fixpoint-open:space_optimized_open	mixed FOL plus bounded evidence; weakest proof tier is bounded	(rewrite (FixpointOp z (RangeTailTemplate "0" "0")) (TailsClosureOp z))
zipper-descend:0261	rewrite	813	FixpointOp	mixed	proved-bounded	zipper_fixpoint_tail_materialization_equiv,zipper_fixpoint_head_materialization_equiv,zipper_fixpoint_reconstruct_materialization_equiv,zipper_fixpoint_range_tail_full_materialization_equiv,zipper_fixpoint_range_tail_empty_materialization_equiv,zipper_fixpoint_range_reconstruct_materialization_equiv,fixpoint_tail_closure,fixpoint_tail_unfold_base_or_step,fixpoint_tail_unfold_via_iter_tail,fixpoint_head_closure,fixpoint_head_unfold_base_or_step,fixpoint_reconstruct_identity,fixpoint_reconstruct_unfold_base_or_step,fixpoint_prefixed_reconstruct_empty_prefix_identity,fixpoint_range_tail_full_sentinel_closure,fixpoint_range_tail_empty_slice_identity,fixpoint_range_reconstruct_full_sentinel_identity,fixpoint_range_reconstruct_first_identity,fixpoint_range_reconstruct_drop_last_identity,fixpoint_prefixed_range_reconstruct_empty_prefix_first_identity,fixpoint_prefixed_range_reconstruct_empty_prefix_drop_last_identity,fixpoint-open:space_optimized_open	mixed FOL plus bounded evidence; weakest proof tier is bounded	(rewrite (FixpointOp z (RangeTailTemplate "1" "1")) z)
zipper-descend:0262	rewrite	814	FixpointOp	mixed	proved-bounded	zipper_fixpoint_tail_materialization_equiv,zipper_fixpoint_head_materialization_equiv,zipper_fixpoint_reconstruct_materialization_equiv,zipper_fixpoint_range_tail_full_materialization_equiv,zipper_fixpoint_range_tail_empty_materialization_equiv,zipper_fixpoint_range_reconstruct_materialization_equiv,fixpoint_tail_closure,fixpoint_tail_unfold_base_or_step,fixpoint_tail_unfold_via_iter_tail,fixpoint_head_closure,fixpoint_head_unfold_base_or_step,fixpoint_reconstruct_identity,fixpoint_reconstruct_unfold_base_or_step,fixpoint_prefixed_reconstruct_empty_prefix_identity,fixpoint_range_tail_full_sentinel_closure,fixpoint_range_tail_empty_slice_identity,fixpoint_range_reconstruct_full_sentinel_identity,fixpoint_range_reconstruct_first_identity,fixpoint_range_reconstruct_drop_last_identity,fixpoint_prefixed_range_reconstruct_empty_prefix_first_identity,fixpoint_prefixed_range_reconstruct_empty_prefix_drop_last_identity,fixpoint-open:space_optimized_open	mixed FOL plus bounded evidence; weakest proof tier is bounded	(rewrite (FixpointOp z (RangeReconstructTemplate start end)) z)
zipper-descend:0263	rewrite	815	FixpointOp	mixed	proved-bounded	zipper_fixpoint_tail_materialization_equiv,zipper_fixpoint_head_materialization_equiv,zipper_fixpoint_reconstruct_materialization_equiv,zipper_fixpoint_range_tail_full_materialization_equiv,zipper_fixpoint_range_tail_empty_materialization_equiv,zipper_fixpoint_range_reconstruct_materialization_equiv,fixpoint_tail_closure,fixpoint_tail_unfold_base_or_step,fixpoint_tail_unfold_via_iter_tail,fixpoint_head_closure,fixpoint_head_unfold_base_or_step,fixpoint_reconstruct_identity,fixpoint_reconstruct_unfold_base_or_step,fixpoint_prefixed_reconstruct_empty_prefix_identity,fixpoint_range_tail_full_sentinel_closure,fixpoint_range_tail_empty_slice_identity,fixpoint_range_reconstruct_full_sentinel_identity,fixpoint_range_reconstruct_first_identity,fixpoint_range_reconstruct_drop_last_identity,fixpoint_prefixed_range_reconstruct_empty_prefix_first_identity,fixpoint_prefixed_range_reconstruct_empty_prefix_drop_last_identity,fixpoint-open:space_optimized_open	mixed FOL plus bounded evidence; weakest proof tier is bounded	(rewrite (FixpointOp z (PrefixedRangeReconstructTemplate (Eps) start end)) z)
zipper-descend:0264	rewrite	821	FrontierUnionOp,FrontierChildUnionOp,IterOp,Child	mixed	proved-bounded	frontier_union_is_tails_union,tails_union_children,child_tails_union_a,child_tails_union_b,frontier_child_union_a_after_b,frontier_tail_union_a_is_child,frontier_tail_union_b_is_child,eager_iteration_set_equiv,zipper_iteration_materialization_equiv,zipper_iter_tail_materialization_equiv,zipper_iter_head_materialization_equiv,zipper_iter_reconstruct_materialization_equiv,zipper_iter_prefixed_reconstruct_materialization_equiv,iteration_tail_identity,iteration_head_identity,iteration_reconstruct_nonempty_source,set_iteration_prefixed_reconstruct_definition_fo,iteration_prefixed_reconstruct_nonempty_source,iteration_prefixed_reconstruct_two_item_nonempty_source,iteration_prefixed_range_reconstruct_first_subset,iteration_prefixed_range_reconstruct_first_literal,iteration_prefixed_range_reconstruct_drop_last_literal,iteration_prefixed_range_reconstruct_full_sentinel,iteration_prefixed_range_reconstruct_empty_slice,iteration_prefixed_range_reconstruct_drop_last_subset,iteration_source_union_tail,iteration_source_union_head,zipper_base_child_equiv,child_empty_a,child_empty_b,child_epsilon_a,child_epsilon_b,child_singleton_hit_a,child_singleton_hit_b,child_singleton_miss_a_b,child_singleton_miss_b_a,child_concat_hit_a,child_concat_hit_b,child_concat_miss_a_b,child_concat_miss_b_a,child_union_a,child_union_b,set_child_union_fo,child_same_head_union_a,child_same_head_union_b,child_intersection_a,child_intersection_b,child_diff_a,child_diff_b,set_child_product_derivative,set_child_restriction_derivative,set_child_raffination_derivative,set_child_wrap_hit,set_child_unwrap_singleton,set_child_head,set_child_nonempty_paths,set_child_prefix_closure,set_child_prefix_closure_below,set_child_suffix_closure_derivative,set_child_tails_closure_derivative	mixed FOL plus bounded evidence; weakest proof tier is bounded	(rewrite (Child item (IterOp src (TailTemplate))) (FrontierChildUnionOp (FrontierUnionOp src) item))
zipper-descend:0265	rewrite	823	HeadOp,IterOp,Child	mixed	proved-bounded	eager_head_set_equiv,zipper_head_materialization_equiv,arbitrary_zipper_head_set_equiv,set_child_head,set_terminal_head_empty,set_iteration_head_identity,iteration_head_identity,head_idempotent,eager_iteration_set_equiv,zipper_iteration_materialization_equiv,zipper_iter_tail_materialization_equiv,zipper_iter_head_materialization_equiv,zipper_iter_reconstruct_materialization_equiv,zipper_iter_prefixed_reconstruct_materialization_equiv,iteration_tail_identity,iteration_reconstruct_nonempty_source,set_iteration_prefixed_reconstruct_definition_fo,iteration_prefixed_reconstruct_nonempty_source,iteration_prefixed_reconstruct_two_item_nonempty_source,iteration_prefixed_range_reconstruct_first_subset,iteration_prefixed_range_reconstruct_first_literal,iteration_prefixed_range_reconstruct_drop_last_literal,iteration_prefixed_range_reconstruct_full_sentinel,iteration_prefixed_range_reconstruct_empty_slice,iteration_prefixed_range_reconstruct_drop_last_subset,iteration_source_union_tail,iteration_source_union_head,zipper_base_child_equiv,child_empty_a,child_empty_b,child_epsilon_a,child_epsilon_b,child_singleton_hit_a,child_singleton_hit_b,child_singleton_miss_a_b,child_singleton_miss_b_a,child_concat_hit_a,child_concat_hit_b,child_concat_miss_a_b,child_concat_miss_b_a,child_union_a,child_union_b,set_child_union_fo,child_same_head_union_a,child_same_head_union_b,child_intersection_a,child_intersection_b,child_diff_a,child_diff_b,set_child_product_derivative,set_child_restriction_derivative,set_child_raffination_derivative,set_child_wrap_hit,set_child_unwrap_singleton,set_child_nonempty_paths,set_child_prefix_closure,set_child_prefix_closure_below,set_child_suffix_closure_derivative,set_child_tails_closure_derivative	mixed FOL plus bounded evidence; weakest proof tier is bounded	(rewrite (Child item (IterOp src (HeadTemplate))) (Child item (HeadOp src)))
zipper-descend:0266	rewrite	825	NonEmptyOp,IterOp,Child	mixed	proved-bounded	eager_nonempty_paths_set_equiv,zipper_nonempty_paths_materialization_equiv,arbitrary_zipper_nonempty_paths_set_equiv,set_child_nonempty_paths,set_terminal_nonempty_paths_empty,nonempty_empty,nonempty_epsilon_empty,nonempty_idempotent,nonempty_subset,nonempty_union,nonempty_child_a,nonempty_child_b,iteration_reconstruct_nonempty_source,eager_iteration_set_equiv,zipper_iteration_materialization_equiv,zipper_iter_tail_materialization_equiv,zipper_iter_head_materialization_equiv,zipper_iter_reconstruct_materialization_equiv,zipper_iter_prefixed_reconstruct_materialization_equiv,iteration_tail_identity,iteration_head_identity,set_iteration_prefixed_reconstruct_definition_fo,iteration_prefixed_reconstruct_nonempty_source,iteration_prefixed_reconstruct_two_item_nonempty_source,iteration_prefixed_range_reconstruct_first_subset,iteration_prefixed_range_reconstruct_first_literal,iteration_prefixed_range_reconstruct_drop_last_literal,iteration_prefixed_range_reconstruct_full_sentinel,iteration_prefixed_range_reconstruct_empty_slice,iteration_prefixed_range_reconstruct_drop_last_subset,iteration_source_union_tail,iteration_source_union_head,zipper_base_child_equiv,child_empty_a,child_empty_b,child_epsilon_a,child_epsilon_b,child_singleton_hit_a,child_singleton_hit_b,child_singleton_miss_a_b,child_singleton_miss_b_a,child_concat_hit_a,child_concat_hit_b,child_concat_miss_a_b,child_concat_miss_b_a,child_union_a,child_union_b,set_child_union_fo,child_same_head_union_a,child_same_head_union_b,child_intersection_a,child_intersection_b,child_diff_a,child_diff_b,set_child_product_derivative,set_child_restriction_derivative,set_child_raffination_derivative,set_child_wrap_hit,set_child_unwrap_singleton,set_child_head,set_child_prefix_closure,set_child_prefix_closure_below,set_child_suffix_closure_derivative,set_child_tails_closure_derivative	mixed FOL plus bounded evidence; weakest proof tier is bounded	(rewrite (Child item (IterOp src (ReconstructTemplate))) (Child item (NonEmptyOp src)))
zipper-descend:0267	rewrite	827	WrapOp,NonEmptyOp,IterOp,Child	mixed	proved-bounded	eager_wrap_set_equiv,zipper_wrap_materialization_equiv,arbitrary_zipper_wrap_set_equiv,set_child_wrap_hit,set_terminal_wrap,wrap_unwrap_left_inverse_a,wrap_unwrap_left_inverse_b,wrap_unwrap_left_inverse_ab,wrap_unwrap_restriction_a,wrap_unwrap_restriction_b,eager_nonempty_paths_set_equiv,zipper_nonempty_paths_materialization_equiv,arbitrary_zipper_nonempty_paths_set_equiv,set_child_nonempty_paths,set_terminal_nonempty_paths_empty,nonempty_empty,nonempty_epsilon_empty,nonempty_idempotent,nonempty_subset,nonempty_union,nonempty_child_a,nonempty_child_b,iteration_reconstruct_nonempty_source,eager_iteration_set_equiv,zipper_iteration_materialization_equiv,zipper_iter_tail_materialization_equiv,zipper_iter_head_materialization_equiv,zipper_iter_reconstruct_materialization_equiv,zipper_iter_prefixed_reconstruct_materialization_equiv,iteration_tail_identity,iteration_head_identity,set_iteration_prefixed_reconstruct_definition_fo,iteration_prefixed_reconstruct_nonempty_source,iteration_prefixed_reconstruct_two_item_nonempty_source,iteration_prefixed_range_reconstruct_first_subset,iteration_prefixed_range_reconstruct_first_literal,iteration_prefixed_range_reconstruct_drop_last_literal,iteration_prefixed_range_reconstruct_full_sentinel,iteration_prefixed_range_reconstruct_empty_slice,iteration_prefixed_range_reconstruct_drop_last_subset,iteration_source_union_tail,iteration_source_union_head,zipper_base_child_equiv,child_empty_a,child_empty_b,child_epsilon_a,child_epsilon_b,child_singleton_hit_a,child_singleton_hit_b,child_singleton_miss_a_b,child_singleton_miss_b_a,child_concat_hit_a,child_concat_hit_b,child_concat_miss_a_b,child_concat_miss_b_a,child_union_a,child_union_b,set_child_union_fo,child_same_head_union_a,child_same_head_union_b,child_intersection_a,child_intersection_b,child_diff_a,child_diff_b,set_child_product_derivative,set_child_restriction_derivative,set_child_raffination_derivative,set_child_unwrap_singleton,set_child_head,set_child_prefix_closure,set_child_prefix_closure_below,set_child_suffix_closure_derivative,set_child_tails_closure_derivative	mixed FOL plus bounded evidence; weakest proof tier is bounded	(rewrite (Child item (IterOp src (PrefixedReconstructTemplate prefix))) (Child item (WrapOp (NonEmptyOp src) prefix)))
zipper-descend:0268	rewrite	829	FrontierChildUnionOp,IterOp,IterRangeTailOp,Child	mixed	proved-bounded	frontier_child_union_a_after_b,frontier_tail_union_a_is_child,frontier_tail_union_b_is_child,tails_union_children,child_tails_union_a,child_tails_union_b,eager_iteration_set_equiv,zipper_iteration_materialization_equiv,zipper_iter_tail_materialization_equiv,zipper_iter_head_materialization_equiv,zipper_iter_reconstruct_materialization_equiv,zipper_iter_prefixed_reconstruct_materialization_equiv,iteration_tail_identity,iteration_head_identity,iteration_reconstruct_nonempty_source,set_iteration_prefixed_reconstruct_definition_fo,iteration_prefixed_reconstruct_nonempty_source,iteration_prefixed_reconstruct_two_item_nonempty_source,iteration_prefixed_range_reconstruct_first_subset,iteration_prefixed_range_reconstruct_first_literal,iteration_prefixed_range_reconstruct_drop_last_literal,iteration_prefixed_range_reconstruct_full_sentinel,iteration_prefixed_range_reconstruct_empty_slice,iteration_prefixed_range_reconstruct_drop_last_subset,iteration_source_union_tail,iteration_source_union_head,set_iteration_range_tail_definition_fo,zipper_iter_range_tail_materialization_equiv,iteration_range_tail_full_sentinel,iteration_range_tail_empty_slice,iteration_range_tail_first_subset,iteration_range_tail_drop_last_subset,iteration_range_tail_first_literal,iteration_range_tail_drop_last_literal,iteration_range_tail_same_head_first_literal,iteration_range_tail_same_head_drop_last_literal,zipper_base_child_equiv,child_empty_a,child_empty_b,child_epsilon_a,child_epsilon_b,child_singleton_hit_a,child_singleton_hit_b,child_singleton_miss_a_b,child_singleton_miss_b_a,child_concat_hit_a,child_concat_hit_b,child_concat_miss_a_b,child_concat_miss_b_a,child_union_a,child_union_b,set_child_union_fo,child_same_head_union_a,child_same_head_union_b,child_intersection_a,child_intersection_b,child_diff_a,child_diff_b,set_child_product_derivative,set_child_restriction_derivative,set_child_raffination_derivative,set_child_wrap_hit,set_child_unwrap_singleton,set_child_head,set_child_nonempty_paths,set_child_prefix_closure,set_child_prefix_closure_below,set_child_suffix_closure_derivative,set_child_tails_closure_derivative	mixed FOL plus bounded evidence; weakest proof tier is bounded	(rewrite (Child item (IterOp src (RangeTailTemplate start end))) (FrontierChildUnionOp (IterRangeTailOp src start end) item))
zipper-descend:0269	rewrite	831	FrontierChildUnionOp,IterOp,IterRangeReconstructOp,Child	mixed	proved-bounded	frontier_child_union_a_after_b,frontier_tail_union_a_is_child,frontier_tail_union_b_is_child,tails_union_children,child_tails_union_a,child_tails_union_b,eager_iteration_set_equiv,zipper_iteration_materialization_equiv,zipper_iter_tail_materialization_equiv,zipper_iter_head_materialization_equiv,zipper_iter_reconstruct_materialization_equiv,zipper_iter_prefixed_reconstruct_materialization_equiv,iteration_tail_identity,iteration_head_identity,iteration_reconstruct_nonempty_source,set_iteration_prefixed_reconstruct_definition_fo,iteration_prefixed_reconstruct_nonempty_source,iteration_prefixed_reconstruct_two_item_nonempty_source,iteration_prefixed_range_reconstruct_first_subset,iteration_prefixed_range_reconstruct_first_literal,iteration_prefixed_range_reconstruct_drop_last_literal,iteration_prefixed_range_reconstruct_full_sentinel,iteration_prefixed_range_reconstruct_empty_slice,iteration_prefixed_range_reconstruct_drop_last_subset,iteration_source_union_tail,iteration_source_union_head,set_iteration_range_reconstruct_definition_fo,zipper_iter_range_reconstruct_materialization_equiv,iteration_range_reconstruct_full_sentinel,iteration_range_reconstruct_empty_slice,iteration_range_reconstruct_first_subset,iteration_range_reconstruct_drop_last_subset,iteration_range_reconstruct_first_literal,iteration_range_reconstruct_drop_last_literal,iteration_range_reconstruct_same_head_first_literal,iteration_range_reconstruct_same_head_drop_last_literal,zipper_base_child_equiv,child_empty_a,child_empty_b,child_epsilon_a,child_epsilon_b,child_singleton_hit_a,child_singleton_hit_b,child_singleton_miss_a_b,child_singleton_miss_b_a,child_concat_hit_a,child_concat_hit_b,child_concat_miss_a_b,child_concat_miss_b_a,child_union_a,child_union_b,set_child_union_fo,child_same_head_union_a,child_same_head_union_b,child_intersection_a,child_intersection_b,child_diff_a,child_diff_b,set_child_product_derivative,set_child_restriction_derivative,set_child_raffination_derivative,set_child_wrap_hit,set_child_unwrap_singleton,set_child_head,set_child_nonempty_paths,set_child_prefix_closure,set_child_prefix_closure_below,set_child_suffix_closure_derivative,set_child_tails_closure_derivative	mixed FOL plus bounded evidence; weakest proof tier is bounded	(rewrite (Child item (IterOp src (RangeReconstructTemplate start end))) (FrontierChildUnionOp (IterRangeReconstructOp src start end) item))
zipper-descend:0270	rewrite	833	FrontierChildUnionOp,IterOp,IterPrefixedRangeReconstructOp,Child	mixed	proved-bounded	frontier_child_union_a_after_b,frontier_tail_union_a_is_child,frontier_tail_union_b_is_child,tails_union_children,child_tails_union_a,child_tails_union_b,eager_iteration_set_equiv,zipper_iteration_materialization_equiv,zipper_iter_tail_materialization_equiv,zipper_iter_head_materialization_equiv,zipper_iter_reconstruct_materialization_equiv,zipper_iter_prefixed_reconstruct_materialization_equiv,iteration_tail_identity,iteration_head_identity,iteration_reconstruct_nonempty_source,set_iteration_prefixed_reconstruct_definition_fo,iteration_prefixed_reconstruct_nonempty_source,iteration_prefixed_reconstruct_two_item_nonempty_source,iteration_prefixed_range_reconstruct_first_subset,iteration_prefixed_range_reconstruct_first_literal,iteration_prefixed_range_reconstruct_drop_last_literal,iteration_prefixed_range_reconstruct_full_sentinel,iteration_prefixed_range_reconstruct_empty_slice,iteration_prefixed_range_reconstruct_drop_last_subset,iteration_source_union_tail,iteration_source_union_head,set_iteration_prefixed_range_reconstruct_definition_fo,zipper_iter_prefixed_range_reconstruct_materialization_equiv,iteration_prefixed_range_reconstruct_same_head_drop_last_literal,zipper_base_child_equiv,child_empty_a,child_empty_b,child_epsilon_a,child_epsilon_b,child_singleton_hit_a,child_singleton_hit_b,child_singleton_miss_a_b,child_singleton_miss_b_a,child_concat_hit_a,child_concat_hit_b,child_concat_miss_a_b,child_concat_miss_b_a,child_union_a,child_union_b,set_child_union_fo,child_same_head_union_a,child_same_head_union_b,child_intersection_a,child_intersection_b,child_diff_a,child_diff_b,set_child_product_derivative,set_child_restriction_derivative,set_child_raffination_derivative,set_child_wrap_hit,set_child_unwrap_singleton,set_child_head,set_child_nonempty_paths,set_child_prefix_closure,set_child_prefix_closure_below,set_child_suffix_closure_derivative,set_child_tails_closure_derivative	mixed FOL plus bounded evidence; weakest proof tier is bounded	(rewrite (Child item (IterOp src (PrefixedRangeReconstructTemplate prefix start end))) (FrontierChildUnionOp (IterPrefixedRangeReconstructOp src prefix start end) item))
zipper-descend:0271	rewrite	835	FrontierTailUnionOp,FrontierStateOp,TailsClosureOp,FixpointOp,Child	mixed	proved-bounded	frontier_tail_union_a_is_child,frontier_tail_union_b_is_child,antimirov_suffix_frontier_state_child_a,antimirov_suffix_frontier_state_child_b,antimirov_tails_frontier_state_child_a,antimirov_tails_frontier_state_child_b,antimirov_suffix_frontier_state_child_fo,antimirov_tails_frontier_state_child_fo,tails_union_children,child_tails_union_a,child_tails_union_b,suffix_closure_child_derivative_a,suffix_closure_child_derivative_b,child_tails_closure_derivative_a,child_tails_closure_derivative_b,frontier_union_is_tails_union,frontier_child_union_a_after_b,antimirov_suffix_frontier_nested_a_b,antimirov_tails_frontier_nested_a_b,antimirov_suffix_frontier_nested_fo,antimirov_tails_frontier_nested_fo,eager_tails_closure_set_equiv,zipper_tails_closure_materialization_equiv,arbitrary_zipper_tails_closure_set_equiv,set_child_tails_closure_derivative,set_tails_closure_definition_fo,tails_closure_idempotent,tails_closure_definition,tails_closure_unfold_base_or_step,tails-closure-open:space_optimized_open,zipper_fixpoint_tail_materialization_equiv,zipper_fixpoint_head_materialization_equiv,zipper_fixpoint_reconstruct_materialization_equiv,zipper_fixpoint_range_tail_full_materialization_equiv,zipper_fixpoint_range_tail_empty_materialization_equiv,zipper_fixpoint_range_reconstruct_materialization_equiv,fixpoint_tail_closure,fixpoint_tail_unfold_base_or_step,fixpoint_tail_unfold_via_iter_tail,fixpoint_head_closure,fixpoint_head_unfold_base_or_step,fixpoint_reconstruct_identity,fixpoint_reconstruct_unfold_base_or_step,fixpoint_prefixed_reconstruct_empty_prefix_identity,fixpoint_range_tail_full_sentinel_closure,fixpoint_range_tail_empty_slice_identity,fixpoint_range_reconstruct_full_sentinel_identity,fixpoint_range_reconstruct_first_identity,fixpoint_range_reconstruct_drop_last_identity,fixpoint_prefixed_range_reconstruct_empty_prefix_first_identity,fixpoint_prefixed_range_reconstruct_empty_prefix_drop_last_identity,fixpoint-open:space_optimized_open,zipper_base_child_equiv,child_empty_a,child_empty_b,child_epsilon_a,child_epsilon_b,child_singleton_hit_a,child_singleton_hit_b,child_singleton_miss_a_b,child_singleton_miss_b_a,child_concat_hit_a,child_concat_hit_b,child_concat_miss_a_b,child_concat_miss_b_a,child_union_a,child_union_b,set_child_union_fo,child_same_head_union_a,child_same_head_union_b,child_intersection_a,child_intersection_b,child_diff_a,child_diff_b,set_child_product_derivative,set_child_restriction_derivative,set_child_raffination_derivative,set_child_wrap_hit,set_child_unwrap_singleton,set_child_head,set_child_nonempty_paths,set_child_prefix_closure,set_child_prefix_closure_below,set_child_suffix_closure_derivative	mixed FOL plus bounded evidence; weakest proof tier is bounded	(rewrite (Child item (FixpointOp src (TailTemplate))) (FrontierStateOp (FrontierTailUnionOp (TailsClosureOp src) item)))
zipper-descend:0272	rewrite	837	UnionOp,HeadOp,FixpointOp,Child	mixed	proved-bounded	zipper_union_terminal_equiv,zipper_union_child_equiv,set_child_union_fo,set_union_idempotent_fo,set_union_associative_fo,child_union_a,child_union_b,child_same_head_union_a,child_same_head_union_b,union_idempotent,union_associative,eager_head_set_equiv,zipper_head_materialization_equiv,arbitrary_zipper_head_set_equiv,set_child_head,set_terminal_head_empty,set_iteration_head_identity,iteration_head_identity,head_idempotent,zipper_fixpoint_tail_materialization_equiv,zipper_fixpoint_head_materialization_equiv,zipper_fixpoint_reconstruct_materialization_equiv,zipper_fixpoint_range_tail_full_materialization_equiv,zipper_fixpoint_range_tail_empty_materialization_equiv,zipper_fixpoint_range_reconstruct_materialization_equiv,fixpoint_tail_closure,fixpoint_tail_unfold_base_or_step,fixpoint_tail_unfold_via_iter_tail,fixpoint_head_closure,fixpoint_head_unfold_base_or_step,fixpoint_reconstruct_identity,fixpoint_reconstruct_unfold_base_or_step,fixpoint_prefixed_reconstruct_empty_prefix_identity,fixpoint_range_tail_full_sentinel_closure,fixpoint_range_tail_empty_slice_identity,fixpoint_range_reconstruct_full_sentinel_identity,fixpoint_range_reconstruct_first_identity,fixpoint_range_reconstruct_drop_last_identity,fixpoint_prefixed_range_reconstruct_empty_prefix_first_identity,fixpoint_prefixed_range_reconstruct_empty_prefix_drop_last_identity,fixpoint-open:space_optimized_open,zipper_base_child_equiv,child_empty_a,child_empty_b,child_epsilon_a,child_epsilon_b,child_singleton_hit_a,child_singleton_hit_b,child_singleton_miss_a_b,child_singleton_miss_b_a,child_concat_hit_a,child_concat_hit_b,child_concat_miss_a_b,child_concat_miss_b_a,child_intersection_a,child_intersection_b,child_diff_a,child_diff_b,set_child_product_derivative,set_child_restriction_derivative,set_child_raffination_derivative,set_child_wrap_hit,set_child_unwrap_singleton,set_child_nonempty_paths,set_child_prefix_closure,set_child_prefix_closure_below,set_child_suffix_closure_derivative,set_child_tails_closure_derivative	mixed FOL plus bounded evidence; weakest proof tier is bounded	(rewrite (Child item (FixpointOp src (HeadTemplate))) (Child item (UnionOp src (HeadOp src))))
zipper-descend:0273	rewrite	839	FixpointOp,Child	mixed	proved-bounded	zipper_fixpoint_tail_materialization_equiv,zipper_fixpoint_head_materialization_equiv,zipper_fixpoint_reconstruct_materialization_equiv,zipper_fixpoint_range_tail_full_materialization_equiv,zipper_fixpoint_range_tail_empty_materialization_equiv,zipper_fixpoint_range_reconstruct_materialization_equiv,fixpoint_tail_closure,fixpoint_tail_unfold_base_or_step,fixpoint_tail_unfold_via_iter_tail,fixpoint_head_closure,fixpoint_head_unfold_base_or_step,fixpoint_reconstruct_identity,fixpoint_reconstruct_unfold_base_or_step,fixpoint_prefixed_reconstruct_empty_prefix_identity,fixpoint_range_tail_full_sentinel_closure,fixpoint_range_tail_empty_slice_identity,fixpoint_range_reconstruct_full_sentinel_identity,fixpoint_range_reconstruct_first_identity,fixpoint_range_reconstruct_drop_last_identity,fixpoint_prefixed_range_reconstruct_empty_prefix_first_identity,fixpoint_prefixed_range_reconstruct_empty_prefix_drop_last_identity,fixpoint-open:space_optimized_open,zipper_base_child_equiv,child_empty_a,child_empty_b,child_epsilon_a,child_epsilon_b,child_singleton_hit_a,child_singleton_hit_b,child_singleton_miss_a_b,child_singleton_miss_b_a,child_concat_hit_a,child_concat_hit_b,child_concat_miss_a_b,child_concat_miss_b_a,child_union_a,child_union_b,set_child_union_fo,child_same_head_union_a,child_same_head_union_b,child_intersection_a,child_intersection_b,child_diff_a,child_diff_b,set_child_product_derivative,set_child_restriction_derivative,set_child_raffination_derivative,set_child_wrap_hit,set_child_unwrap_singleton,set_child_head,set_child_nonempty_paths,set_child_prefix_closure,set_child_prefix_closure_below,set_child_suffix_closure_derivative,set_child_tails_closure_derivative	mixed FOL plus bounded evidence; weakest proof tier is bounded	(rewrite (Child item (FixpointOp src (ReconstructTemplate))) (Child item src))
zipper-descend:0274	rewrite	841	FixpointOp,Child	mixed	proved-bounded	zipper_fixpoint_tail_materialization_equiv,zipper_fixpoint_head_materialization_equiv,zipper_fixpoint_reconstruct_materialization_equiv,zipper_fixpoint_range_tail_full_materialization_equiv,zipper_fixpoint_range_tail_empty_materialization_equiv,zipper_fixpoint_range_reconstruct_materialization_equiv,fixpoint_tail_closure,fixpoint_tail_unfold_base_or_step,fixpoint_tail_unfold_via_iter_tail,fixpoint_head_closure,fixpoint_head_unfold_base_or_step,fixpoint_reconstruct_identity,fixpoint_reconstruct_unfold_base_or_step,fixpoint_prefixed_reconstruct_empty_prefix_identity,fixpoint_range_tail_full_sentinel_closure,fixpoint_range_tail_empty_slice_identity,fixpoint_range_reconstruct_full_sentinel_identity,fixpoint_range_reconstruct_first_identity,fixpoint_range_reconstruct_drop_last_identity,fixpoint_prefixed_range_reconstruct_empty_prefix_first_identity,fixpoint_prefixed_range_reconstruct_empty_prefix_drop_last_identity,fixpoint-open:space_optimized_open,zipper_base_child_equiv,child_empty_a,child_empty_b,child_epsilon_a,child_epsilon_b,child_singleton_hit_a,child_singleton_hit_b,child_singleton_miss_a_b,child_singleton_miss_b_a,child_concat_hit_a,child_concat_hit_b,child_concat_miss_a_b,child_concat_miss_b_a,child_union_a,child_union_b,set_child_union_fo,child_same_head_union_a,child_same_head_union_b,child_intersection_a,child_intersection_b,child_diff_a,child_diff_b,set_child_product_derivative,set_child_restriction_derivative,set_child_raffination_derivative,set_child_wrap_hit,set_child_unwrap_singleton,set_child_head,set_child_nonempty_paths,set_child_prefix_closure,set_child_prefix_closure_below,set_child_suffix_closure_derivative,set_child_tails_closure_derivative	mixed FOL plus bounded evidence; weakest proof tier is bounded	(rewrite (Child item (FixpointOp src (PrefixedReconstructTemplate (Eps)))) (Child item src))
zipper-descend:0275	rewrite	843	FrontierTailUnionOp,FrontierStateOp,TailsClosureOp,FixpointOp,Child	mixed	proved-bounded	frontier_tail_union_a_is_child,frontier_tail_union_b_is_child,antimirov_suffix_frontier_state_child_a,antimirov_suffix_frontier_state_child_b,antimirov_tails_frontier_state_child_a,antimirov_tails_frontier_state_child_b,antimirov_suffix_frontier_state_child_fo,antimirov_tails_frontier_state_child_fo,tails_union_children,child_tails_union_a,child_tails_union_b,suffix_closure_child_derivative_a,suffix_closure_child_derivative_b,child_tails_closure_derivative_a,child_tails_closure_derivative_b,frontier_union_is_tails_union,frontier_child_union_a_after_b,antimirov_suffix_frontier_nested_a_b,antimirov_tails_frontier_nested_a_b,antimirov_suffix_frontier_nested_fo,antimirov_tails_frontier_nested_fo,eager_tails_closure_set_equiv,zipper_tails_closure_materialization_equiv,arbitrary_zipper_tails_closure_set_equiv,set_child_tails_closure_derivative,set_tails_closure_definition_fo,tails_closure_idempotent,tails_closure_definition,tails_closure_unfold_base_or_step,tails-closure-open:space_optimized_open,zipper_fixpoint_tail_materialization_equiv,zipper_fixpoint_head_materialization_equiv,zipper_fixpoint_reconstruct_materialization_equiv,zipper_fixpoint_range_tail_full_materialization_equiv,zipper_fixpoint_range_tail_empty_materialization_equiv,zipper_fixpoint_range_reconstruct_materialization_equiv,fixpoint_tail_closure,fixpoint_tail_unfold_base_or_step,fixpoint_tail_unfold_via_iter_tail,fixpoint_head_closure,fixpoint_head_unfold_base_or_step,fixpoint_reconstruct_identity,fixpoint_reconstruct_unfold_base_or_step,fixpoint_prefixed_reconstruct_empty_prefix_identity,fixpoint_range_tail_full_sentinel_closure,fixpoint_range_tail_empty_slice_identity,fixpoint_range_reconstruct_full_sentinel_identity,fixpoint_range_reconstruct_first_identity,fixpoint_range_reconstruct_drop_last_identity,fixpoint_prefixed_range_reconstruct_empty_prefix_first_identity,fixpoint_prefixed_range_reconstruct_empty_prefix_drop_last_identity,fixpoint-open:space_optimized_open,zipper_base_child_equiv,child_empty_a,child_empty_b,child_epsilon_a,child_epsilon_b,child_singleton_hit_a,child_singleton_hit_b,child_singleton_miss_a_b,child_singleton_miss_b_a,child_concat_hit_a,child_concat_hit_b,child_concat_miss_a_b,child_concat_miss_b_a,child_union_a,child_union_b,set_child_union_fo,child_same_head_union_a,child_same_head_union_b,child_intersection_a,child_intersection_b,child_diff_a,child_diff_b,set_child_product_derivative,set_child_restriction_derivative,set_child_raffination_derivative,set_child_wrap_hit,set_child_unwrap_singleton,set_child_head,set_child_nonempty_paths,set_child_prefix_closure,set_child_prefix_closure_below,set_child_suffix_closure_derivative	mixed FOL plus bounded evidence; weakest proof tier is bounded	(rewrite (Child item (FixpointOp src (RangeTailTemplate "0" "0"))) (FrontierStateOp (FrontierTailUnionOp (TailsClosureOp src) item)))
zipper-descend:0276	rewrite	845	FixpointOp,Child	mixed	proved-bounded	zipper_fixpoint_tail_materialization_equiv,zipper_fixpoint_head_materialization_equiv,zipper_fixpoint_reconstruct_materialization_equiv,zipper_fixpoint_range_tail_full_materialization_equiv,zipper_fixpoint_range_tail_empty_materialization_equiv,zipper_fixpoint_range_reconstruct_materialization_equiv,fixpoint_tail_closure,fixpoint_tail_unfold_base_or_step,fixpoint_tail_unfold_via_iter_tail,fixpoint_head_closure,fixpoint_head_unfold_base_or_step,fixpoint_reconstruct_identity,fixpoint_reconstruct_unfold_base_or_step,fixpoint_prefixed_reconstruct_empty_prefix_identity,fixpoint_range_tail_full_sentinel_closure,fixpoint_range_tail_empty_slice_identity,fixpoint_range_reconstruct_full_sentinel_identity,fixpoint_range_reconstruct_first_identity,fixpoint_range_reconstruct_drop_last_identity,fixpoint_prefixed_range_reconstruct_empty_prefix_first_identity,fixpoint_prefixed_range_reconstruct_empty_prefix_drop_last_identity,fixpoint-open:space_optimized_open,zipper_base_child_equiv,child_empty_a,child_empty_b,child_epsilon_a,child_epsilon_b,child_singleton_hit_a,child_singleton_hit_b,child_singleton_miss_a_b,child_singleton_miss_b_a,child_concat_hit_a,child_concat_hit_b,child_concat_miss_a_b,child_concat_miss_b_a,child_union_a,child_union_b,set_child_union_fo,child_same_head_union_a,child_same_head_union_b,child_intersection_a,child_intersection_b,child_diff_a,child_diff_b,set_child_product_derivative,set_child_restriction_derivative,set_child_raffination_derivative,set_child_wrap_hit,set_child_unwrap_singleton,set_child_head,set_child_nonempty_paths,set_child_prefix_closure,set_child_prefix_closure_below,set_child_suffix_closure_derivative,set_child_tails_closure_derivative	mixed FOL plus bounded evidence; weakest proof tier is bounded	(rewrite (Child item (FixpointOp src (RangeTailTemplate "1" "1"))) (Child item src))
zipper-descend:0277	rewrite	847	FixpointOp,Child	mixed	proved-bounded	zipper_fixpoint_tail_materialization_equiv,zipper_fixpoint_head_materialization_equiv,zipper_fixpoint_reconstruct_materialization_equiv,zipper_fixpoint_range_tail_full_materialization_equiv,zipper_fixpoint_range_tail_empty_materialization_equiv,zipper_fixpoint_range_reconstruct_materialization_equiv,fixpoint_tail_closure,fixpoint_tail_unfold_base_or_step,fixpoint_tail_unfold_via_iter_tail,fixpoint_head_closure,fixpoint_head_unfold_base_or_step,fixpoint_reconstruct_identity,fixpoint_reconstruct_unfold_base_or_step,fixpoint_prefixed_reconstruct_empty_prefix_identity,fixpoint_range_tail_full_sentinel_closure,fixpoint_range_tail_empty_slice_identity,fixpoint_range_reconstruct_full_sentinel_identity,fixpoint_range_reconstruct_first_identity,fixpoint_range_reconstruct_drop_last_identity,fixpoint_prefixed_range_reconstruct_empty_prefix_first_identity,fixpoint_prefixed_range_reconstruct_empty_prefix_drop_last_identity,fixpoint-open:space_optimized_open,zipper_base_child_equiv,child_empty_a,child_empty_b,child_epsilon_a,child_epsilon_b,child_singleton_hit_a,child_singleton_hit_b,child_singleton_miss_a_b,child_singleton_miss_b_a,child_concat_hit_a,child_concat_hit_b,child_concat_miss_a_b,child_concat_miss_b_a,child_union_a,child_union_b,set_child_union_fo,child_same_head_union_a,child_same_head_union_b,child_intersection_a,child_intersection_b,child_diff_a,child_diff_b,set_child_product_derivative,set_child_restriction_derivative,set_child_raffination_derivative,set_child_wrap_hit,set_child_unwrap_singleton,set_child_head,set_child_nonempty_paths,set_child_prefix_closure,set_child_prefix_closure_below,set_child_suffix_closure_derivative,set_child_tails_closure_derivative	mixed FOL plus bounded evidence; weakest proof tier is bounded	(rewrite (Child item (FixpointOp src (RangeReconstructTemplate start end))) (Child item src))
zipper-descend:0278	rewrite	849	FixpointOp,Child	mixed	proved-bounded	zipper_fixpoint_tail_materialization_equiv,zipper_fixpoint_head_materialization_equiv,zipper_fixpoint_reconstruct_materialization_equiv,zipper_fixpoint_range_tail_full_materialization_equiv,zipper_fixpoint_range_tail_empty_materialization_equiv,zipper_fixpoint_range_reconstruct_materialization_equiv,fixpoint_tail_closure,fixpoint_tail_unfold_base_or_step,fixpoint_tail_unfold_via_iter_tail,fixpoint_head_closure,fixpoint_head_unfold_base_or_step,fixpoint_reconstruct_identity,fixpoint_reconstruct_unfold_base_or_step,fixpoint_prefixed_reconstruct_empty_prefix_identity,fixpoint_range_tail_full_sentinel_closure,fixpoint_range_tail_empty_slice_identity,fixpoint_range_reconstruct_full_sentinel_identity,fixpoint_range_reconstruct_first_identity,fixpoint_range_reconstruct_drop_last_identity,fixpoint_prefixed_range_reconstruct_empty_prefix_first_identity,fixpoint_prefixed_range_reconstruct_empty_prefix_drop_last_identity,fixpoint-open:space_optimized_open,zipper_base_child_equiv,child_empty_a,child_empty_b,child_epsilon_a,child_epsilon_b,child_singleton_hit_a,child_singleton_hit_b,child_singleton_miss_a_b,child_singleton_miss_b_a,child_concat_hit_a,child_concat_hit_b,child_concat_miss_a_b,child_concat_miss_b_a,child_union_a,child_union_b,set_child_union_fo,child_same_head_union_a,child_same_head_union_b,child_intersection_a,child_intersection_b,child_diff_a,child_diff_b,set_child_product_derivative,set_child_restriction_derivative,set_child_raffination_derivative,set_child_wrap_hit,set_child_unwrap_singleton,set_child_head,set_child_nonempty_paths,set_child_prefix_closure,set_child_prefix_closure_below,set_child_suffix_closure_derivative,set_child_tails_closure_derivative	mixed FOL plus bounded evidence; weakest proof tier is bounded	(rewrite (Child item (FixpointOp src (PrefixedRangeReconstructTemplate (Eps) start end))) (Child item src))
zipper-descend:0279	rewrite	851	PatchChildOp,Child	mixed	proved-bounded	zipper_patch_child_terminal_equiv,zipper_patch_child_hit_equiv,zipper_patch_child_miss_equiv,zipper_patch_child_identity_equiv,zipper_context_graft_materialization,patch_child_hit_a,patch_child_hit_b,patch_child_miss_b,patch_child_miss_a,patch_child_identity_a,patch_child_identity_b,patch_child_terminal_preserved,patch_child_materialization_a,zipper_base_child_equiv,child_empty_a,child_empty_b,child_epsilon_a,child_epsilon_b,child_singleton_hit_a,child_singleton_hit_b,child_singleton_miss_a_b,child_singleton_miss_b_a,child_concat_hit_a,child_concat_hit_b,child_concat_miss_a_b,child_concat_miss_b_a,child_union_a,child_union_b,set_child_union_fo,child_same_head_union_a,child_same_head_union_b,child_intersection_a,child_intersection_b,child_diff_a,child_diff_b,set_child_product_derivative,set_child_restriction_derivative,set_child_raffination_derivative,set_child_wrap_hit,set_child_unwrap_singleton,set_child_head,set_child_nonempty_paths,set_child_prefix_closure,set_child_prefix_closure_below,set_child_suffix_closure_derivative,set_child_tails_closure_derivative	mixed FOL plus bounded evidence; weakest proof tier is bounded	(rewrite (PatchChildOp parent item (Child item parent)) parent)
zipper-descend:0280	rewrite	852	PatchChildOp,Child,EmptyZ,empty-focus	mixed	proved-bounded	zipper_patch_child_terminal_equiv,zipper_patch_child_hit_equiv,zipper_patch_child_miss_equiv,zipper_patch_child_identity_equiv,zipper_context_graft_materialization,patch_child_hit_a,patch_child_hit_b,patch_child_miss_b,patch_child_miss_a,patch_child_identity_a,patch_child_identity_b,patch_child_terminal_preserved,patch_child_materialization_a,zipper_base_child_equiv,child_empty_a,child_empty_b,child_epsilon_a,child_epsilon_b,child_singleton_hit_a,child_singleton_hit_b,child_singleton_miss_a_b,child_singleton_miss_b_a,child_concat_hit_a,child_concat_hit_b,child_concat_miss_a_b,child_concat_miss_b_a,child_union_a,child_union_b,set_child_union_fo,child_same_head_union_a,child_same_head_union_b,child_intersection_a,child_intersection_b,child_diff_a,child_diff_b,set_child_product_derivative,set_child_restriction_derivative,set_child_raffination_derivative,set_child_wrap_hit,set_child_unwrap_singleton,set_child_head,set_child_nonempty_paths,set_child_prefix_closure,set_child_prefix_closure_below,set_child_suffix_closure_derivative,set_child_tails_closure_derivative,zipper_emptyz_empty_focus_fo,zipper_emptyz_nonterminal_fo,zipper_keyset_emptyz_fo	mixed FOL plus bounded evidence; weakest proof tier is bounded	(rewrite (PatchChildOp parent item (EmptyZ)) parent :when ((empty-focus (Child item parent))))
zipper-descend:0281	rule	863	iter-independent,EmptyZ	FOL	proved-unbounded	set_iteration_general_independence_structural_fo	mapped to first-order proof artifact(s)	(rule ((= z (EmptyZ))) ((iter-independent z)))
zipper-descend:0282	rule	864	iter-independent,TrieZ	FOL	proved-unbounded	set_iteration_general_independence_structural_fo	mapped to first-order proof artifact(s)	(rule ((= z (TrieZ space))) ((iter-independent z)))
zipper-descend:0283	rule	865	iter-independent,MemoZ	FOL	proved-unbounded	set_iteration_general_independence_structural_fo	mapped to first-order proof artifact(s)	(rule ((= z (MemoZ src)) (iter-independent src)) ((iter-independent z)))
zipper-descend:0284	rule	866	UnionOp,iter-independent	FOL	proved-unbounded	set_iteration_general_independence_structural_fo	mapped to first-order proof artifact(s)	(rule ((= z (UnionOp left right)) (iter-independent left) (iter-independent right)) ((iter-independent z)))
zipper-descend:0285	rule	867	JoinAllOp3,iter-independent	FOL	proved-unbounded	set_iteration_general_independence_structural_fo	mapped to first-order proof artifact(s)	(rule ((= z (JoinAllOp3 a b c)) (iter-independent a) (iter-independent b) (iter-independent c)) ((iter-independent z)))
zipper-descend:0286	rule	868	IntersectionOp,iter-independent	FOL	proved-unbounded	set_iteration_general_independence_structural_fo	mapped to first-order proof artifact(s)	(rule ((= z (IntersectionOp left right)) (iter-independent left) (iter-independent right)) ((iter-independent z)))
zipper-descend:0287	rule	869	MeetAllOp3,iter-independent	FOL	proved-unbounded	set_iteration_general_independence_structural_fo	mapped to first-order proof artifact(s)	(rule ((= z (MeetAllOp3 a b c)) (iter-independent a) (iter-independent b) (iter-independent c)) ((iter-independent z)))
zipper-descend:0288	rule	870	DiffOp,iter-independent	FOL	proved-unbounded	set_iteration_general_independence_structural_fo	mapped to first-order proof artifact(s)	(rule ((= z (DiffOp left right)) (iter-independent left) (iter-independent right)) ((iter-independent z)))
zipper-descend:0289	rule	871	RestrictionOp,iter-independent	FOL	proved-unbounded	set_iteration_general_independence_structural_fo	mapped to first-order proof artifact(s)	(rule ((= z (RestrictionOp src prefixes)) (iter-independent src) (iter-independent prefixes)) ((iter-independent z)))
zipper-descend:0290	rule	872	RaffinationOp,iter-independent	FOL	proved-unbounded	set_iteration_general_independence_structural_fo	mapped to first-order proof artifact(s)	(rule ((= z (RaffinationOp src prefixes)) (iter-independent src) (iter-independent prefixes)) ((iter-independent z)))
zipper-descend:0291	rule	873	ConcatOp,iter-independent	FOL	proved-unbounded	set_iteration_general_independence_structural_fo	mapped to first-order proof artifact(s)	(rule ((= z (ConcatOp left right)) (iter-independent left) (iter-independent right)) ((iter-independent z)))
zipper-descend:0292	rule	874	WrapOp,iter-independent	FOL	proved-unbounded	set_iteration_general_independence_structural_fo	mapped to first-order proof artifact(s)	(rule ((= z (WrapOp src prefix)) (iter-independent src)) ((iter-independent z)))
zipper-descend:0293	rule	875	UnwrapOp,iter-independent	FOL	proved-unbounded	set_iteration_general_independence_structural_fo	mapped to first-order proof artifact(s)	(rule ((= z (UnwrapOp src prefix)) (iter-independent src)) ((iter-independent z)))
zipper-descend:0294	rule	876	NonEmptyOp,iter-independent	FOL	proved-unbounded	set_iteration_general_independence_structural_fo	mapped to first-order proof artifact(s)	(rule ((= z (NonEmptyOp src)) (iter-independent src)) ((iter-independent z)))
zipper-descend:0295	rule	877	TailsUnionOp,iter-independent	FOL	proved-unbounded	set_iteration_general_independence_structural_fo	mapped to first-order proof artifact(s)	(rule ((= z (TailsUnionOp src)) (iter-independent src)) ((iter-independent z)))
zipper-descend:0296	rule	878	TailsIntersectionOp,iter-independent	FOL	proved-unbounded	set_iteration_general_independence_structural_fo	mapped to first-order proof artifact(s)	(rule ((= z (TailsIntersectionOp src)) (iter-independent src)) ((iter-independent z)))
zipper-descend:0297	rule	879	PrefixClosureOp,iter-independent	FOL	proved-unbounded	set_iteration_general_independence_structural_fo	mapped to first-order proof artifact(s)	(rule ((= z (PrefixClosureOp src)) (iter-independent src)) ((iter-independent z)))
zipper-descend:0298	rule	880	PrefixClosureBelowOp,iter-independent	FOL	proved-unbounded	set_iteration_general_independence_structural_fo	mapped to first-order proof artifact(s)	(rule ((= z (PrefixClosureBelowOp src)) (iter-independent src)) ((iter-independent z)))
zipper-descend:0299	rule	881	SuffixClosureOp,iter-independent	FOL	proved-unbounded	set_iteration_general_independence_structural_fo	mapped to first-order proof artifact(s)	(rule ((= z (SuffixClosureOp src)) (iter-independent src)) ((iter-independent z)))
zipper-descend:0300	rule	882	TailsClosureOp,iter-independent	FOL	proved-unbounded	set_iteration_general_independence_structural_fo	mapped to first-order proof artifact(s)	(rule ((= z (TailsClosureOp src)) (iter-independent src)) ((iter-independent z)))
zipper-descend:0301	rule	883	RangeOp,iter-independent	FOL	proved-unbounded	set_iteration_general_independence_structural_fo	mapped to first-order proof artifact(s)	(rule ((= z (RangeOp src start end)) (iter-independent src)) ((iter-independent z)))
zipper-descend:0302	rule	884	HeadOp,iter-independent	FOL	proved-unbounded	set_iteration_general_independence_structural_fo	mapped to first-order proof artifact(s)	(rule ((= z (HeadOp src)) (iter-independent src)) ((iter-independent z)))
zipper-descend:0303	rule	886	TrieZ,terminal	FOL	proved-unbounded	zipper_base_terminal_equiv,zipper_base_child_equiv,zipper_union_terminal_equiv,zipper_intersection_terminal_equiv,zipper_diff_terminal_equiv,set_terminal_product,set_terminal_wrap,set_terminal_unwrap,set_terminal_head_empty,set_terminal_nonempty_paths_empty,set_terminal_prefix_closure_empty,set_terminal_prefix_closure_below,set_terminal_suffix_closure_empty	mapped to first-order proof artifact(s)	(rule ((= z (TrieZ (Singleton (Eps))))) ((terminal z)))
zipper-descend:0304	rule	888	TrieZ,terminal	FOL	proved-unbounded	zipper_base_terminal_equiv,zipper_base_child_equiv,zipper_union_terminal_equiv,zipper_intersection_terminal_equiv,zipper_diff_terminal_equiv,set_terminal_product,set_terminal_wrap,set_terminal_unwrap,set_terminal_head_empty,set_terminal_nonempty_paths_empty,set_terminal_prefix_closure_empty,set_terminal_prefix_closure_below,set_terminal_suffix_closure_empty	mapped to first-order proof artifact(s)	(rule ((= z (TrieZ (Union a b))) (terminal (TrieZ a))) ((terminal z)))
zipper-descend:0305	rule	890	TrieZ,terminal	FOL	proved-unbounded	zipper_base_terminal_equiv,zipper_base_child_equiv,zipper_union_terminal_equiv,zipper_intersection_terminal_equiv,zipper_diff_terminal_equiv,set_terminal_product,set_terminal_wrap,set_terminal_unwrap,set_terminal_head_empty,set_terminal_nonempty_paths_empty,set_terminal_prefix_closure_empty,set_terminal_prefix_closure_below,set_terminal_suffix_closure_empty	mapped to first-order proof artifact(s)	(rule ((= z (TrieZ (Union a b))) (terminal (TrieZ b))) ((terminal z)))
zipper-descend:0306	rule	892	MemoZ,terminal	FOL	proved-unbounded	zipper_memo_materialization_equiv,zipper_memo_terminal_equiv,zipper_memo_child_equiv,zipper_base_terminal_equiv,zipper_union_terminal_equiv,zipper_intersection_terminal_equiv,zipper_diff_terminal_equiv,set_terminal_product,set_terminal_wrap,set_terminal_unwrap,set_terminal_head_empty,set_terminal_nonempty_paths_empty,set_terminal_prefix_closure_empty,set_terminal_prefix_closure_below,set_terminal_suffix_closure_empty	mapped to first-order proof artifact(s)	(rule ((= z (MemoZ a)) (terminal a)) ((terminal z)))
zipper-descend:0307	rule	894	UnionOp,terminal	mixed	proved-bounded	zipper_union_terminal_equiv,zipper_union_child_equiv,set_child_union_fo,set_union_idempotent_fo,set_union_associative_fo,child_union_a,child_union_b,child_same_head_union_a,child_same_head_union_b,union_idempotent,union_associative,zipper_base_terminal_equiv,zipper_intersection_terminal_equiv,zipper_diff_terminal_equiv,set_terminal_product,set_terminal_wrap,set_terminal_unwrap,set_terminal_head_empty,set_terminal_nonempty_paths_empty,set_terminal_prefix_closure_empty,set_terminal_prefix_closure_below,set_terminal_suffix_closure_empty	mixed FOL plus bounded evidence; weakest proof tier is bounded	(rule ((= z (UnionOp a b)) (terminal a)) ((terminal z)))
zipper-descend:0308	rule	896	UnionOp,terminal	mixed	proved-bounded	zipper_union_terminal_equiv,zipper_union_child_equiv,set_child_union_fo,set_union_idempotent_fo,set_union_associative_fo,child_union_a,child_union_b,child_same_head_union_a,child_same_head_union_b,union_idempotent,union_associative,zipper_base_terminal_equiv,zipper_intersection_terminal_equiv,zipper_diff_terminal_equiv,set_terminal_product,set_terminal_wrap,set_terminal_unwrap,set_terminal_head_empty,set_terminal_nonempty_paths_empty,set_terminal_prefix_closure_empty,set_terminal_prefix_closure_below,set_terminal_suffix_closure_empty	mixed FOL plus bounded evidence; weakest proof tier is bounded	(rule ((= z (UnionOp a b)) (terminal b)) ((terminal z)))
zipper-descend:0309	rule	898	JoinAllOp3,terminal	mixed	proved-bounded	zipper_union_terminal_equiv,zipper_union_child_equiv,set_child_union_fo,child_union_a,child_union_b,zipper_base_terminal_equiv,zipper_intersection_terminal_equiv,zipper_diff_terminal_equiv,set_terminal_product,set_terminal_wrap,set_terminal_unwrap,set_terminal_head_empty,set_terminal_nonempty_paths_empty,set_terminal_prefix_closure_empty,set_terminal_prefix_closure_below,set_terminal_suffix_closure_empty	mixed FOL plus bounded evidence; weakest proof tier is bounded	(rule ((= z (JoinAllOp3 a b c)) (terminal a)) ((terminal z)))
zipper-descend:0310	rule	900	JoinAllOp3,terminal	mixed	proved-bounded	zipper_union_terminal_equiv,zipper_union_child_equiv,set_child_union_fo,child_union_a,child_union_b,zipper_base_terminal_equiv,zipper_intersection_terminal_equiv,zipper_diff_terminal_equiv,set_terminal_product,set_terminal_wrap,set_terminal_unwrap,set_terminal_head_empty,set_terminal_nonempty_paths_empty,set_terminal_prefix_closure_empty,set_terminal_prefix_closure_below,set_terminal_suffix_closure_empty	mixed FOL plus bounded evidence; weakest proof tier is bounded	(rule ((= z (JoinAllOp3 a b c)) (terminal b)) ((terminal z)))
zipper-descend:0311	rule	902	JoinAllOp3,terminal	mixed	proved-bounded	zipper_union_terminal_equiv,zipper_union_child_equiv,set_child_union_fo,child_union_a,child_union_b,zipper_base_terminal_equiv,zipper_intersection_terminal_equiv,zipper_diff_terminal_equiv,set_terminal_product,set_terminal_wrap,set_terminal_unwrap,set_terminal_head_empty,set_terminal_nonempty_paths_empty,set_terminal_prefix_closure_empty,set_terminal_prefix_closure_below,set_terminal_suffix_closure_empty	mixed FOL plus bounded evidence; weakest proof tier is bounded	(rule ((= z (JoinAllOp3 a b c)) (terminal c)) ((terminal z)))
zipper-descend:0312	rule	904	IntersectionOp,terminal	mixed	proved-bounded	zipper_intersection_terminal_equiv,zipper_intersection_child_equiv,set_child_intersection_fo,set_intersection_idempotent_fo,set_intersection_associative_fo,child_intersection_a,child_intersection_b,intersection_associative,zipper_base_terminal_equiv,zipper_union_terminal_equiv,zipper_diff_terminal_equiv,set_terminal_product,set_terminal_wrap,set_terminal_unwrap,set_terminal_head_empty,set_terminal_nonempty_paths_empty,set_terminal_prefix_closure_empty,set_terminal_prefix_closure_below,set_terminal_suffix_closure_empty	mixed FOL plus bounded evidence; weakest proof tier is bounded	(rule ((= z (IntersectionOp a b)) (terminal a) (terminal b)) ((terminal z)))
zipper-descend:0313	rule	906	MeetAllOp3,terminal	mixed	proved-bounded	zipper_intersection_terminal_equiv,zipper_intersection_child_equiv,child_intersection_a,child_intersection_b,zipper_base_terminal_equiv,zipper_union_terminal_equiv,zipper_diff_terminal_equiv,set_terminal_product,set_terminal_wrap,set_terminal_unwrap,set_terminal_head_empty,set_terminal_nonempty_paths_empty,set_terminal_prefix_closure_empty,set_terminal_prefix_closure_below,set_terminal_suffix_closure_empty	mixed FOL plus bounded evidence; weakest proof tier is bounded	(rule ((= z (MeetAllOp3 a b c)) (terminal a) (terminal b) (terminal c)) ((terminal z)))
zipper-descend:0314	rule	908	DiffOp,terminal,empty-focus	mixed	proved-bounded	zipper_diff_terminal_equiv,zipper_diff_child_equiv,set_child_diff_fo,set_diff_self_empty_fo,set_diff_union_rhs_fo,child_diff_a,child_diff_b,diff_self_empty,diff_union_rhs,zipper_base_terminal_equiv,zipper_union_terminal_equiv,zipper_intersection_terminal_equiv,set_terminal_product,set_terminal_wrap,set_terminal_unwrap,set_terminal_head_empty,set_terminal_nonempty_paths_empty,set_terminal_prefix_closure_empty,set_terminal_prefix_closure_below,set_terminal_suffix_closure_empty	mixed FOL plus bounded evidence; weakest proof tier is bounded	(rule ((= z (DiffOp a b)) (terminal a) (empty-focus b)) ((terminal z)))
zipper-descend:0315	rule	910	DiffOp,terminal,nonterminal	mixed	proved-bounded	zipper_diff_terminal_equiv,zipper_diff_child_equiv,set_child_diff_fo,set_diff_self_empty_fo,set_diff_union_rhs_fo,child_diff_a,child_diff_b,diff_self_empty,diff_union_rhs,zipper_base_terminal_equiv,zipper_union_terminal_equiv,zipper_intersection_terminal_equiv,set_terminal_product,set_terminal_wrap,set_terminal_unwrap,set_terminal_head_empty,set_terminal_nonempty_paths_empty,set_terminal_prefix_closure_empty,set_terminal_prefix_closure_below,set_terminal_suffix_closure_empty	mixed FOL plus bounded evidence; weakest proof tier is bounded	(rule ((= z (DiffOp a b)) (terminal a) (nonterminal b)) ((terminal z)))
zipper-descend:0316	rule	912	RestrictionOp,terminal	mixed	proved-bounded	eager_restriction_set_equiv,zipper_restriction_materialization_equiv,arbitrary_zipper_restriction_set_equiv,set_child_restriction_derivative,child_restriction_a,child_restriction_b,restriction_epsilon_identity,restriction_empty_prefixes,zipper_base_terminal_equiv,zipper_union_terminal_equiv,zipper_intersection_terminal_equiv,zipper_diff_terminal_equiv,set_terminal_product,set_terminal_wrap,set_terminal_unwrap,set_terminal_head_empty,set_terminal_nonempty_paths_empty,set_terminal_prefix_closure_empty,set_terminal_prefix_closure_below,set_terminal_suffix_closure_empty	mixed FOL plus bounded evidence; weakest proof tier is bounded	(rule ((= z (RestrictionOp src prefixes)) (terminal src) (terminal prefixes)) ((terminal z)))
zipper-descend:0317	rule	914	DiffOp,RestrictionOp,RaffinationOp,terminal	mixed	proved-bounded	zipper_diff_terminal_equiv,zipper_diff_child_equiv,set_child_diff_fo,set_diff_self_empty_fo,set_diff_union_rhs_fo,child_diff_a,child_diff_b,diff_self_empty,diff_union_rhs,eager_restriction_set_equiv,zipper_restriction_materialization_equiv,arbitrary_zipper_restriction_set_equiv,set_child_restriction_derivative,child_restriction_a,child_restriction_b,restriction_epsilon_identity,restriction_empty_prefixes,eager_raffination_set_equiv,zipper_raffination_materialization_equiv,arbitrary_zipper_raffination_set_equiv,set_child_raffination_derivative,set_restriction_raffination_partition_fo,set_restriction_raffination_disjoint_fo,restriction_raffination_partition,restriction_raffination_disjoint,zipper_base_terminal_equiv,zipper_union_terminal_equiv,zipper_intersection_terminal_equiv,set_terminal_product,set_terminal_wrap,set_terminal_unwrap,set_terminal_head_empty,set_terminal_nonempty_paths_empty,set_terminal_prefix_closure_empty,set_terminal_prefix_closure_below,set_terminal_suffix_closure_empty	mixed FOL plus bounded evidence; weakest proof tier is bounded	(rule ((= z (RaffinationOp src prefixes)) (terminal (DiffOp src (RestrictionOp src prefixes)))) ((terminal z)))
zipper-descend:0318	rule	916	ConcatOp,terminal	mixed	proved-bounded	eager_product_set_equiv,zipper_product_materialization_equiv,arbitrary_zipper_product_set_equiv,set_child_product_derivative,set_terminal_product,child_product_a,child_product_b,product_epsilon_left,product_epsilon_right,head_product,zipper_base_terminal_equiv,zipper_union_terminal_equiv,zipper_intersection_terminal_equiv,zipper_diff_terminal_equiv,set_terminal_wrap,set_terminal_unwrap,set_terminal_head_empty,set_terminal_nonempty_paths_empty,set_terminal_prefix_closure_empty,set_terminal_prefix_closure_below,set_terminal_suffix_closure_empty	mixed FOL plus bounded evidence; weakest proof tier is bounded	(rule ((= z (ConcatOp left right)) (terminal left) (terminal right)) ((terminal z)))
zipper-descend:0319	rule	918	WrapOp,terminal	mixed	proved-bounded	eager_wrap_set_equiv,zipper_wrap_materialization_equiv,arbitrary_zipper_wrap_set_equiv,set_child_wrap_hit,set_terminal_wrap,wrap_unwrap_left_inverse_a,wrap_unwrap_left_inverse_b,wrap_unwrap_left_inverse_ab,wrap_unwrap_restriction_a,wrap_unwrap_restriction_b,zipper_base_terminal_equiv,zipper_union_terminal_equiv,zipper_intersection_terminal_equiv,zipper_diff_terminal_equiv,set_terminal_product,set_terminal_unwrap,set_terminal_head_empty,set_terminal_nonempty_paths_empty,set_terminal_prefix_closure_empty,set_terminal_prefix_closure_below,set_terminal_suffix_closure_empty	mixed FOL plus bounded evidence; weakest proof tier is bounded	(rule ((= z (WrapOp src (Eps))) (terminal src)) ((terminal z)))
zipper-descend:0320	rule	920	UnwrapOp,terminal	mixed	proved-bounded	eager_unwrap_set_equiv,zipper_unwrap_materialization_equiv,arbitrary_zipper_unwrap_set_equiv,set_child_unwrap_singleton,set_terminal_unwrap,wrap_unwrap_left_inverse_a,wrap_unwrap_left_inverse_b,wrap_unwrap_left_inverse_ab,unwrap_union,zipper_base_terminal_equiv,zipper_union_terminal_equiv,zipper_intersection_terminal_equiv,zipper_diff_terminal_equiv,set_terminal_product,set_terminal_wrap,set_terminal_head_empty,set_terminal_nonempty_paths_empty,set_terminal_prefix_closure_empty,set_terminal_prefix_closure_below,set_terminal_suffix_closure_empty	mixed FOL plus bounded evidence; weakest proof tier is bounded	(rule ((= z (UnwrapOp src (Eps))) (terminal src)) ((terminal z)))
zipper-descend:0321	rule	922	UnwrapOp,Child,terminal	mixed	proved-bounded	eager_unwrap_set_equiv,zipper_unwrap_materialization_equiv,arbitrary_zipper_unwrap_set_equiv,set_child_unwrap_singleton,set_terminal_unwrap,wrap_unwrap_left_inverse_a,wrap_unwrap_left_inverse_b,wrap_unwrap_left_inverse_ab,unwrap_union,zipper_base_child_equiv,child_empty_a,child_empty_b,child_epsilon_a,child_epsilon_b,child_singleton_hit_a,child_singleton_hit_b,child_singleton_miss_a_b,child_singleton_miss_b_a,child_concat_hit_a,child_concat_hit_b,child_concat_miss_a_b,child_concat_miss_b_a,child_union_a,child_union_b,set_child_union_fo,child_same_head_union_a,child_same_head_union_b,child_intersection_a,child_intersection_b,child_diff_a,child_diff_b,set_child_product_derivative,set_child_restriction_derivative,set_child_raffination_derivative,set_child_wrap_hit,set_child_head,set_child_nonempty_paths,set_child_prefix_closure,set_child_prefix_closure_below,set_child_suffix_closure_derivative,set_child_tails_closure_derivative,zipper_base_terminal_equiv,zipper_union_terminal_equiv,zipper_intersection_terminal_equiv,zipper_diff_terminal_equiv,set_terminal_product,set_terminal_wrap,set_terminal_head_empty,set_terminal_nonempty_paths_empty,set_terminal_prefix_closure_empty,set_terminal_prefix_closure_below,set_terminal_suffix_closure_empty	mixed FOL plus bounded evidence; weakest proof tier is bounded	(rule ((= z (UnwrapOp src (Item item))) (terminal (Child item src))) ((terminal z)))
zipper-descend:0322	rule	924	UnwrapOp,Child,terminal	mixed	proved-bounded	eager_unwrap_set_equiv,zipper_unwrap_materialization_equiv,arbitrary_zipper_unwrap_set_equiv,set_child_unwrap_singleton,set_terminal_unwrap,wrap_unwrap_left_inverse_a,wrap_unwrap_left_inverse_b,wrap_unwrap_left_inverse_ab,unwrap_union,zipper_base_child_equiv,child_empty_a,child_empty_b,child_epsilon_a,child_epsilon_b,child_singleton_hit_a,child_singleton_hit_b,child_singleton_miss_a_b,child_singleton_miss_b_a,child_concat_hit_a,child_concat_hit_b,child_concat_miss_a_b,child_concat_miss_b_a,child_union_a,child_union_b,set_child_union_fo,child_same_head_union_a,child_same_head_union_b,child_intersection_a,child_intersection_b,child_diff_a,child_diff_b,set_child_product_derivative,set_child_restriction_derivative,set_child_raffination_derivative,set_child_wrap_hit,set_child_head,set_child_nonempty_paths,set_child_prefix_closure,set_child_prefix_closure_below,set_child_suffix_closure_derivative,set_child_tails_closure_derivative,zipper_base_terminal_equiv,zipper_union_terminal_equiv,zipper_intersection_terminal_equiv,zipper_diff_terminal_equiv,set_terminal_product,set_terminal_wrap,set_terminal_head_empty,set_terminal_nonempty_paths_empty,set_terminal_prefix_closure_empty,set_terminal_prefix_closure_below,set_terminal_suffix_closure_empty	mixed FOL plus bounded evidence; weakest proof tier is bounded	(rule ((= z (UnwrapOp src (Concat (Item item) rest))) (terminal (UnwrapOp (Child item src) rest))) ((terminal z)))
zipper-descend:0323	rule	926	TailsUnionOp,tail-frontier,terminal	mixed	proved-bounded	eager_tails_union_set_equiv,zipper_tails_union_materialization_equiv,arbitrary_zipper_tails_union_set_equiv,tails_union_children,child_tails_union_a,child_tails_union_b,iteration_tail_identity,tails-union-open:space_optimized_open,frontier_tail_nonempty_has_key_fo,frontier_candidate_tail_frontier_fo,set_child_union_fo,child_same_head_union_a,child_same_head_union_b,child_union_a,child_union_b,child_intersection_a,child_intersection_b,child_diff_a,child_diff_b,child_restriction_a,child_restriction_b,child_product_a,child_product_b,suffix_closure_child_derivative_a,suffix_closure_child_derivative_b,zipper_base_terminal_equiv,zipper_union_terminal_equiv,zipper_intersection_terminal_equiv,zipper_diff_terminal_equiv,set_terminal_product,set_terminal_wrap,set_terminal_unwrap,set_terminal_head_empty,set_terminal_nonempty_paths_empty,set_terminal_prefix_closure_empty,set_terminal_prefix_closure_below,set_terminal_suffix_closure_empty	mixed FOL plus bounded evidence; weakest proof tier is bounded	(rule ((= z (TailsUnionOp src)) (tail-frontier src item tail) (terminal tail)) ((terminal z)))
zipper-descend:0324	rule	928	PrefixClosureBelowOp,terminal,nonempty-focus	FOL	proved-unbounded	set_prefix_closure_interior_terminal_fo	mapped to first-order proof artifact(s)	(rule ((= z (PrefixClosureBelowOp src)) (nonempty-focus src)) ((terminal z)))
zipper-descend:0325	rule	930	TailsClosureOp,terminal,nonempty-focus	mixed	proved-bounded	eager_tails_closure_set_equiv,zipper_tails_closure_materialization_equiv,arbitrary_zipper_tails_closure_set_equiv,set_child_tails_closure_derivative,antimirov_tails_frontier_state_child_fo,antimirov_tails_frontier_nested_fo,antimirov_tails_frontier_nested_a_b,set_tails_closure_definition_fo,tails_closure_idempotent,tails_closure_definition,child_tails_closure_derivative_a,child_tails_closure_derivative_b,tails_closure_unfold_base_or_step,suffix_closure_child_derivative_a,suffix_closure_child_derivative_b,tails-closure-open:space_optimized_open,zipper_base_terminal_equiv,zipper_union_terminal_equiv,zipper_intersection_terminal_equiv,zipper_diff_terminal_equiv,set_terminal_product,set_terminal_wrap,set_terminal_unwrap,set_terminal_head_empty,set_terminal_nonempty_paths_empty,set_terminal_prefix_closure_empty,set_terminal_prefix_closure_below,set_terminal_suffix_closure_empty	mixed FOL plus bounded evidence; weakest proof tier is bounded	(rule ((= z (TailsClosureOp src)) (nonempty-focus src)) ((terminal z)))
zipper-descend:0326	rule	932	RangeOp,terminal	mixed	proved-bounded	set_range_full_sentinel,set_range_empty_one_one,eager_range_set_equiv,zipper_range_materialization_equiv,set_range_subset_fo,zipper_range_full_terminal_equiv,zipper_range_first_terminal_fo,set_range_first_child_terminal_empty_fo,set_range_first_child_selected_sound_fo,set_range_first_child_pruned_fo,set_range_last_child_selected_sound_fo,set_range_last_child_pruned_fo,set_range_drop_last_child_before_last_fo,set_range_drop_last_child_after_last_fo,range_empty_source_first,range_empty_source_last,range_empty_source_drop_last,range_first_wrap_a,range_last_wrap_a,range_drop_last_wrap_a,range_first_wrap_b,range_last_wrap_b,range_drop_last_wrap_b,range_first_wrap_ab,range_last_wrap_ab,range_drop_last_wrap_ab,range_first_subset,range_first_idempotent,range_last_idempotent,range_first_of_last,range_drop_last_of_first_empty,range_nested_first,range_nested_suffix_first,range_nested_suffix_offset,range_nested_last_last,range_positive_same_empty,range_positive_decreasing_empty,range_negative_same_empty,range_negative_decreasing_empty,range_last_subset,range_drop_last_subset,range_negative_window_subset,range_singleton_last_literal,range_singleton_drop_last_literal,range_singleton_negative_window_literal,range_nested_singleton_last_literal,range_item_union_first_literal,range_item_union_last_literal,range_item_union_drop_last_literal,range_drop_last_full_sentinel_literal,range_first_epsilon_literal,range_first_child_border_literal,range_first_child_full_literal,range_prunes_after_upper_border_literal,range_suffix_child_border_literal,range_last_border_literal,range_last_child_border_literal,range_last_prunes_earlier_head_literal,range_drop_last_border_literal,range_drop_last_child_border_literal,range_drop_last_prunes_last_head_literal,range_negative_window_border_literal,range_negative_window_child_border_literal,range_negative_window_prunes_last_head_literal,range_first_without_epsilon_literal,range_first_without_epsilon_child_literal,range_first_without_epsilon_prunes_later_child_literal,zipper_base_terminal_equiv,zipper_union_terminal_equiv,zipper_intersection_terminal_equiv,zipper_diff_terminal_equiv,set_terminal_product,set_terminal_wrap,set_terminal_unwrap,set_terminal_head_empty,set_terminal_nonempty_paths_empty,set_terminal_prefix_closure_empty,set_terminal_prefix_closure_below,set_terminal_suffix_closure_empty	mixed FOL plus bounded evidence; weakest proof tier is bounded	(rule ((= z (RangeOp src "0" "0")) (terminal src)) ((terminal z)))
zipper-descend:0327	rule	934	RangeFirstOp,terminal	mixed	proved-bounded	set_range_full_sentinel,eager_range_set_equiv,zipper_range_first_materialization_equiv,set_range_subset_fo,set_range_first_terminal_fo,zipper_range_first_terminal_fo,set_range_first_child_terminal_empty_fo,set_range_first_child_selected_sound_fo,set_range_first_child_pruned_fo,range_empty_source_first,range_first_subset,range_first_wrap_a,range_first_wrap_b,range_first_wrap_ab,range_first_idempotent,range_first_of_last,range_drop_last_of_first_empty,range_first_epsilon_literal,range_item_union_first_literal,range_first_child_border_literal,range_prunes_after_upper_border_literal,range_first_without_epsilon_literal,range_first_without_epsilon_child_literal,range_first_without_epsilon_prunes_later_child_literal,zipper_base_terminal_equiv,zipper_union_terminal_equiv,zipper_intersection_terminal_equiv,zipper_diff_terminal_equiv,set_terminal_product,set_terminal_wrap,set_terminal_unwrap,set_terminal_head_empty,set_terminal_nonempty_paths_empty,set_terminal_prefix_closure_empty,set_terminal_prefix_closure_below,set_terminal_suffix_closure_empty	mixed FOL plus bounded evidence; weakest proof tier is bounded	(rule ((= z (RangeFirstOp src)) (terminal src)) ((terminal z)))
zipper-descend:0328	rule	936	RangeDropLastOp,terminal,has-key	mixed	proved-bounded	eager_range_set_equiv,zipper_range_drop_last_materialization_equiv,set_range_subset_fo,set_range_drop_last_child_before_last_fo,set_range_drop_last_child_after_last_fo,range_empty_source_drop_last,range_drop_last_subset,range_drop_last_wrap_a,range_drop_last_wrap_b,range_drop_last_wrap_ab,range_drop_last_of_first_empty,range_singleton_drop_last_literal,range_item_union_drop_last_literal,range_drop_last_full_sentinel_literal,range_drop_last_border_literal,range_drop_last_child_border_literal,range_drop_last_prunes_last_head_literal,zipper_base_terminal_equiv,zipper_union_terminal_equiv,zipper_intersection_terminal_equiv,zipper_diff_terminal_equiv,set_terminal_product,set_terminal_wrap,set_terminal_unwrap,set_terminal_head_empty,set_terminal_nonempty_paths_empty,set_terminal_prefix_closure_empty,set_terminal_prefix_closure_below,set_terminal_suffix_closure_empty	mixed FOL plus bounded evidence; weakest proof tier is bounded	(rule ((= z (RangeDropLastOp src)) (terminal src) (has-key src item)) ((terminal z)))
zipper-descend:0329	rule	938	HeadOp,nonterminal	mixed	proved-bounded	eager_head_set_equiv,zipper_head_materialization_equiv,arbitrary_zipper_head_set_equiv,set_child_head,set_terminal_head_empty,set_iteration_head_identity,iteration_head_identity,head_idempotent	mixed FOL plus bounded evidence; weakest proof tier is bounded	(rule ((= z (HeadOp src))) ((nonterminal z)))
zipper-descend:0330	rule	940	PatchChildOp,terminal	mixed	proved-bounded	zipper_patch_child_terminal_equiv,zipper_patch_child_hit_equiv,zipper_patch_child_miss_equiv,zipper_patch_child_identity_equiv,zipper_context_graft_materialization,patch_child_hit_a,patch_child_hit_b,patch_child_miss_b,patch_child_miss_a,patch_child_identity_a,patch_child_identity_b,patch_child_terminal_preserved,patch_child_materialization_a,zipper_base_terminal_equiv,zipper_union_terminal_equiv,zipper_intersection_terminal_equiv,zipper_diff_terminal_equiv,set_terminal_product,set_terminal_wrap,set_terminal_unwrap,set_terminal_head_empty,set_terminal_nonempty_paths_empty,set_terminal_prefix_closure_empty,set_terminal_prefix_closure_below,set_terminal_suffix_closure_empty	mixed FOL plus bounded evidence; weakest proof tier is bounded	(rule ((= z (PatchChildOp parent item replacement)) (terminal parent)) ((terminal z)))
zipper-descend:0331	rule	943	EmptyZ,empty-focus	FOL	proved-unbounded	zipper_emptyz_empty_focus_fo,zipper_emptyz_nonterminal_fo,zipper_keyset_emptyz_fo	mapped to first-order proof artifact(s)	(rule ((= z (EmptyZ))) ((empty-focus z)))
zipper-descend:0332	rule	945	TrieZ,empty-focus	FOL	proved-unbounded	zipper_base_terminal_equiv,zipper_base_child_equiv	mapped to first-order proof artifact(s)	(rule ((= z (TrieZ (Empty)))) ((empty-focus z)))
zipper-descend:0333	rule	947	TrieZ,empty-focus	FOL	proved-unbounded	zipper_base_terminal_equiv,zipper_base_child_equiv	mapped to first-order proof artifact(s)	(rule ((= z (TrieZ (Union a b))) (empty-focus (TrieZ a)) (empty-focus (TrieZ b))) ((empty-focus z)))
zipper-descend:0334	rule	949	MemoZ,empty-focus	FOL	proved-unbounded	zipper_memo_materialization_equiv,zipper_memo_terminal_equiv,zipper_memo_child_equiv	mapped to first-order proof artifact(s)	(rule ((= z (MemoZ a)) (empty-focus a)) ((empty-focus z)))
zipper-descend:0335	rule	951	UnionOp,empty-focus	mixed	proved-bounded	zipper_union_terminal_equiv,zipper_union_child_equiv,set_child_union_fo,set_union_idempotent_fo,set_union_associative_fo,child_union_a,child_union_b,child_same_head_union_a,child_same_head_union_b,union_idempotent,union_associative	mixed FOL plus bounded evidence; weakest proof tier is bounded	(rule ((= z (UnionOp a b)) (empty-focus a) (empty-focus b)) ((empty-focus z)))
zipper-descend:0336	rule	953	JoinAllOp3,empty-focus	mixed	proved-bounded	zipper_union_terminal_equiv,zipper_union_child_equiv,set_child_union_fo,child_union_a,child_union_b	mixed FOL plus bounded evidence; weakest proof tier is bounded	(rule ((= z (JoinAllOp3 a b c)) (empty-focus a) (empty-focus b) (empty-focus c)) ((empty-focus z)))
zipper-descend:0337	rule	955	IntersectionOp,empty-focus	mixed	proved-bounded	zipper_intersection_terminal_equiv,zipper_intersection_child_equiv,set_child_intersection_fo,set_intersection_idempotent_fo,set_intersection_associative_fo,child_intersection_a,child_intersection_b,intersection_associative	mixed FOL plus bounded evidence; weakest proof tier is bounded	(rule ((= z (IntersectionOp a b)) (empty-focus a)) ((empty-focus z)))
zipper-descend:0338	rule	957	IntersectionOp,empty-focus	mixed	proved-bounded	zipper_intersection_terminal_equiv,zipper_intersection_child_equiv,set_child_intersection_fo,set_intersection_idempotent_fo,set_intersection_associative_fo,child_intersection_a,child_intersection_b,intersection_associative	mixed FOL plus bounded evidence; weakest proof tier is bounded	(rule ((= z (IntersectionOp a b)) (empty-focus b)) ((empty-focus z)))
zipper-descend:0339	rule	959	MeetAllOp3,empty-focus	mixed	proved-bounded	zipper_intersection_terminal_equiv,zipper_intersection_child_equiv,child_intersection_a,child_intersection_b	mixed FOL plus bounded evidence; weakest proof tier is bounded	(rule ((= z (MeetAllOp3 a b c)) (empty-focus a)) ((empty-focus z)))
zipper-descend:0340	rule	961	MeetAllOp3,empty-focus	mixed	proved-bounded	zipper_intersection_terminal_equiv,zipper_intersection_child_equiv,child_intersection_a,child_intersection_b	mixed FOL plus bounded evidence; weakest proof tier is bounded	(rule ((= z (MeetAllOp3 a b c)) (empty-focus b)) ((empty-focus z)))
zipper-descend:0341	rule	963	MeetAllOp3,empty-focus	mixed	proved-bounded	zipper_intersection_terminal_equiv,zipper_intersection_child_equiv,child_intersection_a,child_intersection_b	mixed FOL plus bounded evidence; weakest proof tier is bounded	(rule ((= z (MeetAllOp3 a b c)) (empty-focus c)) ((empty-focus z)))
zipper-descend:0342	rule	965	DiffOp,TrieZ,empty-focus	mixed	proved-bounded	zipper_diff_terminal_equiv,zipper_diff_child_equiv,set_child_diff_fo,set_diff_self_empty_fo,set_diff_union_rhs_fo,child_diff_a,child_diff_b,diff_self_empty,diff_union_rhs,zipper_base_terminal_equiv,zipper_base_child_equiv	mixed FOL plus bounded evidence; weakest proof tier is bounded	(rule ((= z (DiffOp (TrieZ (Singleton (Eps))) (TrieZ (Singleton (Eps)))))) ((empty-focus z)))
zipper-descend:0343	rule	967	DiffOp,empty-focus	mixed	proved-bounded	zipper_diff_terminal_equiv,zipper_diff_child_equiv,set_child_diff_fo,set_diff_self_empty_fo,set_diff_union_rhs_fo,child_diff_a,child_diff_b,diff_self_empty,diff_union_rhs	mixed FOL plus bounded evidence; weakest proof tier is bounded	(rule ((= z (DiffOp a b)) (empty-focus a)) ((empty-focus z)))
zipper-descend:0344	rule	969	RestrictionOp,empty-focus	mixed	proved-bounded	eager_restriction_set_equiv,zipper_restriction_materialization_equiv,arbitrary_zipper_restriction_set_equiv,set_child_restriction_derivative,child_restriction_a,child_restriction_b,restriction_epsilon_identity,restriction_empty_prefixes	mixed FOL plus bounded evidence; weakest proof tier is bounded	(rule ((= z (RestrictionOp src prefixes)) (empty-focus src)) ((empty-focus z)))
zipper-descend:0345	rule	971	RestrictionOp,empty-focus	mixed	proved-bounded	eager_restriction_set_equiv,zipper_restriction_materialization_equiv,arbitrary_zipper_restriction_set_equiv,set_child_restriction_derivative,child_restriction_a,child_restriction_b,restriction_epsilon_identity,restriction_empty_prefixes	mixed FOL plus bounded evidence; weakest proof tier is bounded	(rule ((= z (RestrictionOp src prefixes)) (empty-focus prefixes)) ((empty-focus z)))
zipper-descend:0346	rule	973	DiffOp,RestrictionOp,RaffinationOp,empty-focus	mixed	proved-bounded	zipper_diff_terminal_equiv,zipper_diff_child_equiv,set_child_diff_fo,set_diff_self_empty_fo,set_diff_union_rhs_fo,child_diff_a,child_diff_b,diff_self_empty,diff_union_rhs,eager_restriction_set_equiv,zipper_restriction_materialization_equiv,arbitrary_zipper_restriction_set_equiv,set_child_restriction_derivative,child_restriction_a,child_restriction_b,restriction_epsilon_identity,restriction_empty_prefixes,eager_raffination_set_equiv,zipper_raffination_materialization_equiv,arbitrary_zipper_raffination_set_equiv,set_child_raffination_derivative,set_restriction_raffination_partition_fo,set_restriction_raffination_disjoint_fo,restriction_raffination_partition,restriction_raffination_disjoint	mixed FOL plus bounded evidence; weakest proof tier is bounded	(rule ((= z (RaffinationOp src prefixes)) (empty-focus (DiffOp src (RestrictionOp src prefixes)))) ((empty-focus z)))
zipper-descend:0347	rule	975	ConcatOp,empty-focus	mixed	proved-bounded	eager_product_set_equiv,zipper_product_materialization_equiv,arbitrary_zipper_product_set_equiv,set_child_product_derivative,set_terminal_product,child_product_a,child_product_b,product_epsilon_left,product_epsilon_right,head_product	mixed FOL plus bounded evidence; weakest proof tier is bounded	(rule ((= z (ConcatOp left right)) (empty-focus left)) ((empty-focus z)))
zipper-descend:0348	rule	977	ConcatOp,empty-focus	mixed	proved-bounded	eager_product_set_equiv,zipper_product_materialization_equiv,arbitrary_zipper_product_set_equiv,set_child_product_derivative,set_terminal_product,child_product_a,child_product_b,product_epsilon_left,product_epsilon_right,head_product	mixed FOL plus bounded evidence; weakest proof tier is bounded	(rule ((= z (ConcatOp left right)) (empty-focus right)) ((empty-focus z)))
zipper-descend:0349	rule	979	WrapOp,empty-focus	mixed	proved-bounded	eager_wrap_set_equiv,zipper_wrap_materialization_equiv,arbitrary_zipper_wrap_set_equiv,set_child_wrap_hit,set_terminal_wrap,wrap_unwrap_left_inverse_a,wrap_unwrap_left_inverse_b,wrap_unwrap_left_inverse_ab,wrap_unwrap_restriction_a,wrap_unwrap_restriction_b	mixed FOL plus bounded evidence; weakest proof tier is bounded	(rule ((= z (WrapOp src p)) (empty-focus src)) ((empty-focus z)))
zipper-descend:0350	rule	981	UnwrapOp,empty-focus	mixed	proved-bounded	eager_unwrap_set_equiv,zipper_unwrap_materialization_equiv,arbitrary_zipper_unwrap_set_equiv,set_child_unwrap_singleton,set_terminal_unwrap,wrap_unwrap_left_inverse_a,wrap_unwrap_left_inverse_b,wrap_unwrap_left_inverse_ab,unwrap_union	mixed FOL plus bounded evidence; weakest proof tier is bounded	(rule ((= z (UnwrapOp src (Eps))) (empty-focus src)) ((empty-focus z)))
zipper-descend:0351	rule	983	UnwrapOp,Child,empty-focus	mixed	proved-bounded	eager_unwrap_set_equiv,zipper_unwrap_materialization_equiv,arbitrary_zipper_unwrap_set_equiv,set_child_unwrap_singleton,set_terminal_unwrap,wrap_unwrap_left_inverse_a,wrap_unwrap_left_inverse_b,wrap_unwrap_left_inverse_ab,unwrap_union,zipper_base_child_equiv,child_empty_a,child_empty_b,child_epsilon_a,child_epsilon_b,child_singleton_hit_a,child_singleton_hit_b,child_singleton_miss_a_b,child_singleton_miss_b_a,child_concat_hit_a,child_concat_hit_b,child_concat_miss_a_b,child_concat_miss_b_a,child_union_a,child_union_b,set_child_union_fo,child_same_head_union_a,child_same_head_union_b,child_intersection_a,child_intersection_b,child_diff_a,child_diff_b,set_child_product_derivative,set_child_restriction_derivative,set_child_raffination_derivative,set_child_wrap_hit,set_child_head,set_child_nonempty_paths,set_child_prefix_closure,set_child_prefix_closure_below,set_child_suffix_closure_derivative,set_child_tails_closure_derivative	mixed FOL plus bounded evidence; weakest proof tier is bounded	(rule ((= z (UnwrapOp src (Item item))) (empty-focus (Child item src))) ((empty-focus z)))
zipper-descend:0352	rule	985	UnwrapOp,Child,empty-focus	mixed	proved-bounded	eager_unwrap_set_equiv,zipper_unwrap_materialization_equiv,arbitrary_zipper_unwrap_set_equiv,set_child_unwrap_singleton,set_terminal_unwrap,wrap_unwrap_left_inverse_a,wrap_unwrap_left_inverse_b,wrap_unwrap_left_inverse_ab,unwrap_union,zipper_base_child_equiv,child_empty_a,child_empty_b,child_epsilon_a,child_epsilon_b,child_singleton_hit_a,child_singleton_hit_b,child_singleton_miss_a_b,child_singleton_miss_b_a,child_concat_hit_a,child_concat_hit_b,child_concat_miss_a_b,child_concat_miss_b_a,child_union_a,child_union_b,set_child_union_fo,child_same_head_union_a,child_same_head_union_b,child_intersection_a,child_intersection_b,child_diff_a,child_diff_b,set_child_product_derivative,set_child_restriction_derivative,set_child_raffination_derivative,set_child_wrap_hit,set_child_head,set_child_nonempty_paths,set_child_prefix_closure,set_child_prefix_closure_below,set_child_suffix_closure_derivative,set_child_tails_closure_derivative	mixed FOL plus bounded evidence; weakest proof tier is bounded	(rule ((= z (UnwrapOp src (Concat (Item item) rest))) (empty-focus (UnwrapOp (Child item src) rest))) ((empty-focus z)))
zipper-descend:0353	rule	987	NonEmptyOp,EmptyZ,empty-focus	mixed	proved-bounded	eager_nonempty_paths_set_equiv,zipper_nonempty_paths_materialization_equiv,arbitrary_zipper_nonempty_paths_set_equiv,set_child_nonempty_paths,set_terminal_nonempty_paths_empty,nonempty_empty,nonempty_epsilon_empty,nonempty_idempotent,nonempty_subset,nonempty_union,nonempty_child_a,nonempty_child_b,iteration_reconstruct_nonempty_source,zipper_emptyz_empty_focus_fo,zipper_emptyz_nonterminal_fo,zipper_keyset_emptyz_fo	mixed FOL plus bounded evidence; weakest proof tier is bounded	(rule ((= z (NonEmptyOp (EmptyZ)))) ((empty-focus z)))
zipper-descend:0354	rule	989	NonEmptyOp,TrieZ,empty-focus	mixed	proved-bounded	eager_nonempty_paths_set_equiv,zipper_nonempty_paths_materialization_equiv,arbitrary_zipper_nonempty_paths_set_equiv,set_child_nonempty_paths,set_terminal_nonempty_paths_empty,nonempty_empty,nonempty_epsilon_empty,nonempty_idempotent,nonempty_subset,nonempty_union,nonempty_child_a,nonempty_child_b,iteration_reconstruct_nonempty_source,zipper_base_terminal_equiv,zipper_base_child_equiv	mixed FOL plus bounded evidence; weakest proof tier is bounded	(rule ((= z (NonEmptyOp (TrieZ (Empty))))) ((empty-focus z)))
zipper-descend:0355	rule	991	NonEmptyOp,TrieZ,empty-focus	mixed	proved-bounded	eager_nonempty_paths_set_equiv,zipper_nonempty_paths_materialization_equiv,arbitrary_zipper_nonempty_paths_set_equiv,set_child_nonempty_paths,set_terminal_nonempty_paths_empty,nonempty_empty,nonempty_epsilon_empty,nonempty_idempotent,nonempty_subset,nonempty_union,nonempty_child_a,nonempty_child_b,iteration_reconstruct_nonempty_source,zipper_base_terminal_equiv,zipper_base_child_equiv	mixed FOL plus bounded evidence; weakest proof tier is bounded	(rule ((= z (NonEmptyOp (TrieZ (Singleton (Eps)))))) ((empty-focus z)))
zipper-descend:0356	rule	993	TailsIntersectionOp,tail-frontier,empty-focus	mixed	proved-bounded	eager_tails_intersection_set_equiv,zipper_tails_intersection_materialization_equiv,arbitrary_zipper_tails_intersection_set_equiv,set_tails_intersection_closed_two_head_frontier_fo,set_tails_intersection_closed_frontier_refinement_fo,tails_intersection_two_known_heads,tails-intersection-open:space_optimized_open,frontier_tail_nonempty_has_key_fo,frontier_candidate_tail_frontier_fo,set_child_union_fo,child_same_head_union_a,child_same_head_union_b,child_union_a,child_union_b,child_intersection_a,child_intersection_b,child_diff_a,child_diff_b,child_restriction_a,child_restriction_b,child_product_a,child_product_b,suffix_closure_child_derivative_a,suffix_closure_child_derivative_b	mixed FOL plus bounded evidence; weakest proof tier is bounded	(rule ((= z (TailsIntersectionOp src)) (tail-frontier src item tail) (empty-focus tail)) ((empty-focus z)))
zipper-descend:0357	rule	995	PrefixClosureBelowOp,empty-focus	mixed	proved-bounded	set_child_prefix_closure_below,set_terminal_prefix_closure_below,set_prefix_closure_interior_terminal_fo,prefix_closure_idempotent	mixed FOL plus bounded evidence; weakest proof tier is bounded	(rule ((= z (PrefixClosureBelowOp src)) (empty-focus src)) ((empty-focus z)))
zipper-descend:0358	rule	997	RangeOp,empty-focus	mixed	proved-bounded	set_range_full_sentinel,set_range_empty_one_one,eager_range_set_equiv,zipper_range_materialization_equiv,set_range_subset_fo,zipper_range_full_terminal_equiv,zipper_range_first_terminal_fo,set_range_first_child_terminal_empty_fo,set_range_first_child_selected_sound_fo,set_range_first_child_pruned_fo,set_range_last_child_selected_sound_fo,set_range_last_child_pruned_fo,set_range_drop_last_child_before_last_fo,set_range_drop_last_child_after_last_fo,range_empty_source_first,range_empty_source_last,range_empty_source_drop_last,range_first_wrap_a,range_last_wrap_a,range_drop_last_wrap_a,range_first_wrap_b,range_last_wrap_b,range_drop_last_wrap_b,range_first_wrap_ab,range_last_wrap_ab,range_drop_last_wrap_ab,range_first_subset,range_first_idempotent,range_last_idempotent,range_first_of_last,range_drop_last_of_first_empty,range_nested_first,range_nested_suffix_first,range_nested_suffix_offset,range_nested_last_last,range_positive_same_empty,range_positive_decreasing_empty,range_negative_same_empty,range_negative_decreasing_empty,range_last_subset,range_drop_last_subset,range_negative_window_subset,range_singleton_last_literal,range_singleton_drop_last_literal,range_singleton_negative_window_literal,range_nested_singleton_last_literal,range_item_union_first_literal,range_item_union_last_literal,range_item_union_drop_last_literal,range_drop_last_full_sentinel_literal,range_first_epsilon_literal,range_first_child_border_literal,range_first_child_full_literal,range_prunes_after_upper_border_literal,range_suffix_child_border_literal,range_last_border_literal,range_last_child_border_literal,range_last_prunes_earlier_head_literal,range_drop_last_border_literal,range_drop_last_child_border_literal,range_drop_last_prunes_last_head_literal,range_negative_window_border_literal,range_negative_window_child_border_literal,range_negative_window_prunes_last_head_literal,range_first_without_epsilon_literal,range_first_without_epsilon_child_literal,range_first_without_epsilon_prunes_later_child_literal	mixed FOL plus bounded evidence; weakest proof tier is bounded	(rule ((= z (RangeOp src "1" "1"))) ((empty-focus z)))
zipper-descend:0359	rule	999	RangeFirstOp,empty-focus	mixed	proved-bounded	set_range_full_sentinel,eager_range_set_equiv,zipper_range_first_materialization_equiv,set_range_subset_fo,set_range_first_terminal_fo,zipper_range_first_terminal_fo,set_range_first_child_terminal_empty_fo,set_range_first_child_selected_sound_fo,set_range_first_child_pruned_fo,range_empty_source_first,range_first_subset,range_first_wrap_a,range_first_wrap_b,range_first_wrap_ab,range_first_idempotent,range_first_of_last,range_drop_last_of_first_empty,range_first_epsilon_literal,range_item_union_first_literal,range_first_child_border_literal,range_prunes_after_upper_border_literal,range_first_without_epsilon_literal,range_first_without_epsilon_child_literal,range_first_without_epsilon_prunes_later_child_literal	mixed FOL plus bounded evidence; weakest proof tier is bounded	(rule ((= z (RangeFirstOp src)) (empty-focus src)) ((empty-focus z)))
zipper-descend:0360	rule	1001	RangeLastOp,empty-focus	mixed	proved-bounded	eager_range_set_equiv,zipper_range_last_materialization_equiv,set_range_subset_fo,set_range_last_child_selected_sound_fo,set_range_last_child_pruned_fo,range_empty_source_last,range_last_subset,range_last_idempotent,range_last_wrap_a,range_last_wrap_b,range_last_wrap_ab,range_first_of_last,range_singleton_last_literal,range_nested_singleton_last_literal,range_item_union_last_literal,range_last_border_literal,range_last_child_border_literal,range_last_prunes_earlier_head_literal,range_negative_window_border_literal,range_negative_window_child_border_literal,range_negative_window_prunes_last_head_literal	mixed FOL plus bounded evidence; weakest proof tier is bounded	(rule ((= z (RangeLastOp src)) (empty-focus src)) ((empty-focus z)))
zipper-descend:0361	rule	1003	RangeDropLastOp,empty-focus	mixed	proved-bounded	eager_range_set_equiv,zipper_range_drop_last_materialization_equiv,set_range_subset_fo,set_range_drop_last_child_before_last_fo,set_range_drop_last_child_after_last_fo,range_empty_source_drop_last,range_drop_last_subset,range_drop_last_wrap_a,range_drop_last_wrap_b,range_drop_last_wrap_ab,range_drop_last_of_first_empty,range_singleton_drop_last_literal,range_item_union_drop_last_literal,range_drop_last_full_sentinel_literal,range_drop_last_border_literal,range_drop_last_child_border_literal,range_drop_last_prunes_last_head_literal	mixed FOL plus bounded evidence; weakest proof tier is bounded	(rule ((= z (RangeDropLastOp src)) (empty-focus src)) ((empty-focus z)))
zipper-descend:0362	rule	1005	HeadOp,empty-focus	mixed	proved-bounded	eager_head_set_equiv,zipper_head_materialization_equiv,arbitrary_zipper_head_set_equiv,set_child_head,set_terminal_head_empty,set_iteration_head_identity,iteration_head_identity,head_idempotent	mixed FOL plus bounded evidence; weakest proof tier is bounded	(rule ((= z (HeadOp src)) (empty-focus src)) ((empty-focus z)))
zipper-descend:0363	rule	1007	PatchChildOp,empty-focus	mixed	proved-bounded	zipper_patch_child_terminal_equiv,zipper_patch_child_hit_equiv,zipper_patch_child_miss_equiv,zipper_patch_child_identity_equiv,zipper_context_graft_materialization,patch_child_hit_a,patch_child_hit_b,patch_child_miss_b,patch_child_miss_a,patch_child_identity_a,patch_child_identity_b,patch_child_terminal_preserved,patch_child_materialization_a	mixed FOL plus bounded evidence; weakest proof tier is bounded	(rule ((= z (PatchChildOp parent item replacement)) (empty-focus parent) (empty-focus replacement)) ((empty-focus z)))
zipper-descend:0364	rule	1015	EmptyZ,nonterminal	FOL	proved-unbounded	zipper_emptyz_empty_focus_fo,zipper_emptyz_nonterminal_fo,zipper_keyset_emptyz_fo	mapped to first-order proof artifact(s)	(rule ((= z (EmptyZ))) ((nonterminal z)))
zipper-descend:0365	rule	1017	TrieZ,nonterminal	FOL	proved-unbounded	zipper_base_terminal_equiv,zipper_base_child_equiv	mapped to first-order proof artifact(s)	(rule ((= z (TrieZ (Empty)))) ((nonterminal z)))
zipper-descend:0366	rule	1019	TrieZ,nonterminal	FOL	proved-unbounded	zipper_base_terminal_equiv,zipper_base_child_equiv	mapped to first-order proof artifact(s)	(rule ((= z (TrieZ (Singleton (Item head))))) ((nonterminal z)))
zipper-descend:0367	rule	1021	TrieZ,nonterminal	FOL	proved-unbounded	zipper_base_terminal_equiv,zipper_base_child_equiv	mapped to first-order proof artifact(s)	(rule ((= z (TrieZ (Singleton (Concat (Item head) rest))))) ((nonterminal z)))
zipper-descend:0368	rule	1023	TrieZ,nonterminal	FOL	proved-unbounded	zipper_base_terminal_equiv,zipper_base_child_equiv	mapped to first-order proof artifact(s)	(rule ((= z (TrieZ (Union a b))) (nonterminal (TrieZ a)) (nonterminal (TrieZ b))) ((nonterminal z)))
zipper-descend:0369	rule	1025	MemoZ,nonterminal	FOL	proved-unbounded	zipper_memo_materialization_equiv,zipper_memo_terminal_equiv,zipper_memo_child_equiv	mapped to first-order proof artifact(s)	(rule ((= z (MemoZ src)) (nonterminal src)) ((nonterminal z)))
zipper-descend:0370	rule	1027	UnionOp,nonterminal	mixed	proved-bounded	zipper_union_terminal_equiv,zipper_union_child_equiv,set_child_union_fo,set_union_idempotent_fo,set_union_associative_fo,child_union_a,child_union_b,child_same_head_union_a,child_same_head_union_b,union_idempotent,union_associative	mixed FOL plus bounded evidence; weakest proof tier is bounded	(rule ((= z (UnionOp a b)) (nonterminal a) (nonterminal b)) ((nonterminal z)))
zipper-descend:0371	rule	1029	JoinAllOp3,nonterminal	mixed	proved-bounded	zipper_union_terminal_equiv,zipper_union_child_equiv,set_child_union_fo,child_union_a,child_union_b	mixed FOL plus bounded evidence; weakest proof tier is bounded	(rule ((= z (JoinAllOp3 a b c)) (nonterminal a) (nonterminal b) (nonterminal c)) ((nonterminal z)))
zipper-descend:0372	rule	1031	IntersectionOp,nonterminal	mixed	proved-bounded	zipper_intersection_terminal_equiv,zipper_intersection_child_equiv,set_child_intersection_fo,set_intersection_idempotent_fo,set_intersection_associative_fo,child_intersection_a,child_intersection_b,intersection_associative	mixed FOL plus bounded evidence; weakest proof tier is bounded	(rule ((= z (IntersectionOp a b)) (nonterminal a)) ((nonterminal z)))
zipper-descend:0373	rule	1033	IntersectionOp,nonterminal	mixed	proved-bounded	zipper_intersection_terminal_equiv,zipper_intersection_child_equiv,set_child_intersection_fo,set_intersection_idempotent_fo,set_intersection_associative_fo,child_intersection_a,child_intersection_b,intersection_associative	mixed FOL plus bounded evidence; weakest proof tier is bounded	(rule ((= z (IntersectionOp a b)) (nonterminal b)) ((nonterminal z)))
zipper-descend:0374	rule	1035	MeetAllOp3,nonterminal	mixed	proved-bounded	zipper_intersection_terminal_equiv,zipper_intersection_child_equiv,child_intersection_a,child_intersection_b	mixed FOL plus bounded evidence; weakest proof tier is bounded	(rule ((= z (MeetAllOp3 a b c)) (nonterminal a)) ((nonterminal z)))
zipper-descend:0375	rule	1037	MeetAllOp3,nonterminal	mixed	proved-bounded	zipper_intersection_terminal_equiv,zipper_intersection_child_equiv,child_intersection_a,child_intersection_b	mixed FOL plus bounded evidence; weakest proof tier is bounded	(rule ((= z (MeetAllOp3 a b c)) (nonterminal b)) ((nonterminal z)))
zipper-descend:0376	rule	1039	MeetAllOp3,nonterminal	mixed	proved-bounded	zipper_intersection_terminal_equiv,zipper_intersection_child_equiv,child_intersection_a,child_intersection_b	mixed FOL plus bounded evidence; weakest proof tier is bounded	(rule ((= z (MeetAllOp3 a b c)) (nonterminal c)) ((nonterminal z)))
zipper-descend:0377	rule	1041	DiffOp,nonterminal	mixed	proved-bounded	zipper_diff_terminal_equiv,zipper_diff_child_equiv,set_child_diff_fo,set_diff_self_empty_fo,set_diff_union_rhs_fo,child_diff_a,child_diff_b,diff_self_empty,diff_union_rhs	mixed FOL plus bounded evidence; weakest proof tier is bounded	(rule ((= z (DiffOp a b)) (nonterminal a)) ((nonterminal z)))
zipper-descend:0378	rule	1043	DiffOp,terminal,nonterminal	mixed	proved-bounded	zipper_diff_terminal_equiv,zipper_diff_child_equiv,set_child_diff_fo,set_diff_self_empty_fo,set_diff_union_rhs_fo,child_diff_a,child_diff_b,diff_self_empty,diff_union_rhs,zipper_base_terminal_equiv,zipper_union_terminal_equiv,zipper_intersection_terminal_equiv,set_terminal_product,set_terminal_wrap,set_terminal_unwrap,set_terminal_head_empty,set_terminal_nonempty_paths_empty,set_terminal_prefix_closure_empty,set_terminal_prefix_closure_below,set_terminal_suffix_closure_empty	mixed FOL plus bounded evidence; weakest proof tier is bounded	(rule ((= z (DiffOp a b)) (terminal b)) ((nonterminal z)))
zipper-descend:0379	rule	1045	RestrictionOp,nonterminal	mixed	proved-bounded	eager_restriction_set_equiv,zipper_restriction_materialization_equiv,arbitrary_zipper_restriction_set_equiv,set_child_restriction_derivative,child_restriction_a,child_restriction_b,restriction_epsilon_identity,restriction_empty_prefixes	mixed FOL plus bounded evidence; weakest proof tier is bounded	(rule ((= z (RestrictionOp src prefixes)) (nonterminal src)) ((nonterminal z)))
zipper-descend:0380	rule	1047	RestrictionOp,nonterminal	mixed	proved-bounded	eager_restriction_set_equiv,zipper_restriction_materialization_equiv,arbitrary_zipper_restriction_set_equiv,set_child_restriction_derivative,child_restriction_a,child_restriction_b,restriction_epsilon_identity,restriction_empty_prefixes	mixed FOL plus bounded evidence; weakest proof tier is bounded	(rule ((= z (RestrictionOp src prefixes)) (nonterminal prefixes)) ((nonterminal z)))
zipper-descend:0381	rule	1049	DiffOp,RestrictionOp,RaffinationOp,nonterminal	mixed	proved-bounded	zipper_diff_terminal_equiv,zipper_diff_child_equiv,set_child_diff_fo,set_diff_self_empty_fo,set_diff_union_rhs_fo,child_diff_a,child_diff_b,diff_self_empty,diff_union_rhs,eager_restriction_set_equiv,zipper_restriction_materialization_equiv,arbitrary_zipper_restriction_set_equiv,set_child_restriction_derivative,child_restriction_a,child_restriction_b,restriction_epsilon_identity,restriction_empty_prefixes,eager_raffination_set_equiv,zipper_raffination_materialization_equiv,arbitrary_zipper_raffination_set_equiv,set_child_raffination_derivative,set_restriction_raffination_partition_fo,set_restriction_raffination_disjoint_fo,restriction_raffination_partition,restriction_raffination_disjoint	mixed FOL plus bounded evidence; weakest proof tier is bounded	(rule ((= z (RaffinationOp src prefixes)) (nonterminal (DiffOp src (RestrictionOp src prefixes)))) ((nonterminal z)))
zipper-descend:0382	rule	1051	ConcatOp,nonterminal	mixed	proved-bounded	eager_product_set_equiv,zipper_product_materialization_equiv,arbitrary_zipper_product_set_equiv,set_child_product_derivative,set_terminal_product,child_product_a,child_product_b,product_epsilon_left,product_epsilon_right,head_product	mixed FOL plus bounded evidence; weakest proof tier is bounded	(rule ((= z (ConcatOp left right)) (nonterminal left)) ((nonterminal z)))
zipper-descend:0383	rule	1053	ConcatOp,nonterminal	mixed	proved-bounded	eager_product_set_equiv,zipper_product_materialization_equiv,arbitrary_zipper_product_set_equiv,set_child_product_derivative,set_terminal_product,child_product_a,child_product_b,product_epsilon_left,product_epsilon_right,head_product	mixed FOL plus bounded evidence; weakest proof tier is bounded	(rule ((= z (ConcatOp left right)) (nonterminal right)) ((nonterminal z)))
zipper-descend:0384	rule	1055	WrapOp,nonterminal	mixed	proved-bounded	eager_wrap_set_equiv,zipper_wrap_materialization_equiv,arbitrary_zipper_wrap_set_equiv,set_child_wrap_hit,set_terminal_wrap,wrap_unwrap_left_inverse_a,wrap_unwrap_left_inverse_b,wrap_unwrap_left_inverse_ab,wrap_unwrap_restriction_a,wrap_unwrap_restriction_b	mixed FOL plus bounded evidence; weakest proof tier is bounded	(rule ((= z (WrapOp src (Eps))) (nonterminal src)) ((nonterminal z)))
zipper-descend:0385	rule	1057	WrapOp,nonterminal	mixed	proved-bounded	eager_wrap_set_equiv,zipper_wrap_materialization_equiv,arbitrary_zipper_wrap_set_equiv,set_child_wrap_hit,set_terminal_wrap,wrap_unwrap_left_inverse_a,wrap_unwrap_left_inverse_b,wrap_unwrap_left_inverse_ab,wrap_unwrap_restriction_a,wrap_unwrap_restriction_b	mixed FOL plus bounded evidence; weakest proof tier is bounded	(rule ((= z (WrapOp src (Item head)))) ((nonterminal z)))
zipper-descend:0386	rule	1059	WrapOp,nonterminal	mixed	proved-bounded	eager_wrap_set_equiv,zipper_wrap_materialization_equiv,arbitrary_zipper_wrap_set_equiv,set_child_wrap_hit,set_terminal_wrap,wrap_unwrap_left_inverse_a,wrap_unwrap_left_inverse_b,wrap_unwrap_left_inverse_ab,wrap_unwrap_restriction_a,wrap_unwrap_restriction_b	mixed FOL plus bounded evidence; weakest proof tier is bounded	(rule ((= z (WrapOp src (Concat (Item head) rest)))) ((nonterminal z)))
zipper-descend:0387	rule	1061	UnwrapOp,nonterminal	mixed	proved-bounded	eager_unwrap_set_equiv,zipper_unwrap_materialization_equiv,arbitrary_zipper_unwrap_set_equiv,set_child_unwrap_singleton,set_terminal_unwrap,wrap_unwrap_left_inverse_a,wrap_unwrap_left_inverse_b,wrap_unwrap_left_inverse_ab,unwrap_union	mixed FOL plus bounded evidence; weakest proof tier is bounded	(rule ((= z (UnwrapOp src (Eps))) (nonterminal src)) ((nonterminal z)))
zipper-descend:0388	rule	1063	NonEmptyOp,nonterminal	mixed	proved-bounded	eager_nonempty_paths_set_equiv,zipper_nonempty_paths_materialization_equiv,arbitrary_zipper_nonempty_paths_set_equiv,set_child_nonempty_paths,set_terminal_nonempty_paths_empty,nonempty_empty,nonempty_epsilon_empty,nonempty_idempotent,nonempty_subset,nonempty_union,nonempty_child_a,nonempty_child_b,iteration_reconstruct_nonempty_source	mixed FOL plus bounded evidence; weakest proof tier is bounded	(rule ((= z (NonEmptyOp src))) ((nonterminal z)))
zipper-descend:0389	rule	1065	PrefixClosureOp,nonterminal	mixed	proved-bounded	eager_prefix_closure_set_equiv,zipper_prefix_closure_materialization_equiv,arbitrary_zipper_prefix_closure_set_equiv,set_child_prefix_closure,set_terminal_prefix_closure_empty,prefix_closure_idempotent,prefix-closure-open:space_optimized_open	mixed FOL plus bounded evidence; weakest proof tier is bounded	(rule ((= z (PrefixClosureOp src))) ((nonterminal z)))
zipper-descend:0390	rule	1067	PrefixClosureBelowOp,empty-focus,nonterminal	mixed	proved-bounded	set_child_prefix_closure_below,set_terminal_prefix_closure_below,set_prefix_closure_interior_terminal_fo,prefix_closure_idempotent	mixed FOL plus bounded evidence; weakest proof tier is bounded	(rule ((= z (PrefixClosureBelowOp src)) (empty-focus src)) ((nonterminal z)))
zipper-descend:0391	rule	1069	RangeOp,nonterminal	mixed	proved-bounded	set_range_full_sentinel,set_range_empty_one_one,eager_range_set_equiv,zipper_range_materialization_equiv,set_range_subset_fo,zipper_range_full_terminal_equiv,zipper_range_first_terminal_fo,set_range_first_child_terminal_empty_fo,set_range_first_child_selected_sound_fo,set_range_first_child_pruned_fo,set_range_last_child_selected_sound_fo,set_range_last_child_pruned_fo,set_range_drop_last_child_before_last_fo,set_range_drop_last_child_after_last_fo,range_empty_source_first,range_empty_source_last,range_empty_source_drop_last,range_first_wrap_a,range_last_wrap_a,range_drop_last_wrap_a,range_first_wrap_b,range_last_wrap_b,range_drop_last_wrap_b,range_first_wrap_ab,range_last_wrap_ab,range_drop_last_wrap_ab,range_first_subset,range_first_idempotent,range_last_idempotent,range_first_of_last,range_drop_last_of_first_empty,range_nested_first,range_nested_suffix_first,range_nested_suffix_offset,range_nested_last_last,range_positive_same_empty,range_positive_decreasing_empty,range_negative_same_empty,range_negative_decreasing_empty,range_last_subset,range_drop_last_subset,range_negative_window_subset,range_singleton_last_literal,range_singleton_drop_last_literal,range_singleton_negative_window_literal,range_nested_singleton_last_literal,range_item_union_first_literal,range_item_union_last_literal,range_item_union_drop_last_literal,range_drop_last_full_sentinel_literal,range_first_epsilon_literal,range_first_child_border_literal,range_first_child_full_literal,range_prunes_after_upper_border_literal,range_suffix_child_border_literal,range_last_border_literal,range_last_child_border_literal,range_last_prunes_earlier_head_literal,range_drop_last_border_literal,range_drop_last_child_border_literal,range_drop_last_prunes_last_head_literal,range_negative_window_border_literal,range_negative_window_child_border_literal,range_negative_window_prunes_last_head_literal,range_first_without_epsilon_literal,range_first_without_epsilon_child_literal,range_first_without_epsilon_prunes_later_child_literal	mixed FOL plus bounded evidence; weakest proof tier is bounded	(rule ((= z (RangeOp src "1" "1"))) ((nonterminal z)))
zipper-descend:0392	rule	1071	RangeFirstOp,nonterminal	mixed	proved-bounded	set_range_full_sentinel,eager_range_set_equiv,zipper_range_first_materialization_equiv,set_range_subset_fo,set_range_first_terminal_fo,zipper_range_first_terminal_fo,set_range_first_child_terminal_empty_fo,set_range_first_child_selected_sound_fo,set_range_first_child_pruned_fo,range_empty_source_first,range_first_subset,range_first_wrap_a,range_first_wrap_b,range_first_wrap_ab,range_first_idempotent,range_first_of_last,range_drop_last_of_first_empty,range_first_epsilon_literal,range_item_union_first_literal,range_first_child_border_literal,range_prunes_after_upper_border_literal,range_first_without_epsilon_literal,range_first_without_epsilon_child_literal,range_first_without_epsilon_prunes_later_child_literal	mixed FOL plus bounded evidence; weakest proof tier is bounded	(rule ((= z (RangeFirstOp src)) (nonterminal src)) ((nonterminal z)))
zipper-descend:0393	rule	1073	RangeLastOp,nonterminal,has-key	mixed	proved-bounded	eager_range_set_equiv,zipper_range_last_materialization_equiv,set_range_subset_fo,set_range_last_child_selected_sound_fo,set_range_last_child_pruned_fo,range_empty_source_last,range_last_subset,range_last_idempotent,range_last_wrap_a,range_last_wrap_b,range_last_wrap_ab,range_first_of_last,range_singleton_last_literal,range_nested_singleton_last_literal,range_item_union_last_literal,range_last_border_literal,range_last_child_border_literal,range_last_prunes_earlier_head_literal,range_negative_window_border_literal,range_negative_window_child_border_literal,range_negative_window_prunes_last_head_literal	mixed FOL plus bounded evidence; weakest proof tier is bounded	(rule ((= z (RangeLastOp src)) (has-key src item)) ((nonterminal z)))
zipper-descend:0394	rule	1075	PatchChildOp,nonterminal	mixed	proved-bounded	zipper_patch_child_terminal_equiv,zipper_patch_child_hit_equiv,zipper_patch_child_miss_equiv,zipper_patch_child_identity_equiv,zipper_context_graft_materialization,patch_child_hit_a,patch_child_hit_b,patch_child_miss_b,patch_child_miss_a,patch_child_identity_a,patch_child_identity_b,patch_child_terminal_preserved,patch_child_materialization_a	mixed FOL plus bounded evidence; weakest proof tier is bounded	(rule ((= z (PatchChildOp parent item replacement)) (nonterminal parent)) ((nonterminal z)))
zipper-descend:0395	rule	1081	terminal,nonempty-focus	FOL	proved-unbounded	zipper_base_terminal_equiv,zipper_union_terminal_equiv,zipper_intersection_terminal_equiv,zipper_diff_terminal_equiv,set_terminal_product,set_terminal_wrap,set_terminal_unwrap,set_terminal_head_empty,set_terminal_nonempty_paths_empty,set_terminal_prefix_closure_empty,set_terminal_prefix_closure_below,set_terminal_suffix_closure_empty	mapped to first-order proof artifact(s)	(rule ((terminal z)) ((nonempty-focus z)))
zipper-descend:0396	rule	1083	TrieZ,nonempty-focus	FOL	proved-unbounded	zipper_base_terminal_equiv,zipper_base_child_equiv	mapped to first-order proof artifact(s)	(rule ((= z (TrieZ (Singleton (Item head))))) ((nonempty-focus z)))
zipper-descend:0397	rule	1085	TrieZ,nonempty-focus	FOL	proved-unbounded	zipper_base_terminal_equiv,zipper_base_child_equiv	mapped to first-order proof artifact(s)	(rule ((= z (TrieZ (Singleton (Concat (Item head) rest))))) ((nonempty-focus z)))
zipper-descend:0398	rule	1087	TrieZ,nonempty-focus	FOL	proved-unbounded	zipper_base_terminal_equiv,zipper_base_child_equiv	mapped to first-order proof artifact(s)	(rule ((= z (TrieZ (Union a b))) (nonempty-focus (TrieZ a))) ((nonempty-focus z)))
zipper-descend:0399	rule	1089	TrieZ,nonempty-focus	FOL	proved-unbounded	zipper_base_terminal_equiv,zipper_base_child_equiv	mapped to first-order proof artifact(s)	(rule ((= z (TrieZ (Union a b))) (nonempty-focus (TrieZ b))) ((nonempty-focus z)))
zipper-descend:0400	rule	1091	MemoZ,nonempty-focus	FOL	proved-unbounded	zipper_memo_materialization_equiv,zipper_memo_terminal_equiv,zipper_memo_child_equiv	mapped to first-order proof artifact(s)	(rule ((= z (MemoZ src)) (nonempty-focus src)) ((nonempty-focus z)))
zipper-descend:0401	rule	1093	UnionOp,nonempty-focus	mixed	proved-bounded	zipper_union_terminal_equiv,zipper_union_child_equiv,set_child_union_fo,set_union_idempotent_fo,set_union_associative_fo,child_union_a,child_union_b,child_same_head_union_a,child_same_head_union_b,union_idempotent,union_associative	mixed FOL plus bounded evidence; weakest proof tier is bounded	(rule ((= z (UnionOp a b)) (nonempty-focus a)) ((nonempty-focus z)))
zipper-descend:0402	rule	1095	UnionOp,nonempty-focus	mixed	proved-bounded	zipper_union_terminal_equiv,zipper_union_child_equiv,set_child_union_fo,set_union_idempotent_fo,set_union_associative_fo,child_union_a,child_union_b,child_same_head_union_a,child_same_head_union_b,union_idempotent,union_associative	mixed FOL plus bounded evidence; weakest proof tier is bounded	(rule ((= z (UnionOp a b)) (nonempty-focus b)) ((nonempty-focus z)))
zipper-descend:0403	rule	1097	JoinAllOp3,nonempty-focus	mixed	proved-bounded	zipper_union_terminal_equiv,zipper_union_child_equiv,set_child_union_fo,child_union_a,child_union_b	mixed FOL plus bounded evidence; weakest proof tier is bounded	(rule ((= z (JoinAllOp3 a b c)) (nonempty-focus a)) ((nonempty-focus z)))
zipper-descend:0404	rule	1099	JoinAllOp3,nonempty-focus	mixed	proved-bounded	zipper_union_terminal_equiv,zipper_union_child_equiv,set_child_union_fo,child_union_a,child_union_b	mixed FOL plus bounded evidence; weakest proof tier is bounded	(rule ((= z (JoinAllOp3 a b c)) (nonempty-focus b)) ((nonempty-focus z)))
zipper-descend:0405	rule	1101	JoinAllOp3,nonempty-focus	mixed	proved-bounded	zipper_union_terminal_equiv,zipper_union_child_equiv,set_child_union_fo,child_union_a,child_union_b	mixed FOL plus bounded evidence; weakest proof tier is bounded	(rule ((= z (JoinAllOp3 a b c)) (nonempty-focus c)) ((nonempty-focus z)))
zipper-descend:0406	rule	1103	Child,terminal,has-key	mixed	proved-bounded	zipper_base_child_equiv,child_empty_a,child_empty_b,child_epsilon_a,child_epsilon_b,child_singleton_hit_a,child_singleton_hit_b,child_singleton_miss_a_b,child_singleton_miss_b_a,child_concat_hit_a,child_concat_hit_b,child_concat_miss_a_b,child_concat_miss_b_a,child_union_a,child_union_b,set_child_union_fo,child_same_head_union_a,child_same_head_union_b,child_intersection_a,child_intersection_b,child_diff_a,child_diff_b,set_child_product_derivative,set_child_restriction_derivative,set_child_raffination_derivative,set_child_wrap_hit,set_child_unwrap_singleton,set_child_head,set_child_nonempty_paths,set_child_prefix_closure,set_child_prefix_closure_below,set_child_suffix_closure_derivative,set_child_tails_closure_derivative,zipper_base_terminal_equiv,zipper_union_terminal_equiv,zipper_intersection_terminal_equiv,zipper_diff_terminal_equiv,set_terminal_product,set_terminal_wrap,set_terminal_unwrap,set_terminal_head_empty,set_terminal_nonempty_paths_empty,set_terminal_prefix_closure_empty,set_terminal_prefix_closure_below,set_terminal_suffix_closure_empty	mixed FOL plus bounded evidence; weakest proof tier is bounded	(rule ((terminal (Child item z))) ((has-key z item)))
zipper-descend:0407	rule	1105	Child,has-key	mixed	proved-bounded	zipper_base_child_equiv,child_empty_a,child_empty_b,child_epsilon_a,child_epsilon_b,child_singleton_hit_a,child_singleton_hit_b,child_singleton_miss_a_b,child_singleton_miss_b_a,child_concat_hit_a,child_concat_hit_b,child_concat_miss_a_b,child_concat_miss_b_a,child_union_a,child_union_b,set_child_union_fo,child_same_head_union_a,child_same_head_union_b,child_intersection_a,child_intersection_b,child_diff_a,child_diff_b,set_child_product_derivative,set_child_restriction_derivative,set_child_raffination_derivative,set_child_wrap_hit,set_child_unwrap_singleton,set_child_head,set_child_nonempty_paths,set_child_prefix_closure,set_child_prefix_closure_below,set_child_suffix_closure_derivative,set_child_tails_closure_derivative	mixed FOL plus bounded evidence; weakest proof tier is bounded	(rule ((has-key (Child item z) child)) ((has-key z item)))
zipper-descend:0408	rule	1107	tail-frontier,nonempty-focus,has-key	mixed	proved-bounded	frontier_tail_nonempty_has_key_fo,frontier_candidate_tail_frontier_fo,set_child_union_fo,child_same_head_union_a,child_same_head_union_b,child_union_a,child_union_b,child_intersection_a,child_intersection_b,child_diff_a,child_diff_b,child_restriction_a,child_restriction_b,child_product_a,child_product_b,suffix_closure_child_derivative_a,suffix_closure_child_derivative_b	mixed FOL plus bounded evidence; weakest proof tier is bounded	(rule ((tail-frontier z item tail) (nonempty-focus tail)) ((has-key z item)))
zipper-descend:0409	rule	1109	Child,observed-key,observable-focus,child-focus	FOL	proved-unbounded	child_focus_child_fo	mapped to first-order proof artifact(s)	(rule ((observed-key item) (observable-focus z)) ((child-focus z item (Child item z))))
zipper-descend:0410	rule	1111	empty-focus,child-focus,absent-key	FOL	proved-unbounded	child_focus_empty_absent_key_fo	mapped to first-order proof artifact(s)	(rule ((child-focus z item child) (empty-focus child)) ((absent-key z item)))
zipper-descend:0411	rule	1113	nonempty-focus,has-key,observed-key	FOL	proved-unbounded	scheduler_has_key_observes_fo	mapped to first-order proof artifact(s)	(rule ((has-key z item)) ((nonempty-focus z) (observed-key item)))
zipper-descend:0412	rule	1116	has-key,keyset	FOL	proved-unbounded	has_key_keyset_singleton_fo	mapped to first-order proof artifact(s)	(rule ((has-key z item)) ((keyset z (KOne item))))
zipper-descend:0413	rule	1118	tail-frontier,TrieZ	mixed	proved-bounded	frontier_tail_nonempty_has_key_fo,frontier_candidate_tail_frontier_fo,set_child_union_fo,child_same_head_union_a,child_same_head_union_b,child_union_a,child_union_b,child_intersection_a,child_intersection_b,child_diff_a,child_diff_b,child_restriction_a,child_restriction_b,child_product_a,child_product_b,suffix_closure_child_derivative_a,suffix_closure_child_derivative_b,zipper_base_terminal_equiv,zipper_base_child_equiv	mixed FOL plus bounded evidence; weakest proof tier is bounded	(rule ((= src (TrieZ (Singleton (Item item))))) ((tail-frontier src item (TrieZ (Singleton (Eps))))))
zipper-descend:0414	rule	1120	tail-frontier,TrieZ	mixed	proved-bounded	frontier_tail_nonempty_has_key_fo,frontier_candidate_tail_frontier_fo,set_child_union_fo,child_same_head_union_a,child_same_head_union_b,child_union_a,child_union_b,child_intersection_a,child_intersection_b,child_diff_a,child_diff_b,child_restriction_a,child_restriction_b,child_product_a,child_product_b,suffix_closure_child_derivative_a,suffix_closure_child_derivative_b,zipper_base_terminal_equiv,zipper_base_child_equiv	mixed FOL plus bounded evidence; weakest proof tier is bounded	(rule ((= src (TrieZ (Singleton (Concat (Item item) rest))))) ((tail-frontier src item (TrieZ (Singleton rest)))))
zipper-descend:0415	rule	1125	tail-frontier,TrieZ	mixed	proved-bounded	frontier_tail_nonempty_has_key_fo,frontier_candidate_tail_frontier_fo,set_child_union_fo,child_same_head_union_a,child_same_head_union_b,child_union_a,child_union_b,child_intersection_a,child_intersection_b,child_diff_a,child_diff_b,child_restriction_a,child_restriction_b,child_product_a,child_product_b,suffix_closure_child_derivative_a,suffix_closure_child_derivative_b,zipper_base_terminal_equiv,zipper_base_child_equiv	mixed FOL plus bounded evidence; weakest proof tier is bounded	(rule ((= src (TrieZ (Union (Singleton (Concat (Item item) left-rest)) (Singleton (Concat (Item item) right-rest)))))) ((tail-frontier src item (TrieZ (Singleton left-rest))) (tail-frontier src item (TrieZ (Singleton right-rest)))))
zipper-descend:0416	rule	1130	tail-frontier,TrieZ	mixed	proved-bounded	frontier_tail_nonempty_has_key_fo,frontier_candidate_tail_frontier_fo,set_child_union_fo,child_same_head_union_a,child_same_head_union_b,child_union_a,child_union_b,child_intersection_a,child_intersection_b,child_diff_a,child_diff_b,child_restriction_a,child_restriction_b,child_product_a,child_product_b,suffix_closure_child_derivative_a,suffix_closure_child_derivative_b,zipper_base_terminal_equiv,zipper_base_child_equiv	mixed FOL plus bounded evidence; weakest proof tier is bounded	(rule ((= src (TrieZ (Union (Singleton (Concat (Item item) first-rest)) (Union (Singleton (Concat (Item item) second-rest)) (Singleton (Concat (Item item) third-rest))))))) ((tail-frontier src item (TrieZ (Singleton first-rest))) (tail-frontier src item (TrieZ (Singleton second-rest))) (tail-frontier src item (TrieZ (Singleton third-rest)))))
zipper-descend:0417	rule	1138	tail-frontier,TrieZ	mixed	proved-bounded	frontier_tail_nonempty_has_key_fo,frontier_candidate_tail_frontier_fo,set_child_union_fo,child_same_head_union_a,child_same_head_union_b,child_union_a,child_union_b,child_intersection_a,child_intersection_b,child_diff_a,child_diff_b,child_restriction_a,child_restriction_b,child_product_a,child_product_b,suffix_closure_child_derivative_a,suffix_closure_child_derivative_b,zipper_base_terminal_equiv,zipper_base_child_equiv	mixed FOL plus bounded evidence; weakest proof tier is bounded	(rule ((= src (TrieZ (Union (Union (Singleton (Concat (Item item) first-rest)) (Singleton (Concat (Item item) second-rest))) (Singleton (Concat (Item item) third-rest)))))) ((tail-frontier src item (TrieZ (Singleton first-rest))) (tail-frontier src item (TrieZ (Singleton second-rest))) (tail-frontier src item (TrieZ (Singleton third-rest)))))
zipper-descend:0418	rule	1146	tail-frontier,TrieZ	mixed	proved-bounded	frontier_tail_nonempty_has_key_fo,frontier_candidate_tail_frontier_fo,set_child_union_fo,child_same_head_union_a,child_same_head_union_b,child_union_a,child_union_b,child_intersection_a,child_intersection_b,child_diff_a,child_diff_b,child_restriction_a,child_restriction_b,child_product_a,child_product_b,suffix_closure_child_derivative_a,suffix_closure_child_derivative_b,zipper_base_terminal_equiv,zipper_base_child_equiv	mixed FOL plus bounded evidence; weakest proof tier is bounded	(rule ((= src (TrieZ (Union a b))) (tail-frontier (TrieZ a) item tail)) ((tail-frontier src item tail)))
zipper-descend:0419	rule	1148	tail-frontier,TrieZ	mixed	proved-bounded	frontier_tail_nonempty_has_key_fo,frontier_candidate_tail_frontier_fo,set_child_union_fo,child_same_head_union_a,child_same_head_union_b,child_union_a,child_union_b,child_intersection_a,child_intersection_b,child_diff_a,child_diff_b,child_restriction_a,child_restriction_b,child_product_a,child_product_b,suffix_closure_child_derivative_a,suffix_closure_child_derivative_b,zipper_base_terminal_equiv,zipper_base_child_equiv	mixed FOL plus bounded evidence; weakest proof tier is bounded	(rule ((= src (TrieZ (Union a b))) (tail-frontier (TrieZ b) item tail)) ((tail-frontier src item tail)))
zipper-descend:0420	rule	1150	tail-frontier,TrieZ	mixed	proved-bounded	frontier_tail_nonempty_has_key_fo,frontier_candidate_tail_frontier_fo,set_child_union_fo,child_same_head_union_a,child_same_head_union_b,child_union_a,child_union_b,child_intersection_a,child_intersection_b,child_diff_a,child_diff_b,child_restriction_a,child_restriction_b,child_product_a,child_product_b,suffix_closure_child_derivative_a,suffix_closure_child_derivative_b,zipper_base_terminal_equiv,zipper_base_child_equiv	mixed FOL plus bounded evidence; weakest proof tier is bounded	(rule ((= src (TrieZ (Union (Union a b) c))) (tail-frontier (TrieZ a) item tail)) ((tail-frontier src item tail)))
zipper-descend:0421	rule	1152	tail-frontier,TrieZ	mixed	proved-bounded	frontier_tail_nonempty_has_key_fo,frontier_candidate_tail_frontier_fo,set_child_union_fo,child_same_head_union_a,child_same_head_union_b,child_union_a,child_union_b,child_intersection_a,child_intersection_b,child_diff_a,child_diff_b,child_restriction_a,child_restriction_b,child_product_a,child_product_b,suffix_closure_child_derivative_a,suffix_closure_child_derivative_b,zipper_base_terminal_equiv,zipper_base_child_equiv	mixed FOL plus bounded evidence; weakest proof tier is bounded	(rule ((= src (TrieZ (Union (Union a b) c))) (tail-frontier (TrieZ b) item tail)) ((tail-frontier src item tail)))
zipper-descend:0422	rule	1154	tail-frontier,TrieZ	mixed	proved-bounded	frontier_tail_nonempty_has_key_fo,frontier_candidate_tail_frontier_fo,set_child_union_fo,child_same_head_union_a,child_same_head_union_b,child_union_a,child_union_b,child_intersection_a,child_intersection_b,child_diff_a,child_diff_b,child_restriction_a,child_restriction_b,child_product_a,child_product_b,suffix_closure_child_derivative_a,suffix_closure_child_derivative_b,zipper_base_terminal_equiv,zipper_base_child_equiv	mixed FOL plus bounded evidence; weakest proof tier is bounded	(rule ((= src (TrieZ (Union (Union a b) c))) (tail-frontier (TrieZ c) item tail)) ((tail-frontier src item tail)))
zipper-descend:0423	rule	1156	tail-frontier,TrieZ	mixed	proved-bounded	frontier_tail_nonempty_has_key_fo,frontier_candidate_tail_frontier_fo,set_child_union_fo,child_same_head_union_a,child_same_head_union_b,child_union_a,child_union_b,child_intersection_a,child_intersection_b,child_diff_a,child_diff_b,child_restriction_a,child_restriction_b,child_product_a,child_product_b,suffix_closure_child_derivative_a,suffix_closure_child_derivative_b,zipper_base_terminal_equiv,zipper_base_child_equiv	mixed FOL plus bounded evidence; weakest proof tier is bounded	(rule ((= src (TrieZ (Union a (Union b c)))) (tail-frontier (TrieZ a) item tail)) ((tail-frontier src item tail)))
zipper-descend:0424	rule	1158	tail-frontier,TrieZ	mixed	proved-bounded	frontier_tail_nonempty_has_key_fo,frontier_candidate_tail_frontier_fo,set_child_union_fo,child_same_head_union_a,child_same_head_union_b,child_union_a,child_union_b,child_intersection_a,child_intersection_b,child_diff_a,child_diff_b,child_restriction_a,child_restriction_b,child_product_a,child_product_b,suffix_closure_child_derivative_a,suffix_closure_child_derivative_b,zipper_base_terminal_equiv,zipper_base_child_equiv	mixed FOL plus bounded evidence; weakest proof tier is bounded	(rule ((= src (TrieZ (Union a (Union b c)))) (tail-frontier (TrieZ b) item tail)) ((tail-frontier src item tail)))
zipper-descend:0425	rule	1160	tail-frontier,TrieZ	mixed	proved-bounded	frontier_tail_nonempty_has_key_fo,frontier_candidate_tail_frontier_fo,set_child_union_fo,child_same_head_union_a,child_same_head_union_b,child_union_a,child_union_b,child_intersection_a,child_intersection_b,child_diff_a,child_diff_b,child_restriction_a,child_restriction_b,child_product_a,child_product_b,suffix_closure_child_derivative_a,suffix_closure_child_derivative_b,zipper_base_terminal_equiv,zipper_base_child_equiv	mixed FOL plus bounded evidence; weakest proof tier is bounded	(rule ((= src (TrieZ (Union a (Union b c)))) (tail-frontier (TrieZ c) item tail)) ((tail-frontier src item tail)))
zipper-descend:0426	rule	1162	tail-frontier,MemoZ	mixed	proved-bounded	frontier_tail_nonempty_has_key_fo,frontier_candidate_tail_frontier_fo,set_child_union_fo,child_same_head_union_a,child_same_head_union_b,child_union_a,child_union_b,child_intersection_a,child_intersection_b,child_diff_a,child_diff_b,child_restriction_a,child_restriction_b,child_product_a,child_product_b,suffix_closure_child_derivative_a,suffix_closure_child_derivative_b,zipper_memo_materialization_equiv,zipper_memo_terminal_equiv,zipper_memo_child_equiv	mixed FOL plus bounded evidence; weakest proof tier is bounded	(rule ((= src (MemoZ z)) (tail-frontier z item tail)) ((tail-frontier src item (MemoZ tail))))
zipper-descend:0427	rule	1164	UnionOp,tail-frontier	mixed	proved-bounded	zipper_union_terminal_equiv,zipper_union_child_equiv,set_child_union_fo,set_union_idempotent_fo,set_union_associative_fo,child_union_a,child_union_b,child_same_head_union_a,child_same_head_union_b,union_idempotent,union_associative,frontier_tail_nonempty_has_key_fo,frontier_candidate_tail_frontier_fo,child_intersection_a,child_intersection_b,child_diff_a,child_diff_b,child_restriction_a,child_restriction_b,child_product_a,child_product_b,suffix_closure_child_derivative_a,suffix_closure_child_derivative_b	mixed FOL plus bounded evidence; weakest proof tier is bounded	(rule ((= src (UnionOp a b)) (tail-frontier a item tail)) ((tail-frontier src item tail)))
zipper-descend:0428	rule	1166	UnionOp,tail-frontier	mixed	proved-bounded	zipper_union_terminal_equiv,zipper_union_child_equiv,set_child_union_fo,set_union_idempotent_fo,set_union_associative_fo,child_union_a,child_union_b,child_same_head_union_a,child_same_head_union_b,union_idempotent,union_associative,frontier_tail_nonempty_has_key_fo,frontier_candidate_tail_frontier_fo,child_intersection_a,child_intersection_b,child_diff_a,child_diff_b,child_restriction_a,child_restriction_b,child_product_a,child_product_b,suffix_closure_child_derivative_a,suffix_closure_child_derivative_b	mixed FOL plus bounded evidence; weakest proof tier is bounded	(rule ((= src (UnionOp a b)) (tail-frontier b item tail)) ((tail-frontier src item tail)))
zipper-descend:0429	rule	1168	JoinAllOp3,tail-frontier	mixed	proved-bounded	zipper_union_terminal_equiv,zipper_union_child_equiv,set_child_union_fo,child_union_a,child_union_b,frontier_tail_nonempty_has_key_fo,frontier_candidate_tail_frontier_fo,child_same_head_union_a,child_same_head_union_b,child_intersection_a,child_intersection_b,child_diff_a,child_diff_b,child_restriction_a,child_restriction_b,child_product_a,child_product_b,suffix_closure_child_derivative_a,suffix_closure_child_derivative_b	mixed FOL plus bounded evidence; weakest proof tier is bounded	(rule ((= src (JoinAllOp3 a b c)) (tail-frontier a item tail)) ((tail-frontier src item tail)))
zipper-descend:0430	rule	1170	JoinAllOp3,tail-frontier	mixed	proved-bounded	zipper_union_terminal_equiv,zipper_union_child_equiv,set_child_union_fo,child_union_a,child_union_b,frontier_tail_nonempty_has_key_fo,frontier_candidate_tail_frontier_fo,child_same_head_union_a,child_same_head_union_b,child_intersection_a,child_intersection_b,child_diff_a,child_diff_b,child_restriction_a,child_restriction_b,child_product_a,child_product_b,suffix_closure_child_derivative_a,suffix_closure_child_derivative_b	mixed FOL plus bounded evidence; weakest proof tier is bounded	(rule ((= src (JoinAllOp3 a b c)) (tail-frontier b item tail)) ((tail-frontier src item tail)))
zipper-descend:0431	rule	1172	JoinAllOp3,tail-frontier	mixed	proved-bounded	zipper_union_terminal_equiv,zipper_union_child_equiv,set_child_union_fo,child_union_a,child_union_b,frontier_tail_nonempty_has_key_fo,frontier_candidate_tail_frontier_fo,child_same_head_union_a,child_same_head_union_b,child_intersection_a,child_intersection_b,child_diff_a,child_diff_b,child_restriction_a,child_restriction_b,child_product_a,child_product_b,suffix_closure_child_derivative_a,suffix_closure_child_derivative_b	mixed FOL plus bounded evidence; weakest proof tier is bounded	(rule ((= src (JoinAllOp3 a b c)) (tail-frontier c item tail)) ((tail-frontier src item tail)))
zipper-descend:0432	rule	1174	IntersectionOp,tail-frontier	mixed	proved-bounded	zipper_intersection_terminal_equiv,zipper_intersection_child_equiv,set_child_intersection_fo,set_intersection_idempotent_fo,set_intersection_associative_fo,child_intersection_a,child_intersection_b,intersection_associative,frontier_tail_nonempty_has_key_fo,frontier_candidate_tail_frontier_fo,set_child_union_fo,child_same_head_union_a,child_same_head_union_b,child_union_a,child_union_b,child_diff_a,child_diff_b,child_restriction_a,child_restriction_b,child_product_a,child_product_b,suffix_closure_child_derivative_a,suffix_closure_child_derivative_b	mixed FOL plus bounded evidence; weakest proof tier is bounded	(rule ((= src (IntersectionOp a b)) (tail-frontier a item left-tail) (tail-frontier b item right-tail)) ((tail-frontier src item (IntersectionOp left-tail right-tail))))
zipper-descend:0433	rule	1176	MeetAllOp3,tail-frontier	mixed	proved-bounded	zipper_intersection_terminal_equiv,zipper_intersection_child_equiv,child_intersection_a,child_intersection_b,frontier_tail_nonempty_has_key_fo,frontier_candidate_tail_frontier_fo,set_child_union_fo,child_same_head_union_a,child_same_head_union_b,child_union_a,child_union_b,child_diff_a,child_diff_b,child_restriction_a,child_restriction_b,child_product_a,child_product_b,suffix_closure_child_derivative_a,suffix_closure_child_derivative_b	mixed FOL plus bounded evidence; weakest proof tier is bounded	(rule ((= src (MeetAllOp3 a b c)) (tail-frontier a item tail-a) (tail-frontier b item tail-b) (tail-frontier c item tail-c)) ((tail-frontier src item (MeetAllOp3 tail-a tail-b tail-c))))
zipper-descend:0434	rule	1181	DiffOp,tail-frontier,Child	mixed	proved-bounded	zipper_diff_terminal_equiv,zipper_diff_child_equiv,set_child_diff_fo,set_diff_self_empty_fo,set_diff_union_rhs_fo,child_diff_a,child_diff_b,diff_self_empty,diff_union_rhs,frontier_tail_nonempty_has_key_fo,frontier_candidate_tail_frontier_fo,set_child_union_fo,child_same_head_union_a,child_same_head_union_b,child_union_a,child_union_b,child_intersection_a,child_intersection_b,child_restriction_a,child_restriction_b,child_product_a,child_product_b,suffix_closure_child_derivative_a,suffix_closure_child_derivative_b,zipper_base_child_equiv,child_empty_a,child_empty_b,child_epsilon_a,child_epsilon_b,child_singleton_hit_a,child_singleton_hit_b,child_singleton_miss_a_b,child_singleton_miss_b_a,child_concat_hit_a,child_concat_hit_b,child_concat_miss_a_b,child_concat_miss_b_a,set_child_product_derivative,set_child_restriction_derivative,set_child_raffination_derivative,set_child_wrap_hit,set_child_unwrap_singleton,set_child_head,set_child_nonempty_paths,set_child_prefix_closure,set_child_prefix_closure_below,set_child_suffix_closure_derivative,set_child_tails_closure_derivative	mixed FOL plus bounded evidence; weakest proof tier is bounded	(rule ((= src (DiffOp a b)) (tail-frontier a item tail)) ((tail-frontier src item (DiffOp tail (Child item b)))))
zipper-descend:0435	rule	1183	RestrictionOp,tail-frontier,terminal	mixed	proved-bounded	eager_restriction_set_equiv,zipper_restriction_materialization_equiv,arbitrary_zipper_restriction_set_equiv,set_child_restriction_derivative,child_restriction_a,child_restriction_b,restriction_epsilon_identity,restriction_empty_prefixes,frontier_tail_nonempty_has_key_fo,frontier_candidate_tail_frontier_fo,set_child_union_fo,child_same_head_union_a,child_same_head_union_b,child_union_a,child_union_b,child_intersection_a,child_intersection_b,child_diff_a,child_diff_b,child_product_a,child_product_b,suffix_closure_child_derivative_a,suffix_closure_child_derivative_b,zipper_base_terminal_equiv,zipper_union_terminal_equiv,zipper_intersection_terminal_equiv,zipper_diff_terminal_equiv,set_terminal_product,set_terminal_wrap,set_terminal_unwrap,set_terminal_head_empty,set_terminal_nonempty_paths_empty,set_terminal_prefix_closure_empty,set_terminal_prefix_closure_below,set_terminal_suffix_closure_empty	mixed FOL plus bounded evidence; weakest proof tier is bounded	(rule ((= src (RestrictionOp source prefixes)) (terminal prefixes) (tail-frontier source item tail)) ((tail-frontier src item tail)))
zipper-descend:0436	rule	1185	RestrictionOp,tail-frontier,nonterminal	mixed	proved-bounded	eager_restriction_set_equiv,zipper_restriction_materialization_equiv,arbitrary_zipper_restriction_set_equiv,set_child_restriction_derivative,child_restriction_a,child_restriction_b,restriction_epsilon_identity,restriction_empty_prefixes,frontier_tail_nonempty_has_key_fo,frontier_candidate_tail_frontier_fo,set_child_union_fo,child_same_head_union_a,child_same_head_union_b,child_union_a,child_union_b,child_intersection_a,child_intersection_b,child_diff_a,child_diff_b,child_product_a,child_product_b,suffix_closure_child_derivative_a,suffix_closure_child_derivative_b	mixed FOL plus bounded evidence; weakest proof tier is bounded	(rule ((= src (RestrictionOp source prefixes)) (nonterminal prefixes) (tail-frontier source item source-tail) (tail-frontier prefixes item prefix-tail)) ((tail-frontier src item (RestrictionOp source-tail prefix-tail))))
zipper-descend:0437	rule	1190	DiffOp,RestrictionOp,RaffinationOp,tail-frontier,Child	mixed	proved-bounded	zipper_diff_terminal_equiv,zipper_diff_child_equiv,set_child_diff_fo,set_diff_self_empty_fo,set_diff_union_rhs_fo,child_diff_a,child_diff_b,diff_self_empty,diff_union_rhs,eager_restriction_set_equiv,zipper_restriction_materialization_equiv,arbitrary_zipper_restriction_set_equiv,set_child_restriction_derivative,child_restriction_a,child_restriction_b,restriction_epsilon_identity,restriction_empty_prefixes,eager_raffination_set_equiv,zipper_raffination_materialization_equiv,arbitrary_zipper_raffination_set_equiv,set_child_raffination_derivative,set_restriction_raffination_partition_fo,set_restriction_raffination_disjoint_fo,restriction_raffination_partition,restriction_raffination_disjoint,frontier_tail_nonempty_has_key_fo,frontier_candidate_tail_frontier_fo,set_child_union_fo,child_same_head_union_a,child_same_head_union_b,child_union_a,child_union_b,child_intersection_a,child_intersection_b,child_product_a,child_product_b,suffix_closure_child_derivative_a,suffix_closure_child_derivative_b,zipper_base_child_equiv,child_empty_a,child_empty_b,child_epsilon_a,child_epsilon_b,child_singleton_hit_a,child_singleton_hit_b,child_singleton_miss_a_b,child_singleton_miss_b_a,child_concat_hit_a,child_concat_hit_b,child_concat_miss_a_b,child_concat_miss_b_a,set_child_product_derivative,set_child_wrap_hit,set_child_unwrap_singleton,set_child_head,set_child_nonempty_paths,set_child_prefix_closure,set_child_prefix_closure_below,set_child_suffix_closure_derivative,set_child_tails_closure_derivative	mixed FOL plus bounded evidence; weakest proof tier is bounded	(rule ((= src (RaffinationOp source prefixes)) (tail-frontier source item source-tail)) ((tail-frontier src item (DiffOp source-tail (Child item (RestrictionOp source prefixes))))))
zipper-descend:0438	rule	1192	DiffOp,RestrictionOp,RaffinationOp,tail-frontier	mixed	proved-bounded	zipper_diff_terminal_equiv,zipper_diff_child_equiv,set_child_diff_fo,set_diff_self_empty_fo,set_diff_union_rhs_fo,child_diff_a,child_diff_b,diff_self_empty,diff_union_rhs,eager_restriction_set_equiv,zipper_restriction_materialization_equiv,arbitrary_zipper_restriction_set_equiv,set_child_restriction_derivative,child_restriction_a,child_restriction_b,restriction_epsilon_identity,restriction_empty_prefixes,eager_raffination_set_equiv,zipper_raffination_materialization_equiv,arbitrary_zipper_raffination_set_equiv,set_child_raffination_derivative,set_restriction_raffination_partition_fo,set_restriction_raffination_disjoint_fo,restriction_raffination_partition,restriction_raffination_disjoint,frontier_tail_nonempty_has_key_fo,frontier_candidate_tail_frontier_fo,set_child_union_fo,child_same_head_union_a,child_same_head_union_b,child_union_a,child_union_b,child_intersection_a,child_intersection_b,child_product_a,child_product_b,suffix_closure_child_derivative_a,suffix_closure_child_derivative_b	mixed FOL plus bounded evidence; weakest proof tier is bounded	(rule ((= src (RaffinationOp source prefixes)) (tail-frontier (DiffOp source (RestrictionOp source prefixes)) item tail)) ((tail-frontier src item tail)))
zipper-descend:0439	rule	1194	ConcatOp,tail-frontier	mixed	proved-bounded	eager_product_set_equiv,zipper_product_materialization_equiv,arbitrary_zipper_product_set_equiv,set_child_product_derivative,set_terminal_product,child_product_a,child_product_b,product_epsilon_left,product_epsilon_right,head_product,frontier_tail_nonempty_has_key_fo,frontier_candidate_tail_frontier_fo,set_child_union_fo,child_same_head_union_a,child_same_head_union_b,child_union_a,child_union_b,child_intersection_a,child_intersection_b,child_diff_a,child_diff_b,child_restriction_a,child_restriction_b,suffix_closure_child_derivative_a,suffix_closure_child_derivative_b	mixed FOL plus bounded evidence; weakest proof tier is bounded	(rule ((= src (ConcatOp left right)) (tail-frontier left item left-tail)) ((tail-frontier src item (ConcatOp left-tail right))))
zipper-descend:0440	rule	1196	ConcatOp,tail-frontier,terminal	mixed	proved-bounded	eager_product_set_equiv,zipper_product_materialization_equiv,arbitrary_zipper_product_set_equiv,set_child_product_derivative,set_terminal_product,child_product_a,child_product_b,product_epsilon_left,product_epsilon_right,head_product,frontier_tail_nonempty_has_key_fo,frontier_candidate_tail_frontier_fo,set_child_union_fo,child_same_head_union_a,child_same_head_union_b,child_union_a,child_union_b,child_intersection_a,child_intersection_b,child_diff_a,child_diff_b,child_restriction_a,child_restriction_b,suffix_closure_child_derivative_a,suffix_closure_child_derivative_b,zipper_base_terminal_equiv,zipper_union_terminal_equiv,zipper_intersection_terminal_equiv,zipper_diff_terminal_equiv,set_terminal_wrap,set_terminal_unwrap,set_terminal_head_empty,set_terminal_nonempty_paths_empty,set_terminal_prefix_closure_empty,set_terminal_prefix_closure_below,set_terminal_suffix_closure_empty	mixed FOL plus bounded evidence; weakest proof tier is bounded	(rule ((= src (ConcatOp left right)) (terminal left) (tail-frontier right item right-tail)) ((tail-frontier src item right-tail)))
zipper-descend:0441	rule	1198	WrapOp,tail-frontier	mixed	proved-bounded	eager_wrap_set_equiv,zipper_wrap_materialization_equiv,arbitrary_zipper_wrap_set_equiv,set_child_wrap_hit,set_terminal_wrap,wrap_unwrap_left_inverse_a,wrap_unwrap_left_inverse_b,wrap_unwrap_left_inverse_ab,wrap_unwrap_restriction_a,wrap_unwrap_restriction_b,frontier_tail_nonempty_has_key_fo,frontier_candidate_tail_frontier_fo,set_child_union_fo,child_same_head_union_a,child_same_head_union_b,child_union_a,child_union_b,child_intersection_a,child_intersection_b,child_diff_a,child_diff_b,child_restriction_a,child_restriction_b,child_product_a,child_product_b,suffix_closure_child_derivative_a,suffix_closure_child_derivative_b	mixed FOL plus bounded evidence; weakest proof tier is bounded	(rule ((= src (WrapOp z (Eps))) (tail-frontier z item tail)) ((tail-frontier src item tail)))
zipper-descend:0442	rule	1200	WrapOp,tail-frontier	mixed	proved-bounded	eager_wrap_set_equiv,zipper_wrap_materialization_equiv,arbitrary_zipper_wrap_set_equiv,set_child_wrap_hit,set_terminal_wrap,wrap_unwrap_left_inverse_a,wrap_unwrap_left_inverse_b,wrap_unwrap_left_inverse_ab,wrap_unwrap_restriction_a,wrap_unwrap_restriction_b,frontier_tail_nonempty_has_key_fo,frontier_candidate_tail_frontier_fo,set_child_union_fo,child_same_head_union_a,child_same_head_union_b,child_union_a,child_union_b,child_intersection_a,child_intersection_b,child_diff_a,child_diff_b,child_restriction_a,child_restriction_b,child_product_a,child_product_b,suffix_closure_child_derivative_a,suffix_closure_child_derivative_b	mixed FOL plus bounded evidence; weakest proof tier is bounded	(rule ((= src (WrapOp z (Item item)))) ((tail-frontier src item z)))
zipper-descend:0443	rule	1202	WrapOp,tail-frontier	mixed	proved-bounded	eager_wrap_set_equiv,zipper_wrap_materialization_equiv,arbitrary_zipper_wrap_set_equiv,set_child_wrap_hit,set_terminal_wrap,wrap_unwrap_left_inverse_a,wrap_unwrap_left_inverse_b,wrap_unwrap_left_inverse_ab,wrap_unwrap_restriction_a,wrap_unwrap_restriction_b,frontier_tail_nonempty_has_key_fo,frontier_candidate_tail_frontier_fo,set_child_union_fo,child_same_head_union_a,child_same_head_union_b,child_union_a,child_union_b,child_intersection_a,child_intersection_b,child_diff_a,child_diff_b,child_restriction_a,child_restriction_b,child_product_a,child_product_b,suffix_closure_child_derivative_a,suffix_closure_child_derivative_b	mixed FOL plus bounded evidence; weakest proof tier is bounded	(rule ((= src (WrapOp z (Concat (Item item) rest)))) ((tail-frontier src item (WrapOp z rest))))
zipper-descend:0444	rule	1204	UnwrapOp,tail-frontier	mixed	proved-bounded	eager_unwrap_set_equiv,zipper_unwrap_materialization_equiv,arbitrary_zipper_unwrap_set_equiv,set_child_unwrap_singleton,set_terminal_unwrap,wrap_unwrap_left_inverse_a,wrap_unwrap_left_inverse_b,wrap_unwrap_left_inverse_ab,unwrap_union,frontier_tail_nonempty_has_key_fo,frontier_candidate_tail_frontier_fo,set_child_union_fo,child_same_head_union_a,child_same_head_union_b,child_union_a,child_union_b,child_intersection_a,child_intersection_b,child_diff_a,child_diff_b,child_restriction_a,child_restriction_b,child_product_a,child_product_b,suffix_closure_child_derivative_a,suffix_closure_child_derivative_b	mixed FOL plus bounded evidence; weakest proof tier is bounded	(rule ((= src (UnwrapOp z (Eps))) (tail-frontier z item tail)) ((tail-frontier src item tail)))
zipper-descend:0445	rule	1206	UnwrapOp,tail-frontier,Child	mixed	proved-bounded	eager_unwrap_set_equiv,zipper_unwrap_materialization_equiv,arbitrary_zipper_unwrap_set_equiv,set_child_unwrap_singleton,set_terminal_unwrap,wrap_unwrap_left_inverse_a,wrap_unwrap_left_inverse_b,wrap_unwrap_left_inverse_ab,unwrap_union,frontier_tail_nonempty_has_key_fo,frontier_candidate_tail_frontier_fo,set_child_union_fo,child_same_head_union_a,child_same_head_union_b,child_union_a,child_union_b,child_intersection_a,child_intersection_b,child_diff_a,child_diff_b,child_restriction_a,child_restriction_b,child_product_a,child_product_b,suffix_closure_child_derivative_a,suffix_closure_child_derivative_b,zipper_base_child_equiv,child_empty_a,child_empty_b,child_epsilon_a,child_epsilon_b,child_singleton_hit_a,child_singleton_hit_b,child_singleton_miss_a_b,child_singleton_miss_b_a,child_concat_hit_a,child_concat_hit_b,child_concat_miss_a_b,child_concat_miss_b_a,set_child_product_derivative,set_child_restriction_derivative,set_child_raffination_derivative,set_child_wrap_hit,set_child_head,set_child_nonempty_paths,set_child_prefix_closure,set_child_prefix_closure_below,set_child_suffix_closure_derivative,set_child_tails_closure_derivative	mixed FOL plus bounded evidence; weakest proof tier is bounded	(rule ((= src (UnwrapOp z (Item head))) (tail-frontier (Child head z) item tail)) ((tail-frontier src item tail)))
zipper-descend:0446	rule	1208	UnwrapOp,tail-frontier,Child	mixed	proved-bounded	eager_unwrap_set_equiv,zipper_unwrap_materialization_equiv,arbitrary_zipper_unwrap_set_equiv,set_child_unwrap_singleton,set_terminal_unwrap,wrap_unwrap_left_inverse_a,wrap_unwrap_left_inverse_b,wrap_unwrap_left_inverse_ab,unwrap_union,frontier_tail_nonempty_has_key_fo,frontier_candidate_tail_frontier_fo,set_child_union_fo,child_same_head_union_a,child_same_head_union_b,child_union_a,child_union_b,child_intersection_a,child_intersection_b,child_diff_a,child_diff_b,child_restriction_a,child_restriction_b,child_product_a,child_product_b,suffix_closure_child_derivative_a,suffix_closure_child_derivative_b,zipper_base_child_equiv,child_empty_a,child_empty_b,child_epsilon_a,child_epsilon_b,child_singleton_hit_a,child_singleton_hit_b,child_singleton_miss_a_b,child_singleton_miss_b_a,child_concat_hit_a,child_concat_hit_b,child_concat_miss_a_b,child_concat_miss_b_a,set_child_product_derivative,set_child_restriction_derivative,set_child_raffination_derivative,set_child_wrap_hit,set_child_head,set_child_nonempty_paths,set_child_prefix_closure,set_child_prefix_closure_below,set_child_suffix_closure_derivative,set_child_tails_closure_derivative	mixed FOL plus bounded evidence; weakest proof tier is bounded	(rule ((= src (UnwrapOp z (Concat (Item head) rest))) (tail-frontier (UnwrapOp (Child head z) rest) item tail)) ((tail-frontier src item tail)))
zipper-descend:0447	rule	1210	NonEmptyOp,tail-frontier	mixed	proved-bounded	eager_nonempty_paths_set_equiv,zipper_nonempty_paths_materialization_equiv,arbitrary_zipper_nonempty_paths_set_equiv,set_child_nonempty_paths,set_terminal_nonempty_paths_empty,nonempty_empty,nonempty_epsilon_empty,nonempty_idempotent,nonempty_subset,nonempty_union,nonempty_child_a,nonempty_child_b,iteration_reconstruct_nonempty_source,frontier_tail_nonempty_has_key_fo,frontier_candidate_tail_frontier_fo,set_child_union_fo,child_same_head_union_a,child_same_head_union_b,child_union_a,child_union_b,child_intersection_a,child_intersection_b,child_diff_a,child_diff_b,child_restriction_a,child_restriction_b,child_product_a,child_product_b,suffix_closure_child_derivative_a,suffix_closure_child_derivative_b	mixed FOL plus bounded evidence; weakest proof tier is bounded	(rule ((= src (NonEmptyOp z)) (tail-frontier z item tail)) ((tail-frontier src item tail)))
zipper-descend:0448	rule	1212	RangeOp,tail-frontier	mixed	proved-bounded	set_range_full_sentinel,set_range_empty_one_one,eager_range_set_equiv,zipper_range_materialization_equiv,set_range_subset_fo,zipper_range_full_terminal_equiv,zipper_range_first_terminal_fo,set_range_first_child_terminal_empty_fo,set_range_first_child_selected_sound_fo,set_range_first_child_pruned_fo,set_range_last_child_selected_sound_fo,set_range_last_child_pruned_fo,set_range_drop_last_child_before_last_fo,set_range_drop_last_child_after_last_fo,range_empty_source_first,range_empty_source_last,range_empty_source_drop_last,range_first_wrap_a,range_last_wrap_a,range_drop_last_wrap_a,range_first_wrap_b,range_last_wrap_b,range_drop_last_wrap_b,range_first_wrap_ab,range_last_wrap_ab,range_drop_last_wrap_ab,range_first_subset,range_first_idempotent,range_last_idempotent,range_first_of_last,range_drop_last_of_first_empty,range_nested_first,range_nested_suffix_first,range_nested_suffix_offset,range_nested_last_last,range_positive_same_empty,range_positive_decreasing_empty,range_negative_same_empty,range_negative_decreasing_empty,range_last_subset,range_drop_last_subset,range_negative_window_subset,range_singleton_last_literal,range_singleton_drop_last_literal,range_singleton_negative_window_literal,range_nested_singleton_last_literal,range_item_union_first_literal,range_item_union_last_literal,range_item_union_drop_last_literal,range_drop_last_full_sentinel_literal,range_first_epsilon_literal,range_first_child_border_literal,range_first_child_full_literal,range_prunes_after_upper_border_literal,range_suffix_child_border_literal,range_last_border_literal,range_last_child_border_literal,range_last_prunes_earlier_head_literal,range_drop_last_border_literal,range_drop_last_child_border_literal,range_drop_last_prunes_last_head_literal,range_negative_window_border_literal,range_negative_window_child_border_literal,range_negative_window_prunes_last_head_literal,range_first_without_epsilon_literal,range_first_without_epsilon_child_literal,range_first_without_epsilon_prunes_later_child_literal,frontier_tail_nonempty_has_key_fo,frontier_candidate_tail_frontier_fo,set_child_union_fo,child_same_head_union_a,child_same_head_union_b,child_union_a,child_union_b,child_intersection_a,child_intersection_b,child_diff_a,child_diff_b,child_restriction_a,child_restriction_b,child_product_a,child_product_b,suffix_closure_child_derivative_a,suffix_closure_child_derivative_b	mixed FOL plus bounded evidence; weakest proof tier is bounded	(rule ((= src (RangeOp z "0" "0")) (tail-frontier z item tail)) ((tail-frontier src item tail)))
zipper-descend:0449	rule	1214	HeadOp,tail-frontier,TrieZ,has-key	mixed	proved-bounded	eager_head_set_equiv,zipper_head_materialization_equiv,arbitrary_zipper_head_set_equiv,set_child_head,set_terminal_head_empty,set_iteration_head_identity,iteration_head_identity,head_idempotent,frontier_tail_nonempty_has_key_fo,frontier_candidate_tail_frontier_fo,set_child_union_fo,child_same_head_union_a,child_same_head_union_b,child_union_a,child_union_b,child_intersection_a,child_intersection_b,child_diff_a,child_diff_b,child_restriction_a,child_restriction_b,child_product_a,child_product_b,suffix_closure_child_derivative_a,suffix_closure_child_derivative_b,zipper_base_terminal_equiv,zipper_base_child_equiv	mixed FOL plus bounded evidence; weakest proof tier is bounded	(rule ((= src (HeadOp z)) (has-key z item)) ((tail-frontier src item (TrieZ (Singleton (Eps))))))
zipper-descend:0450	rule	1216	tail-frontier,observed-key,observable-focus	FOL	proved-unbounded	scheduler_tail_frontier_observes_fo	mapped to first-order proof artifact(s)	(rule ((tail-frontier src item tail)) ((observed-key item) (observable-focus tail)))
zipper-descend:0451	rule	1219	TrieZ,single-frontier	FOL	proved-unbounded	zipper_base_terminal_equiv,zipper_base_child_equiv	mapped to first-order proof artifact(s)	(rule ((= src (TrieZ (Singleton (Item item))))) ((single-frontier src item (TrieZ (Singleton (Eps))))))
zipper-descend:0452	rule	1221	TrieZ,single-frontier	FOL	proved-unbounded	zipper_base_terminal_equiv,zipper_base_child_equiv	mapped to first-order proof artifact(s)	(rule ((= src (TrieZ (Singleton (Concat (Item item) rest))))) ((single-frontier src item (TrieZ (Singleton rest)))))
zipper-descend:0453	rule	1223	TrieZ,single-frontier	FOL	proved-unbounded	zipper_base_terminal_equiv,zipper_base_child_equiv	mapped to first-order proof artifact(s)	(rule ((= src (TrieZ (Union a a))) (single-frontier (TrieZ a) item tail)) ((single-frontier src item tail)))
zipper-descend:0454	rule	1225	MemoZ,single-frontier	FOL	proved-unbounded	zipper_memo_materialization_equiv,zipper_memo_terminal_equiv,zipper_memo_child_equiv	mapped to first-order proof artifact(s)	(rule ((= src (MemoZ z)) (single-frontier z item tail)) ((single-frontier src item (MemoZ tail))))
zipper-descend:0455	rule	1227	NonEmptyOp,single-frontier	mixed	proved-bounded	eager_nonempty_paths_set_equiv,zipper_nonempty_paths_materialization_equiv,arbitrary_zipper_nonempty_paths_set_equiv,set_child_nonempty_paths,set_terminal_nonempty_paths_empty,nonempty_empty,nonempty_epsilon_empty,nonempty_idempotent,nonempty_subset,nonempty_union,nonempty_child_a,nonempty_child_b,iteration_reconstruct_nonempty_source	mixed FOL plus bounded evidence; weakest proof tier is bounded	(rule ((= src (NonEmptyOp z)) (single-frontier z item tail)) ((single-frontier src item tail)))
zipper-descend:0456	rule	1229	WrapOp,nonempty-focus,single-frontier	mixed	proved-bounded	eager_wrap_set_equiv,zipper_wrap_materialization_equiv,arbitrary_zipper_wrap_set_equiv,set_child_wrap_hit,set_terminal_wrap,wrap_unwrap_left_inverse_a,wrap_unwrap_left_inverse_b,wrap_unwrap_left_inverse_ab,wrap_unwrap_restriction_a,wrap_unwrap_restriction_b	mixed FOL plus bounded evidence; weakest proof tier is bounded	(rule ((= src (WrapOp z (Item item))) (nonempty-focus z)) ((single-frontier src item z)))
zipper-descend:0457	rule	1231	WrapOp,nonempty-focus,single-frontier	mixed	proved-bounded	eager_wrap_set_equiv,zipper_wrap_materialization_equiv,arbitrary_zipper_wrap_set_equiv,set_child_wrap_hit,set_terminal_wrap,wrap_unwrap_left_inverse_a,wrap_unwrap_left_inverse_b,wrap_unwrap_left_inverse_ab,wrap_unwrap_restriction_a,wrap_unwrap_restriction_b	mixed FOL plus bounded evidence; weakest proof tier is bounded	(rule ((= src (WrapOp z (Concat (Item item) rest))) (nonempty-focus z)) ((single-frontier src item (WrapOp z rest))))
zipper-descend:0458	rule	1233	UnionOp,single-frontier	mixed	proved-bounded	zipper_union_terminal_equiv,zipper_union_child_equiv,set_child_union_fo,set_union_idempotent_fo,set_union_associative_fo,child_union_a,child_union_b,child_same_head_union_a,child_same_head_union_b,union_idempotent,union_associative	mixed FOL plus bounded evidence; weakest proof tier is bounded	(rule ((= src (UnionOp left right)) (single-frontier left item left-tail) (single-frontier right item right-tail)) ((single-frontier src item (UnionOp left-tail right-tail))))
zipper-descend:0459	rewrite	1242	UnionOp,TailsIntersectionOp,single-frontier	FOL	proved-unbounded	set_tails_intersection_closed_two_head_frontier_fo	mapped to first-order proof artifact(s)	(rewrite (TailsIntersectionOp (UnionOp left right)) (UnionOp left-tail right-tail) :when ((single-frontier left item left-tail) (single-frontier right item right-tail)))
zipper-descend:0460	rewrite	1246	UnionOp,IntersectionOp,TailsIntersectionOp,single-frontier	FOL	proved-unbounded	set_tails_intersection_closed_two_head_frontier_fo	mapped to first-order proof artifact(s)	(rewrite (TailsIntersectionOp (UnionOp left right)) (IntersectionOp left-tail right-tail) :when ((single-frontier left left-item left-tail) (single-frontier right right-item right-tail) (!= left-item right-item)))
zipper-descend:0461	rule	1251	TailsIntersectionOp,terminal,single-frontier	FOL	proved-unbounded	set_tails_intersection_closed_two_head_frontier_fo	mapped to first-order proof artifact(s)	(rule ((= z (TailsIntersectionOp src)) (single-frontier src head tail) (terminal tail)) ((terminal z)))
zipper-descend:0462	rule	1253	TailsIntersectionOp,empty-focus,single-frontier	FOL	proved-unbounded	set_tails_intersection_closed_two_head_frontier_fo	mapped to first-order proof artifact(s)	(rule ((= z (TailsIntersectionOp src)) (single-frontier src head tail) (empty-focus tail)) ((empty-focus z)))
zipper-descend:0463	rule	1255	TailsIntersectionOp,has-key,single-frontier	FOL	proved-unbounded	set_tails_intersection_closed_two_head_frontier_fo	mapped to first-order proof artifact(s)	(rule ((= z (TailsIntersectionOp src)) (single-frontier src head tail) (has-key tail item)) ((has-key z item)))
zipper-descend:0464	rule	1257	TailsIntersectionOp,keyset,single-frontier	FOL	proved-unbounded	set_tails_intersection_closed_two_head_frontier_fo	mapped to first-order proof artifact(s)	(rule ((= z (TailsIntersectionOp src)) (single-frontier src head tail) (keyset tail ks)) ((keyset z ks)))
zipper-descend:0465	rule	1259	TailsIntersectionOp,tail-frontier,single-frontier	FOL	proved-unbounded	set_tails_intersection_closed_two_head_frontier_fo	mapped to first-order proof artifact(s)	(rule ((= z (TailsIntersectionOp src)) (single-frontier src head tail) (tail-frontier tail item next)) ((tail-frontier z item next)))
zipper-descend:0466	rule	1261	TailsIntersectionOp,Child,terminal,single-frontier	FOL	proved-unbounded	set_tails_intersection_closed_two_head_frontier_fo	mapped to first-order proof artifact(s)	(rule ((= z (Child item (TailsIntersectionOp src))) (single-frontier src head tail) (terminal (Child item tail))) ((terminal z)))
zipper-descend:0467	rule	1263	TailsIntersectionOp,Child,empty-focus,single-frontier	FOL	proved-unbounded	set_tails_intersection_closed_two_head_frontier_fo	mapped to first-order proof artifact(s)	(rule ((= z (Child item (TailsIntersectionOp src))) (single-frontier src head tail) (empty-focus (Child item tail))) ((empty-focus z)))
zipper-descend:0468	rule	1265	TailsIntersectionOp,Child,has-key,single-frontier	FOL	proved-unbounded	set_tails_intersection_closed_two_head_frontier_fo	mapped to first-order proof artifact(s)	(rule ((= z (Child item (TailsIntersectionOp src))) (single-frontier src head tail) (has-key (Child item tail) child)) ((has-key z child)))
zipper-descend:0469	rule	1267	SuffixClosureOp,suffix-active	mixed	proved-bounded	eager_suffix_closure_set_equiv,zipper_suffix_closure_materialization_equiv,arbitrary_zipper_suffix_closure_set_equiv,set_child_suffix_closure_derivative,antimirov_suffix_frontier_state_child_fo,antimirov_suffix_frontier_nested_fo,set_terminal_suffix_closure_empty,suffix_closure_idempotent,suffix_closure_child_derivative_a,suffix_closure_child_derivative_b,suffix-closure-open:space_optimized_open	mixed FOL plus bounded evidence; weakest proof tier is bounded	(rule ((= closure (SuffixClosureOp root))) ((suffix-active root root)))
zipper-descend:0470	rule	1269	TailsClosureOp,suffix-active	mixed	proved-bounded	eager_tails_closure_set_equiv,zipper_tails_closure_materialization_equiv,arbitrary_zipper_tails_closure_set_equiv,set_child_tails_closure_derivative,antimirov_tails_frontier_state_child_fo,antimirov_tails_frontier_nested_fo,antimirov_tails_frontier_nested_a_b,set_tails_closure_definition_fo,tails_closure_idempotent,tails_closure_definition,child_tails_closure_derivative_a,child_tails_closure_derivative_b,tails_closure_unfold_base_or_step,suffix_closure_child_derivative_a,suffix_closure_child_derivative_b,tails-closure-open:space_optimized_open,set_child_suffix_closure_derivative	mixed FOL plus bounded evidence; weakest proof tier is bounded	(rule ((= closure (TailsClosureOp root))) ((suffix-active root root)))
zipper-descend:0471	rule	1271	tail-frontier,suffix-active	mixed	proved-bounded	frontier_tail_nonempty_has_key_fo,frontier_candidate_tail_frontier_fo,set_child_union_fo,child_same_head_union_a,child_same_head_union_b,child_union_a,child_union_b,child_intersection_a,child_intersection_b,child_diff_a,child_diff_b,child_restriction_a,child_restriction_b,child_product_a,child_product_b,suffix_closure_child_derivative_a,suffix_closure_child_derivative_b,set_child_suffix_closure_derivative	mixed FOL plus bounded evidence; weakest proof tier is bounded	(rule ((suffix-active root active) (tail-frontier active head tail)) ((suffix-active root tail)))
zipper-descend:0472	rule	1273	SuffixClosureOp,tail-frontier,suffix-active	mixed	proved-bounded	eager_suffix_closure_set_equiv,zipper_suffix_closure_materialization_equiv,arbitrary_zipper_suffix_closure_set_equiv,set_child_suffix_closure_derivative,antimirov_suffix_frontier_state_child_fo,antimirov_suffix_frontier_nested_fo,set_terminal_suffix_closure_empty,suffix_closure_idempotent,suffix_closure_child_derivative_a,suffix_closure_child_derivative_b,suffix-closure-open:space_optimized_open,frontier_tail_nonempty_has_key_fo,frontier_candidate_tail_frontier_fo,set_child_union_fo,child_same_head_union_a,child_same_head_union_b,child_union_a,child_union_b,child_intersection_a,child_intersection_b,child_diff_a,child_diff_b,child_restriction_a,child_restriction_b,child_product_a,child_product_b	mixed FOL plus bounded evidence; weakest proof tier is bounded	(rule ((= src (SuffixClosureOp root)) (suffix-active root active) (tail-frontier active item tail)) ((tail-frontier src item tail)))
zipper-descend:0473	rule	1275	SuffixClosureOp,tail-frontier,nonempty-focus,has-key	mixed	proved-bounded	eager_suffix_closure_set_equiv,zipper_suffix_closure_materialization_equiv,arbitrary_zipper_suffix_closure_set_equiv,set_child_suffix_closure_derivative,antimirov_suffix_frontier_state_child_fo,antimirov_suffix_frontier_nested_fo,set_terminal_suffix_closure_empty,suffix_closure_idempotent,suffix_closure_child_derivative_a,suffix_closure_child_derivative_b,suffix-closure-open:space_optimized_open,frontier_tail_nonempty_has_key_fo,frontier_candidate_tail_frontier_fo,set_child_union_fo,child_same_head_union_a,child_same_head_union_b,child_union_a,child_union_b,child_intersection_a,child_intersection_b,child_diff_a,child_diff_b,child_restriction_a,child_restriction_b,child_product_a,child_product_b	mixed FOL plus bounded evidence; weakest proof tier is bounded	(rule ((= src (SuffixClosureOp root)) (tail-frontier src item tail) (nonempty-focus tail)) ((has-key src item)))
zipper-descend:0474	rule	1277	TailsClosureOp,tail-frontier,suffix-active	mixed	proved-bounded	eager_tails_closure_set_equiv,zipper_tails_closure_materialization_equiv,arbitrary_zipper_tails_closure_set_equiv,set_child_tails_closure_derivative,antimirov_tails_frontier_state_child_fo,antimirov_tails_frontier_nested_fo,antimirov_tails_frontier_nested_a_b,set_tails_closure_definition_fo,tails_closure_idempotent,tails_closure_definition,child_tails_closure_derivative_a,child_tails_closure_derivative_b,tails_closure_unfold_base_or_step,suffix_closure_child_derivative_a,suffix_closure_child_derivative_b,tails-closure-open:space_optimized_open,frontier_tail_nonempty_has_key_fo,frontier_candidate_tail_frontier_fo,set_child_union_fo,child_same_head_union_a,child_same_head_union_b,child_union_a,child_union_b,child_intersection_a,child_intersection_b,child_diff_a,child_diff_b,child_restriction_a,child_restriction_b,child_product_a,child_product_b,set_child_suffix_closure_derivative	mixed FOL plus bounded evidence; weakest proof tier is bounded	(rule ((= src (TailsClosureOp root)) (suffix-active root active) (tail-frontier active item tail)) ((tail-frontier src item tail)))
zipper-descend:0475	rule	1279	TailsClosureOp,tail-frontier,nonempty-focus,has-key	mixed	proved-bounded	eager_tails_closure_set_equiv,zipper_tails_closure_materialization_equiv,arbitrary_zipper_tails_closure_set_equiv,set_child_tails_closure_derivative,antimirov_tails_frontier_state_child_fo,antimirov_tails_frontier_nested_fo,antimirov_tails_frontier_nested_a_b,set_tails_closure_definition_fo,tails_closure_idempotent,tails_closure_definition,child_tails_closure_derivative_a,child_tails_closure_derivative_b,tails_closure_unfold_base_or_step,suffix_closure_child_derivative_a,suffix_closure_child_derivative_b,tails-closure-open:space_optimized_open,frontier_tail_nonempty_has_key_fo,frontier_candidate_tail_frontier_fo,set_child_union_fo,child_same_head_union_a,child_same_head_union_b,child_union_a,child_union_b,child_intersection_a,child_intersection_b,child_diff_a,child_diff_b,child_restriction_a,child_restriction_b,child_product_a,child_product_b	mixed FOL plus bounded evidence; weakest proof tier is bounded	(rule ((= src (TailsClosureOp root)) (tail-frontier src item tail) (nonempty-focus tail)) ((has-key src item)))
zipper-descend:0476	rule	1281	FrontierUnionOp,tail-frontier,frontier-candidate	mixed	proved-bounded	frontier_union_is_tails_union,tails_union_children,child_tails_union_a,child_tails_union_b,frontier_tail_nonempty_has_key_fo,frontier_candidate_tail_frontier_fo,set_child_union_fo,child_same_head_union_a,child_same_head_union_b,child_union_a,child_union_b,child_intersection_a,child_intersection_b,child_diff_a,child_diff_b,child_restriction_a,child_restriction_b,child_product_a,child_product_b,suffix_closure_child_derivative_a,suffix_closure_child_derivative_b,frontier_candidate_has_key_fo	mixed FOL plus bounded evidence; weakest proof tier is bounded	(rule ((= z (FrontierUnionOp src)) (tail-frontier src head tail)) ((frontier-candidate z tail)))
zipper-descend:0477	rule	1283	FrontierTailUnionOp,tail-frontier,frontier-candidate	mixed	proved-bounded	frontier_tail_union_a_is_child,frontier_tail_union_b_is_child,antimirov_suffix_frontier_state_child_a,antimirov_suffix_frontier_state_child_b,antimirov_tails_frontier_state_child_a,antimirov_tails_frontier_state_child_b,antimirov_suffix_frontier_state_child_fo,antimirov_tails_frontier_state_child_fo,tails_union_children,child_tails_union_a,child_tails_union_b,suffix_closure_child_derivative_a,suffix_closure_child_derivative_b,child_tails_closure_derivative_a,child_tails_closure_derivative_b,frontier_tail_nonempty_has_key_fo,frontier_candidate_tail_frontier_fo,set_child_union_fo,child_same_head_union_a,child_same_head_union_b,child_union_a,child_union_b,child_intersection_a,child_intersection_b,child_diff_a,child_diff_b,child_restriction_a,child_restriction_b,child_product_a,child_product_b,frontier_candidate_has_key_fo	mixed FOL plus bounded evidence; weakest proof tier is bounded	(rule ((= z (FrontierTailUnionOp src item)) (tail-frontier src item tail)) ((frontier-candidate z tail)))
zipper-descend:0478	rule	1285	FrontierChildUnionOp,frontier-candidate,Child	mixed	proved-bounded	frontier_child_union_a_after_b,frontier_tail_union_a_is_child,frontier_tail_union_b_is_child,tails_union_children,child_tails_union_a,child_tails_union_b,frontier_candidate_has_key_fo,frontier_candidate_tail_frontier_fo,zipper_base_child_equiv,child_empty_a,child_empty_b,child_epsilon_a,child_epsilon_b,child_singleton_hit_a,child_singleton_hit_b,child_singleton_miss_a_b,child_singleton_miss_b_a,child_concat_hit_a,child_concat_hit_b,child_concat_miss_a_b,child_concat_miss_b_a,child_union_a,child_union_b,set_child_union_fo,child_same_head_union_a,child_same_head_union_b,child_intersection_a,child_intersection_b,child_diff_a,child_diff_b,set_child_product_derivative,set_child_restriction_derivative,set_child_raffination_derivative,set_child_wrap_hit,set_child_unwrap_singleton,set_child_head,set_child_nonempty_paths,set_child_prefix_closure,set_child_prefix_closure_below,set_child_suffix_closure_derivative,set_child_tails_closure_derivative	mixed FOL plus bounded evidence; weakest proof tier is bounded	(rule ((= z (FrontierChildUnionOp src item)) (frontier-candidate src candidate)) ((frontier-candidate z (Child item candidate))))
zipper-descend:0479	rule	1287	FrontierStateOp,frontier-candidate	mixed	proved-bounded	frontier_union_is_tails_union,frontier_tail_union_a_is_child,frontier_tail_union_b_is_child,frontier_child_union_a_after_b,antimirov_suffix_frontier_state_child_a,antimirov_suffix_frontier_state_child_b,antimirov_tails_frontier_state_child_a,antimirov_tails_frontier_state_child_b,antimirov_suffix_frontier_nested_a_b,antimirov_tails_frontier_nested_a_b,antimirov_suffix_frontier_state_child_fo,antimirov_tails_frontier_state_child_fo,antimirov_suffix_frontier_nested_fo,antimirov_tails_frontier_nested_fo,tails_union_children,child_tails_union_a,child_tails_union_b,suffix_closure_child_derivative_a,suffix_closure_child_derivative_b,child_tails_closure_derivative_a,child_tails_closure_derivative_b,frontier_candidate_has_key_fo,frontier_candidate_tail_frontier_fo	mixed FOL plus bounded evidence; weakest proof tier is bounded	(rule ((= z (FrontierStateOp active)) (frontier-candidate active candidate)) ((frontier-candidate z candidate)))
zipper-descend:0480	rule	1289	FrontierStateOp,frontier-candidate,terminal	mixed	proved-bounded	frontier_union_is_tails_union,frontier_tail_union_a_is_child,frontier_tail_union_b_is_child,frontier_child_union_a_after_b,antimirov_suffix_frontier_state_child_a,antimirov_suffix_frontier_state_child_b,antimirov_tails_frontier_state_child_a,antimirov_tails_frontier_state_child_b,antimirov_suffix_frontier_nested_a_b,antimirov_tails_frontier_nested_a_b,antimirov_suffix_frontier_state_child_fo,antimirov_tails_frontier_state_child_fo,antimirov_suffix_frontier_nested_fo,antimirov_tails_frontier_nested_fo,tails_union_children,child_tails_union_a,child_tails_union_b,suffix_closure_child_derivative_a,suffix_closure_child_derivative_b,child_tails_closure_derivative_a,child_tails_closure_derivative_b,frontier_candidate_has_key_fo,frontier_candidate_tail_frontier_fo,zipper_base_terminal_equiv,zipper_union_terminal_equiv,zipper_intersection_terminal_equiv,zipper_diff_terminal_equiv,set_terminal_product,set_terminal_wrap,set_terminal_unwrap,set_terminal_head_empty,set_terminal_nonempty_paths_empty,set_terminal_prefix_closure_empty,set_terminal_prefix_closure_below,set_terminal_suffix_closure_empty	mixed FOL plus bounded evidence; weakest proof tier is bounded	(rule ((= z (FrontierStateOp active)) (frontier-candidate active candidate) (terminal candidate)) ((terminal z)))
zipper-descend:0481	rule	1291	FrontierStateOp,frontier-candidate,has-key	mixed	proved-bounded	frontier_union_is_tails_union,frontier_tail_union_a_is_child,frontier_tail_union_b_is_child,frontier_child_union_a_after_b,antimirov_suffix_frontier_state_child_a,antimirov_suffix_frontier_state_child_b,antimirov_tails_frontier_state_child_a,antimirov_tails_frontier_state_child_b,antimirov_suffix_frontier_nested_a_b,antimirov_tails_frontier_nested_a_b,antimirov_suffix_frontier_state_child_fo,antimirov_tails_frontier_state_child_fo,antimirov_suffix_frontier_nested_fo,antimirov_tails_frontier_nested_fo,tails_union_children,child_tails_union_a,child_tails_union_b,suffix_closure_child_derivative_a,suffix_closure_child_derivative_b,child_tails_closure_derivative_a,child_tails_closure_derivative_b,frontier_candidate_has_key_fo,frontier_candidate_tail_frontier_fo	mixed FOL plus bounded evidence; weakest proof tier is bounded	(rule ((= z (FrontierStateOp active)) (frontier-candidate active candidate) (has-key candidate item)) ((has-key z item)))
zipper-descend:0482	rule	1293	FrontierStateOp,frontier-candidate,keyset	FOL	proved-unbounded	frontier_state_candidate_keyset_fo	mapped to first-order proof artifact(s)	(rule ((= z (FrontierStateOp active)) (frontier-candidate active candidate) (keyset candidate ks)) ((keyset z ks)))
zipper-descend:0483	rule	1295	FrontierStateOp,tail-frontier,frontier-candidate	mixed	proved-bounded	frontier_union_is_tails_union,frontier_tail_union_a_is_child,frontier_tail_union_b_is_child,frontier_child_union_a_after_b,antimirov_suffix_frontier_state_child_a,antimirov_suffix_frontier_state_child_b,antimirov_tails_frontier_state_child_a,antimirov_tails_frontier_state_child_b,antimirov_suffix_frontier_nested_a_b,antimirov_tails_frontier_nested_a_b,antimirov_suffix_frontier_state_child_fo,antimirov_tails_frontier_state_child_fo,antimirov_suffix_frontier_nested_fo,antimirov_tails_frontier_nested_fo,tails_union_children,child_tails_union_a,child_tails_union_b,suffix_closure_child_derivative_a,suffix_closure_child_derivative_b,child_tails_closure_derivative_a,child_tails_closure_derivative_b,frontier_tail_nonempty_has_key_fo,frontier_candidate_tail_frontier_fo,set_child_union_fo,child_same_head_union_a,child_same_head_union_b,child_union_a,child_union_b,child_intersection_a,child_intersection_b,child_diff_a,child_diff_b,child_restriction_a,child_restriction_b,child_product_a,child_product_b,frontier_candidate_has_key_fo	mixed FOL plus bounded evidence; weakest proof tier is bounded	(rule ((= z (FrontierStateOp active)) (frontier-candidate active candidate) (tail-frontier candidate item tail)) ((tail-frontier z item tail)))
zipper-descend:0484	rule	1297	FrontierStateOp,frontier-candidate,Child,terminal	mixed	proved-bounded	frontier_union_is_tails_union,frontier_tail_union_a_is_child,frontier_tail_union_b_is_child,frontier_child_union_a_after_b,antimirov_suffix_frontier_state_child_a,antimirov_suffix_frontier_state_child_b,antimirov_tails_frontier_state_child_a,antimirov_tails_frontier_state_child_b,antimirov_suffix_frontier_nested_a_b,antimirov_tails_frontier_nested_a_b,antimirov_suffix_frontier_state_child_fo,antimirov_tails_frontier_state_child_fo,antimirov_suffix_frontier_nested_fo,antimirov_tails_frontier_nested_fo,tails_union_children,child_tails_union_a,child_tails_union_b,suffix_closure_child_derivative_a,suffix_closure_child_derivative_b,child_tails_closure_derivative_a,child_tails_closure_derivative_b,frontier_candidate_has_key_fo,frontier_candidate_tail_frontier_fo,zipper_base_child_equiv,child_empty_a,child_empty_b,child_epsilon_a,child_epsilon_b,child_singleton_hit_a,child_singleton_hit_b,child_singleton_miss_a_b,child_singleton_miss_b_a,child_concat_hit_a,child_concat_hit_b,child_concat_miss_a_b,child_concat_miss_b_a,child_union_a,child_union_b,set_child_union_fo,child_same_head_union_a,child_same_head_union_b,child_intersection_a,child_intersection_b,child_diff_a,child_diff_b,set_child_product_derivative,set_child_restriction_derivative,set_child_raffination_derivative,set_child_wrap_hit,set_child_unwrap_singleton,set_child_head,set_child_nonempty_paths,set_child_prefix_closure,set_child_prefix_closure_below,set_child_suffix_closure_derivative,set_child_tails_closure_derivative,zipper_base_terminal_equiv,zipper_union_terminal_equiv,zipper_intersection_terminal_equiv,zipper_diff_terminal_equiv,set_terminal_product,set_terminal_wrap,set_terminal_unwrap,set_terminal_head_empty,set_terminal_nonempty_paths_empty,set_terminal_prefix_closure_empty,set_terminal_prefix_closure_below,set_terminal_suffix_closure_empty	mixed FOL plus bounded evidence; weakest proof tier is bounded	(rule ((= z (Child item (FrontierStateOp active))) (frontier-candidate active candidate) (terminal (Child item candidate))) ((terminal z)))
zipper-descend:0485	rule	1299	FrontierStateOp,frontier-candidate,Child,has-key	mixed	proved-bounded	frontier_union_is_tails_union,frontier_tail_union_a_is_child,frontier_tail_union_b_is_child,frontier_child_union_a_after_b,antimirov_suffix_frontier_state_child_a,antimirov_suffix_frontier_state_child_b,antimirov_tails_frontier_state_child_a,antimirov_tails_frontier_state_child_b,antimirov_suffix_frontier_nested_a_b,antimirov_tails_frontier_nested_a_b,antimirov_suffix_frontier_state_child_fo,antimirov_tails_frontier_state_child_fo,antimirov_suffix_frontier_nested_fo,antimirov_tails_frontier_nested_fo,tails_union_children,child_tails_union_a,child_tails_union_b,suffix_closure_child_derivative_a,suffix_closure_child_derivative_b,child_tails_closure_derivative_a,child_tails_closure_derivative_b,frontier_candidate_has_key_fo,frontier_candidate_tail_frontier_fo,zipper_base_child_equiv,child_empty_a,child_empty_b,child_epsilon_a,child_epsilon_b,child_singleton_hit_a,child_singleton_hit_b,child_singleton_miss_a_b,child_singleton_miss_b_a,child_concat_hit_a,child_concat_hit_b,child_concat_miss_a_b,child_concat_miss_b_a,child_union_a,child_union_b,set_child_union_fo,child_same_head_union_a,child_same_head_union_b,child_intersection_a,child_intersection_b,child_diff_a,child_diff_b,set_child_product_derivative,set_child_restriction_derivative,set_child_raffination_derivative,set_child_wrap_hit,set_child_unwrap_singleton,set_child_head,set_child_nonempty_paths,set_child_prefix_closure,set_child_prefix_closure_below,set_child_suffix_closure_derivative,set_child_tails_closure_derivative	mixed FOL plus bounded evidence; weakest proof tier is bounded	(rule ((= z (Child item (FrontierStateOp active))) (frontier-candidate active candidate) (has-key (Child item candidate) child)) ((has-key z child)))
zipper-descend:0486	rule	1301	FrontierTailUnionOp,FrontierStateOp,tail-frontier,Child,terminal	mixed	proved-bounded	frontier_tail_union_a_is_child,frontier_tail_union_b_is_child,antimirov_suffix_frontier_state_child_a,antimirov_suffix_frontier_state_child_b,antimirov_tails_frontier_state_child_a,antimirov_tails_frontier_state_child_b,antimirov_suffix_frontier_state_child_fo,antimirov_tails_frontier_state_child_fo,tails_union_children,child_tails_union_a,child_tails_union_b,suffix_closure_child_derivative_a,suffix_closure_child_derivative_b,child_tails_closure_derivative_a,child_tails_closure_derivative_b,frontier_union_is_tails_union,frontier_child_union_a_after_b,antimirov_suffix_frontier_nested_a_b,antimirov_tails_frontier_nested_a_b,antimirov_suffix_frontier_nested_fo,antimirov_tails_frontier_nested_fo,frontier_tail_nonempty_has_key_fo,frontier_candidate_tail_frontier_fo,set_child_union_fo,child_same_head_union_a,child_same_head_union_b,child_union_a,child_union_b,child_intersection_a,child_intersection_b,child_diff_a,child_diff_b,child_restriction_a,child_restriction_b,child_product_a,child_product_b,zipper_base_child_equiv,child_empty_a,child_empty_b,child_epsilon_a,child_epsilon_b,child_singleton_hit_a,child_singleton_hit_b,child_singleton_miss_a_b,child_singleton_miss_b_a,child_concat_hit_a,child_concat_hit_b,child_concat_miss_a_b,child_concat_miss_b_a,set_child_product_derivative,set_child_restriction_derivative,set_child_raffination_derivative,set_child_wrap_hit,set_child_unwrap_singleton,set_child_head,set_child_nonempty_paths,set_child_prefix_closure,set_child_prefix_closure_below,set_child_suffix_closure_derivative,set_child_tails_closure_derivative,zipper_base_terminal_equiv,zipper_union_terminal_equiv,zipper_intersection_terminal_equiv,zipper_diff_terminal_equiv,set_terminal_product,set_terminal_wrap,set_terminal_unwrap,set_terminal_head_empty,set_terminal_nonempty_paths_empty,set_terminal_prefix_closure_empty,set_terminal_prefix_closure_below,set_terminal_suffix_closure_empty	mixed FOL plus bounded evidence; weakest proof tier is bounded	(rule ((= z (Child next (FrontierStateOp (FrontierTailUnionOp src item)))) (tail-frontier src item tail) (terminal (Child next tail))) ((terminal z)))
zipper-descend:0487	rule	1303	FrontierTailUnionOp,FrontierStateOp,tail-frontier,Child,has-key	mixed	proved-bounded	frontier_tail_union_a_is_child,frontier_tail_union_b_is_child,antimirov_suffix_frontier_state_child_a,antimirov_suffix_frontier_state_child_b,antimirov_tails_frontier_state_child_a,antimirov_tails_frontier_state_child_b,antimirov_suffix_frontier_state_child_fo,antimirov_tails_frontier_state_child_fo,tails_union_children,child_tails_union_a,child_tails_union_b,suffix_closure_child_derivative_a,suffix_closure_child_derivative_b,child_tails_closure_derivative_a,child_tails_closure_derivative_b,frontier_union_is_tails_union,frontier_child_union_a_after_b,antimirov_suffix_frontier_nested_a_b,antimirov_tails_frontier_nested_a_b,antimirov_suffix_frontier_nested_fo,antimirov_tails_frontier_nested_fo,frontier_tail_nonempty_has_key_fo,frontier_candidate_tail_frontier_fo,set_child_union_fo,child_same_head_union_a,child_same_head_union_b,child_union_a,child_union_b,child_intersection_a,child_intersection_b,child_diff_a,child_diff_b,child_restriction_a,child_restriction_b,child_product_a,child_product_b,zipper_base_child_equiv,child_empty_a,child_empty_b,child_epsilon_a,child_epsilon_b,child_singleton_hit_a,child_singleton_hit_b,child_singleton_miss_a_b,child_singleton_miss_b_a,child_concat_hit_a,child_concat_hit_b,child_concat_miss_a_b,child_concat_miss_b_a,set_child_product_derivative,set_child_restriction_derivative,set_child_raffination_derivative,set_child_wrap_hit,set_child_unwrap_singleton,set_child_head,set_child_nonempty_paths,set_child_prefix_closure,set_child_prefix_closure_below,set_child_suffix_closure_derivative,set_child_tails_closure_derivative	mixed FOL plus bounded evidence; weakest proof tier is bounded	(rule ((= z (Child next (FrontierStateOp (FrontierTailUnionOp src item)))) (tail-frontier src item tail) (has-key (Child next tail) child)) ((has-key z child)))
zipper-descend:0488	rule	1305	RangeOp,IterRangeTailOp,tail-frontier,frontier-candidate,Child	mixed	proved-bounded	set_range_full_sentinel,set_range_empty_one_one,eager_range_set_equiv,zipper_range_materialization_equiv,set_range_subset_fo,zipper_range_full_terminal_equiv,zipper_range_first_terminal_fo,set_range_first_child_terminal_empty_fo,set_range_first_child_selected_sound_fo,set_range_first_child_pruned_fo,set_range_last_child_selected_sound_fo,set_range_last_child_pruned_fo,set_range_drop_last_child_before_last_fo,set_range_drop_last_child_after_last_fo,range_empty_source_first,range_empty_source_last,range_empty_source_drop_last,range_first_wrap_a,range_last_wrap_a,range_drop_last_wrap_a,range_first_wrap_b,range_last_wrap_b,range_drop_last_wrap_b,range_first_wrap_ab,range_last_wrap_ab,range_drop_last_wrap_ab,range_first_subset,range_first_idempotent,range_last_idempotent,range_first_of_last,range_drop_last_of_first_empty,range_nested_first,range_nested_suffix_first,range_nested_suffix_offset,range_nested_last_last,range_positive_same_empty,range_positive_decreasing_empty,range_negative_same_empty,range_negative_decreasing_empty,range_last_subset,range_drop_last_subset,range_negative_window_subset,range_singleton_last_literal,range_singleton_drop_last_literal,range_singleton_negative_window_literal,range_nested_singleton_last_literal,range_item_union_first_literal,range_item_union_last_literal,range_item_union_drop_last_literal,range_drop_last_full_sentinel_literal,range_first_epsilon_literal,range_first_child_border_literal,range_first_child_full_literal,range_prunes_after_upper_border_literal,range_suffix_child_border_literal,range_last_border_literal,range_last_child_border_literal,range_last_prunes_earlier_head_literal,range_drop_last_border_literal,range_drop_last_child_border_literal,range_drop_last_prunes_last_head_literal,range_negative_window_border_literal,range_negative_window_child_border_literal,range_negative_window_prunes_last_head_literal,range_first_without_epsilon_literal,range_first_without_epsilon_child_literal,range_first_without_epsilon_prunes_later_child_literal,set_iteration_range_tail_definition_fo,zipper_iter_range_tail_materialization_equiv,iteration_range_tail_full_sentinel,iteration_range_tail_empty_slice,iteration_range_tail_first_subset,iteration_range_tail_drop_last_subset,iteration_range_tail_first_literal,iteration_range_tail_drop_last_literal,iteration_range_tail_same_head_first_literal,iteration_range_tail_same_head_drop_last_literal,frontier_tail_nonempty_has_key_fo,frontier_candidate_tail_frontier_fo,set_child_union_fo,child_same_head_union_a,child_same_head_union_b,child_union_a,child_union_b,child_intersection_a,child_intersection_b,child_diff_a,child_diff_b,child_restriction_a,child_restriction_b,child_product_a,child_product_b,suffix_closure_child_derivative_a,suffix_closure_child_derivative_b,frontier_candidate_has_key_fo,tails_union_children,zipper_base_child_equiv,child_empty_a,child_empty_b,child_epsilon_a,child_epsilon_b,child_singleton_hit_a,child_singleton_hit_b,child_singleton_miss_a_b,child_singleton_miss_b_a,child_concat_hit_a,child_concat_hit_b,child_concat_miss_a_b,child_concat_miss_b_a,set_child_product_derivative,set_child_restriction_derivative,set_child_raffination_derivative,set_child_wrap_hit,set_child_unwrap_singleton,set_child_head,set_child_nonempty_paths,set_child_prefix_closure,set_child_prefix_closure_below,set_child_suffix_closure_derivative,set_child_tails_closure_derivative	mixed FOL plus bounded evidence; weakest proof tier is bounded	(rule ((= z (IterRangeTailOp src start end)) (tail-frontier src head tail)) ((frontier-candidate z (RangeOp (Child head src) start end))))
zipper-descend:0489	rule	1307	WrapOp,RangeOp,IterRangeReconstructOp,tail-frontier,frontier-candidate,Child	mixed	proved-bounded	eager_wrap_set_equiv,zipper_wrap_materialization_equiv,arbitrary_zipper_wrap_set_equiv,set_child_wrap_hit,set_terminal_wrap,wrap_unwrap_left_inverse_a,wrap_unwrap_left_inverse_b,wrap_unwrap_left_inverse_ab,wrap_unwrap_restriction_a,wrap_unwrap_restriction_b,set_range_full_sentinel,set_range_empty_one_one,eager_range_set_equiv,zipper_range_materialization_equiv,set_range_subset_fo,zipper_range_full_terminal_equiv,zipper_range_first_terminal_fo,set_range_first_child_terminal_empty_fo,set_range_first_child_selected_sound_fo,set_range_first_child_pruned_fo,set_range_last_child_selected_sound_fo,set_range_last_child_pruned_fo,set_range_drop_last_child_before_last_fo,set_range_drop_last_child_after_last_fo,range_empty_source_first,range_empty_source_last,range_empty_source_drop_last,range_first_wrap_a,range_last_wrap_a,range_drop_last_wrap_a,range_first_wrap_b,range_last_wrap_b,range_drop_last_wrap_b,range_first_wrap_ab,range_last_wrap_ab,range_drop_last_wrap_ab,range_first_subset,range_first_idempotent,range_last_idempotent,range_first_of_last,range_drop_last_of_first_empty,range_nested_first,range_nested_suffix_first,range_nested_suffix_offset,range_nested_last_last,range_positive_same_empty,range_positive_decreasing_empty,range_negative_same_empty,range_negative_decreasing_empty,range_last_subset,range_drop_last_subset,range_negative_window_subset,range_singleton_last_literal,range_singleton_drop_last_literal,range_singleton_negative_window_literal,range_nested_singleton_last_literal,range_item_union_first_literal,range_item_union_last_literal,range_item_union_drop_last_literal,range_drop_last_full_sentinel_literal,range_first_epsilon_literal,range_first_child_border_literal,range_first_child_full_literal,range_prunes_after_upper_border_literal,range_suffix_child_border_literal,range_last_border_literal,range_last_child_border_literal,range_last_prunes_earlier_head_literal,range_drop_last_border_literal,range_drop_last_child_border_literal,range_drop_last_prunes_last_head_literal,range_negative_window_border_literal,range_negative_window_child_border_literal,range_negative_window_prunes_last_head_literal,range_first_without_epsilon_literal,range_first_without_epsilon_child_literal,range_first_without_epsilon_prunes_later_child_literal,set_iteration_range_reconstruct_definition_fo,zipper_iter_range_reconstruct_materialization_equiv,iteration_range_reconstruct_full_sentinel,iteration_range_reconstruct_empty_slice,iteration_range_reconstruct_first_subset,iteration_range_reconstruct_drop_last_subset,iteration_range_reconstruct_first_literal,iteration_range_reconstruct_drop_last_literal,iteration_range_reconstruct_same_head_first_literal,iteration_range_reconstruct_same_head_drop_last_literal,frontier_tail_nonempty_has_key_fo,frontier_candidate_tail_frontier_fo,set_child_union_fo,child_same_head_union_a,child_same_head_union_b,child_union_a,child_union_b,child_intersection_a,child_intersection_b,child_diff_a,child_diff_b,child_restriction_a,child_restriction_b,child_product_a,child_product_b,suffix_closure_child_derivative_a,suffix_closure_child_derivative_b,frontier_candidate_has_key_fo,tails_union_children,zipper_base_child_equiv,child_empty_a,child_empty_b,child_epsilon_a,child_epsilon_b,child_singleton_hit_a,child_singleton_hit_b,child_singleton_miss_a_b,child_singleton_miss_b_a,child_concat_hit_a,child_concat_hit_b,child_concat_miss_a_b,child_concat_miss_b_a,set_child_product_derivative,set_child_restriction_derivative,set_child_raffination_derivative,set_child_unwrap_singleton,set_child_head,set_child_nonempty_paths,set_child_prefix_closure,set_child_prefix_closure_below,set_child_suffix_closure_derivative,set_child_tails_closure_derivative	mixed FOL plus bounded evidence; weakest proof tier is bounded	(rule ((= z (IterRangeReconstructOp src start end)) (tail-frontier src head tail)) ((frontier-candidate z (WrapOp (RangeOp (Child head src) start end) (Item head)))))
zipper-descend:0490	rule	1309	WrapOp,RangeOp,IterPrefixedRangeReconstructOp,tail-frontier,frontier-candidate,Child	mixed	proved-bounded	eager_wrap_set_equiv,zipper_wrap_materialization_equiv,arbitrary_zipper_wrap_set_equiv,set_child_wrap_hit,set_terminal_wrap,wrap_unwrap_left_inverse_a,wrap_unwrap_left_inverse_b,wrap_unwrap_left_inverse_ab,wrap_unwrap_restriction_a,wrap_unwrap_restriction_b,set_range_full_sentinel,set_range_empty_one_one,eager_range_set_equiv,zipper_range_materialization_equiv,set_range_subset_fo,zipper_range_full_terminal_equiv,zipper_range_first_terminal_fo,set_range_first_child_terminal_empty_fo,set_range_first_child_selected_sound_fo,set_range_first_child_pruned_fo,set_range_last_child_selected_sound_fo,set_range_last_child_pruned_fo,set_range_drop_last_child_before_last_fo,set_range_drop_last_child_after_last_fo,range_empty_source_first,range_empty_source_last,range_empty_source_drop_last,range_first_wrap_a,range_last_wrap_a,range_drop_last_wrap_a,range_first_wrap_b,range_last_wrap_b,range_drop_last_wrap_b,range_first_wrap_ab,range_last_wrap_ab,range_drop_last_wrap_ab,range_first_subset,range_first_idempotent,range_last_idempotent,range_first_of_last,range_drop_last_of_first_empty,range_nested_first,range_nested_suffix_first,range_nested_suffix_offset,range_nested_last_last,range_positive_same_empty,range_positive_decreasing_empty,range_negative_same_empty,range_negative_decreasing_empty,range_last_subset,range_drop_last_subset,range_negative_window_subset,range_singleton_last_literal,range_singleton_drop_last_literal,range_singleton_negative_window_literal,range_nested_singleton_last_literal,range_item_union_first_literal,range_item_union_last_literal,range_item_union_drop_last_literal,range_drop_last_full_sentinel_literal,range_first_epsilon_literal,range_first_child_border_literal,range_first_child_full_literal,range_prunes_after_upper_border_literal,range_suffix_child_border_literal,range_last_border_literal,range_last_child_border_literal,range_last_prunes_earlier_head_literal,range_drop_last_border_literal,range_drop_last_child_border_literal,range_drop_last_prunes_last_head_literal,range_negative_window_border_literal,range_negative_window_child_border_literal,range_negative_window_prunes_last_head_literal,range_first_without_epsilon_literal,range_first_without_epsilon_child_literal,range_first_without_epsilon_prunes_later_child_literal,set_iteration_prefixed_range_reconstruct_definition_fo,zipper_iter_prefixed_range_reconstruct_materialization_equiv,iteration_prefixed_range_reconstruct_full_sentinel,iteration_prefixed_range_reconstruct_empty_slice,iteration_prefixed_range_reconstruct_first_subset,iteration_prefixed_range_reconstruct_drop_last_subset,iteration_prefixed_range_reconstruct_first_literal,iteration_prefixed_range_reconstruct_drop_last_literal,iteration_prefixed_range_reconstruct_same_head_drop_last_literal,frontier_tail_nonempty_has_key_fo,frontier_candidate_tail_frontier_fo,set_child_union_fo,child_same_head_union_a,child_same_head_union_b,child_union_a,child_union_b,child_intersection_a,child_intersection_b,child_diff_a,child_diff_b,child_restriction_a,child_restriction_b,child_product_a,child_product_b,suffix_closure_child_derivative_a,suffix_closure_child_derivative_b,frontier_candidate_has_key_fo,tails_union_children,zipper_base_child_equiv,child_empty_a,child_empty_b,child_epsilon_a,child_epsilon_b,child_singleton_hit_a,child_singleton_hit_b,child_singleton_miss_a_b,child_singleton_miss_b_a,child_concat_hit_a,child_concat_hit_b,child_concat_miss_a_b,child_concat_miss_b_a,set_child_product_derivative,set_child_restriction_derivative,set_child_raffination_derivative,set_child_unwrap_singleton,set_child_head,set_child_nonempty_paths,set_child_prefix_closure,set_child_prefix_closure_below,set_child_suffix_closure_derivative,set_child_tails_closure_derivative	mixed FOL plus bounded evidence; weakest proof tier is bounded	(rule ((= z (IterPrefixedRangeReconstructOp src prefix start end)) (tail-frontier src head tail)) ((frontier-candidate z (WrapOp (RangeOp (Child head src) start end) (Concat prefix (Item head))))))
zipper-descend:0491	rule	1311	tail-frontier,frontier-candidate	mixed	proved-bounded	frontier_tail_nonempty_has_key_fo,frontier_candidate_tail_frontier_fo,set_child_union_fo,child_same_head_union_a,child_same_head_union_b,child_union_a,child_union_b,child_intersection_a,child_intersection_b,child_diff_a,child_diff_b,child_restriction_a,child_restriction_b,child_product_a,child_product_b,suffix_closure_child_derivative_a,suffix_closure_child_derivative_b,frontier_candidate_has_key_fo,tails_union_children	mixed FOL plus bounded evidence; weakest proof tier is bounded	(rule ((frontier-candidate src candidate) (tail-frontier candidate item tail)) ((tail-frontier src item tail)))
zipper-descend:0492	rule	1313	frontier-candidate,terminal	mixed	proved-bounded	frontier_candidate_has_key_fo,frontier_candidate_tail_frontier_fo,tails_union_children,zipper_base_terminal_equiv,zipper_union_terminal_equiv,zipper_intersection_terminal_equiv,zipper_diff_terminal_equiv,set_terminal_product,set_terminal_wrap,set_terminal_unwrap,set_terminal_head_empty,set_terminal_nonempty_paths_empty,set_terminal_prefix_closure_empty,set_terminal_prefix_closure_below,set_terminal_suffix_closure_empty	mixed FOL plus bounded evidence; weakest proof tier is bounded	(rule ((frontier-candidate z candidate) (terminal candidate)) ((terminal z)))
zipper-descend:0493	rule	1315	frontier-candidate,has-key	mixed	proved-bounded	frontier_candidate_has_key_fo,frontier_candidate_tail_frontier_fo,tails_union_children	mixed FOL plus bounded evidence; weakest proof tier is bounded	(rule ((frontier-candidate z candidate) (has-key candidate item)) ((has-key z item)))
zipper-descend:0494	rule	1317	frontier-candidate,keyset	FOL	proved-unbounded	frontier_candidate_keyset_fo	mapped to first-order proof artifact(s)	(rule ((frontier-candidate z candidate) (keyset candidate ks)) ((keyset z ks)))
zipper-descend:0495	rule	1319	TailsUnionOp,tail-frontier,Child,terminal	mixed	proved-bounded	eager_tails_union_set_equiv,zipper_tails_union_materialization_equiv,arbitrary_zipper_tails_union_set_equiv,tails_union_children,child_tails_union_a,child_tails_union_b,iteration_tail_identity,tails-union-open:space_optimized_open,frontier_tail_nonempty_has_key_fo,frontier_candidate_tail_frontier_fo,set_child_union_fo,child_same_head_union_a,child_same_head_union_b,child_union_a,child_union_b,child_intersection_a,child_intersection_b,child_diff_a,child_diff_b,child_restriction_a,child_restriction_b,child_product_a,child_product_b,suffix_closure_child_derivative_a,suffix_closure_child_derivative_b,zipper_base_child_equiv,child_empty_a,child_empty_b,child_epsilon_a,child_epsilon_b,child_singleton_hit_a,child_singleton_hit_b,child_singleton_miss_a_b,child_singleton_miss_b_a,child_concat_hit_a,child_concat_hit_b,child_concat_miss_a_b,child_concat_miss_b_a,set_child_product_derivative,set_child_restriction_derivative,set_child_raffination_derivative,set_child_wrap_hit,set_child_unwrap_singleton,set_child_head,set_child_nonempty_paths,set_child_prefix_closure,set_child_prefix_closure_below,set_child_suffix_closure_derivative,set_child_tails_closure_derivative,zipper_base_terminal_equiv,zipper_union_terminal_equiv,zipper_intersection_terminal_equiv,zipper_diff_terminal_equiv,set_terminal_product,set_terminal_wrap,set_terminal_unwrap,set_terminal_head_empty,set_terminal_nonempty_paths_empty,set_terminal_prefix_closure_empty,set_terminal_prefix_closure_below,set_terminal_suffix_closure_empty	mixed FOL plus bounded evidence; weakest proof tier is bounded	(rule ((tail-frontier src head tail) (terminal (Child item tail))) ((terminal (Child item (TailsUnionOp src)))))
zipper-descend:0496	rule	1321	TailsUnionOp,tail-frontier,has-key	mixed	proved-bounded	eager_tails_union_set_equiv,zipper_tails_union_materialization_equiv,arbitrary_zipper_tails_union_set_equiv,tails_union_children,child_tails_union_a,child_tails_union_b,iteration_tail_identity,tails-union-open:space_optimized_open,frontier_tail_nonempty_has_key_fo,frontier_candidate_tail_frontier_fo,set_child_union_fo,child_same_head_union_a,child_same_head_union_b,child_union_a,child_union_b,child_intersection_a,child_intersection_b,child_diff_a,child_diff_b,child_restriction_a,child_restriction_b,child_product_a,child_product_b,suffix_closure_child_derivative_a,suffix_closure_child_derivative_b	mixed FOL plus bounded evidence; weakest proof tier is bounded	(rule ((tail-frontier src head tail) (has-key tail item)) ((has-key (TailsUnionOp src) item)))
zipper-descend:0497	rule	1323	TailsUnionOp,tail-frontier,Child,has-key	mixed	proved-bounded	eager_tails_union_set_equiv,zipper_tails_union_materialization_equiv,arbitrary_zipper_tails_union_set_equiv,tails_union_children,child_tails_union_a,child_tails_union_b,iteration_tail_identity,tails-union-open:space_optimized_open,frontier_tail_nonempty_has_key_fo,frontier_candidate_tail_frontier_fo,set_child_union_fo,child_same_head_union_a,child_same_head_union_b,child_union_a,child_union_b,child_intersection_a,child_intersection_b,child_diff_a,child_diff_b,child_restriction_a,child_restriction_b,child_product_a,child_product_b,suffix_closure_child_derivative_a,suffix_closure_child_derivative_b,zipper_base_child_equiv,child_empty_a,child_empty_b,child_epsilon_a,child_epsilon_b,child_singleton_hit_a,child_singleton_hit_b,child_singleton_miss_a_b,child_singleton_miss_b_a,child_concat_hit_a,child_concat_hit_b,child_concat_miss_a_b,child_concat_miss_b_a,set_child_product_derivative,set_child_restriction_derivative,set_child_raffination_derivative,set_child_wrap_hit,set_child_unwrap_singleton,set_child_head,set_child_nonempty_paths,set_child_prefix_closure,set_child_prefix_closure_below,set_child_suffix_closure_derivative,set_child_tails_closure_derivative	mixed FOL plus bounded evidence; weakest proof tier is bounded	(rule ((tail-frontier src head tail) (has-key (Child item tail) child)) ((has-key (Child item (TailsUnionOp src)) child)))
zipper-descend:0498	rule	1325	NonEmptyOp,SuffixClosureOp,tail-frontier,has-key	mixed	proved-bounded	eager_nonempty_paths_set_equiv,zipper_nonempty_paths_materialization_equiv,arbitrary_zipper_nonempty_paths_set_equiv,set_child_nonempty_paths,set_terminal_nonempty_paths_empty,nonempty_empty,nonempty_epsilon_empty,nonempty_idempotent,nonempty_subset,nonempty_union,nonempty_child_a,nonempty_child_b,iteration_reconstruct_nonempty_source,eager_suffix_closure_set_equiv,zipper_suffix_closure_materialization_equiv,arbitrary_zipper_suffix_closure_set_equiv,set_child_suffix_closure_derivative,antimirov_suffix_frontier_state_child_fo,antimirov_suffix_frontier_nested_fo,set_terminal_suffix_closure_empty,suffix_closure_idempotent,suffix_closure_child_derivative_a,suffix_closure_child_derivative_b,suffix-closure-open:space_optimized_open,frontier_tail_nonempty_has_key_fo,frontier_candidate_tail_frontier_fo,set_child_union_fo,child_same_head_union_a,child_same_head_union_b,child_union_a,child_union_b,child_intersection_a,child_intersection_b,child_diff_a,child_diff_b,child_restriction_a,child_restriction_b,child_product_a,child_product_b	mixed FOL plus bounded evidence; weakest proof tier is bounded	(rule ((tail-frontier src head tail) (has-key (NonEmptyOp src) item)) ((has-key (SuffixClosureOp src) item)))
zipper-descend:0499	rule	1327	HeadOp,has-key	mixed	proved-bounded	eager_head_set_equiv,zipper_head_materialization_equiv,arbitrary_zipper_head_set_equiv,set_child_head,set_terminal_head_empty,set_iteration_head_identity,iteration_head_identity,head_idempotent	mixed FOL plus bounded evidence; weakest proof tier is bounded	(rule ((= z (HeadOp src)) (has-key src item)) ((has-key z item)))
zipper-descend:0500	rewrite	1337	KUnion	FOL	proved-unbounded	keyset_union_empty_left_fo,keyset_union_empty_right_fo,keyset_union_idempotent_fo	mapped to first-order proof artifact(s)	(rewrite (KUnion (KEmpty) keys) keys)
zipper-descend:0501	rewrite	1338	KUnion	FOL	proved-unbounded	keyset_union_empty_left_fo,keyset_union_empty_right_fo,keyset_union_idempotent_fo	mapped to first-order proof artifact(s)	(rewrite (KUnion keys (KEmpty)) keys)
zipper-descend:0502	rewrite	1339	KUnion	FOL	proved-unbounded	keyset_union_empty_left_fo,keyset_union_empty_right_fo,keyset_union_idempotent_fo	mapped to first-order proof artifact(s)	(rewrite (KUnion keys keys) keys)
zipper-descend:0503	rewrite	1340	KIntersection	FOL	proved-unbounded	keyset_intersection_empty_left_fo,keyset_intersection_empty_right_fo,keyset_intersection_idempotent_fo,keyset_intersection_one_hit_fo,keyset_intersection_one_miss_fo	mapped to first-order proof artifact(s)	(rewrite (KIntersection (KEmpty) keys) (KEmpty))
zipper-descend:0504	rewrite	1341	KIntersection	FOL	proved-unbounded	keyset_intersection_empty_left_fo,keyset_intersection_empty_right_fo,keyset_intersection_idempotent_fo,keyset_intersection_one_hit_fo,keyset_intersection_one_miss_fo	mapped to first-order proof artifact(s)	(rewrite (KIntersection keys (KEmpty)) (KEmpty))
zipper-descend:0505	rewrite	1342	KIntersection	FOL	proved-unbounded	keyset_intersection_empty_left_fo,keyset_intersection_empty_right_fo,keyset_intersection_idempotent_fo,keyset_intersection_one_hit_fo,keyset_intersection_one_miss_fo	mapped to first-order proof artifact(s)	(rewrite (KIntersection keys keys) keys)
zipper-descend:0506	rewrite	1343	KIntersection	FOL	proved-unbounded	keyset_intersection_empty_left_fo,keyset_intersection_empty_right_fo,keyset_intersection_idempotent_fo,keyset_intersection_one_hit_fo,keyset_intersection_one_miss_fo	mapped to first-order proof artifact(s)	(rewrite (KIntersection (KOne item) (KOne item)) (KOne item))
zipper-descend:0507	rewrite	1344	KIntersection	FOL	proved-unbounded	keyset_intersection_empty_left_fo,keyset_intersection_empty_right_fo,keyset_intersection_idempotent_fo,keyset_intersection_one_hit_fo,keyset_intersection_one_miss_fo	mapped to first-order proof artifact(s)	(rewrite (KIntersection (KOne item) (KOne other)) (KEmpty) :when ((!= item other)))
zipper-descend:0508	rewrite	1345	KDiff	FOL	proved-unbounded	keyset_diff_empty_left_fo,keyset_diff_empty_right_fo,keyset_diff_self_fo,keyset_diff_one_hit_fo,keyset_diff_one_miss_fo	mapped to first-order proof artifact(s)	(rewrite (KDiff (KEmpty) keys) (KEmpty))
zipper-descend:0509	rewrite	1346	KDiff	FOL	proved-unbounded	keyset_diff_empty_left_fo,keyset_diff_empty_right_fo,keyset_diff_self_fo,keyset_diff_one_hit_fo,keyset_diff_one_miss_fo	mapped to first-order proof artifact(s)	(rewrite (KDiff keys (KEmpty)) keys)
zipper-descend:0510	rewrite	1347	KDiff	FOL	proved-unbounded	keyset_diff_empty_left_fo,keyset_diff_empty_right_fo,keyset_diff_self_fo,keyset_diff_one_hit_fo,keyset_diff_one_miss_fo	mapped to first-order proof artifact(s)	(rewrite (KDiff keys keys) (KEmpty))
zipper-descend:0511	rewrite	1348	KDiff	FOL	proved-unbounded	keyset_diff_empty_left_fo,keyset_diff_empty_right_fo,keyset_diff_self_fo,keyset_diff_one_hit_fo,keyset_diff_one_miss_fo	mapped to first-order proof artifact(s)	(rewrite (KDiff (KOne item) (KOne item)) (KEmpty))
zipper-descend:0512	rewrite	1349	KDiff	FOL	proved-unbounded	keyset_diff_empty_left_fo,keyset_diff_empty_right_fo,keyset_diff_self_fo,keyset_diff_one_hit_fo,keyset_diff_one_miss_fo	mapped to first-order proof artifact(s)	(rewrite (KDiff (KOne item) (KOne other)) (KOne item) :when ((!= item other)))
zipper-descend:0513	rule	1351	EmptyZ,keyset	FOL	proved-unbounded	zipper_keyset_emptyz_fo,zipper_keyset_trie_empty_fo,zipper_keyset_trie_epsilon_fo,zipper_keyset_trie_item_fo,zipper_keyset_trie_concat_fo	mapped to first-order proof artifact(s)	(rule ((= z (EmptyZ))) ((keyset z (KEmpty))))
zipper-descend:0514	rule	1353	TrieZ,keyset	FOL	proved-unbounded	zipper_keyset_emptyz_fo,zipper_keyset_trie_empty_fo,zipper_keyset_trie_epsilon_fo,zipper_keyset_trie_item_fo,zipper_keyset_trie_concat_fo	mapped to first-order proof artifact(s)	(rule ((= z (TrieZ (Empty)))) ((keyset z (KEmpty))))
zipper-descend:0515	rule	1355	TrieZ,keyset	FOL	proved-unbounded	zipper_keyset_emptyz_fo,zipper_keyset_trie_empty_fo,zipper_keyset_trie_epsilon_fo,zipper_keyset_trie_item_fo,zipper_keyset_trie_concat_fo	mapped to first-order proof artifact(s)	(rule ((= z (TrieZ (Singleton (Eps))))) ((keyset z (KEmpty))))
zipper-descend:0516	rule	1357	TrieZ,keyset	FOL	proved-unbounded	zipper_keyset_emptyz_fo,zipper_keyset_trie_empty_fo,zipper_keyset_trie_epsilon_fo,zipper_keyset_trie_item_fo,zipper_keyset_trie_concat_fo	mapped to first-order proof artifact(s)	(rule ((= z (TrieZ (Singleton (Item head))))) ((keyset z (KOne head))))
zipper-descend:0517	rule	1359	TrieZ,keyset	FOL	proved-unbounded	zipper_keyset_emptyz_fo,zipper_keyset_trie_empty_fo,zipper_keyset_trie_epsilon_fo,zipper_keyset_trie_item_fo,zipper_keyset_trie_concat_fo	mapped to first-order proof artifact(s)	(rule ((= z (TrieZ (Singleton (Concat (Item head) rest))))) ((keyset z (KOne head))))
zipper-descend:0518	rewrite	1371	Child,EmptyZ	mixed	proved-bounded	zipper_base_child_equiv,child_empty_a,child_empty_b,child_epsilon_a,child_epsilon_b,child_singleton_hit_a,child_singleton_hit_b,child_singleton_miss_a_b,child_singleton_miss_b_a,child_concat_hit_a,child_concat_hit_b,child_concat_miss_a_b,child_concat_miss_b_a,child_union_a,child_union_b,set_child_union_fo,child_same_head_union_a,child_same_head_union_b,child_intersection_a,child_intersection_b,child_diff_a,child_diff_b,set_child_product_derivative,set_child_restriction_derivative,set_child_raffination_derivative,set_child_wrap_hit,set_child_unwrap_singleton,set_child_head,set_child_nonempty_paths,set_child_prefix_closure,set_child_prefix_closure_below,set_child_suffix_closure_derivative,set_child_tails_closure_derivative,zipper_emptyz_empty_focus_fo,zipper_emptyz_nonterminal_fo,zipper_keyset_emptyz_fo	mixed FOL plus bounded evidence; weakest proof tier is bounded	(rewrite (Child item (EmptyZ)) (EmptyZ))
zipper-descend:0519	rewrite	1372	UnionOp,Child	mixed	proved-bounded	zipper_union_terminal_equiv,zipper_union_child_equiv,set_child_union_fo,set_union_idempotent_fo,set_union_associative_fo,child_union_a,child_union_b,child_same_head_union_a,child_same_head_union_b,union_idempotent,union_associative,zipper_base_child_equiv,child_empty_a,child_empty_b,child_epsilon_a,child_epsilon_b,child_singleton_hit_a,child_singleton_hit_b,child_singleton_miss_a_b,child_singleton_miss_b_a,child_concat_hit_a,child_concat_hit_b,child_concat_miss_a_b,child_concat_miss_b_a,child_intersection_a,child_intersection_b,child_diff_a,child_diff_b,set_child_product_derivative,set_child_restriction_derivative,set_child_raffination_derivative,set_child_wrap_hit,set_child_unwrap_singleton,set_child_head,set_child_nonempty_paths,set_child_prefix_closure,set_child_prefix_closure_below,set_child_suffix_closure_derivative,set_child_tails_closure_derivative	mixed FOL plus bounded evidence; weakest proof tier is bounded	(rewrite (Child item (UnionZ a b)) (UnionOp (Child item a) (Child item b)))
zipper-descend:0520	rewrite	1373	WrapOp,Child	mixed	proved-bounded	eager_wrap_set_equiv,zipper_wrap_materialization_equiv,arbitrary_zipper_wrap_set_equiv,set_child_wrap_hit,set_terminal_wrap,wrap_unwrap_left_inverse_a,wrap_unwrap_left_inverse_b,wrap_unwrap_left_inverse_ab,wrap_unwrap_restriction_a,wrap_unwrap_restriction_b,zipper_base_child_equiv,child_empty_a,child_empty_b,child_epsilon_a,child_epsilon_b,child_singleton_hit_a,child_singleton_hit_b,child_singleton_miss_a_b,child_singleton_miss_b_a,child_concat_hit_a,child_concat_hit_b,child_concat_miss_a_b,child_concat_miss_b_a,child_union_a,child_union_b,set_child_union_fo,child_same_head_union_a,child_same_head_union_b,child_intersection_a,child_intersection_b,child_diff_a,child_diff_b,set_child_product_derivative,set_child_restriction_derivative,set_child_raffination_derivative,set_child_unwrap_singleton,set_child_head,set_child_nonempty_paths,set_child_prefix_closure,set_child_prefix_closure_below,set_child_suffix_closure_derivative,set_child_tails_closure_derivative	mixed FOL plus bounded evidence; weakest proof tier is bounded	(rewrite (Child item (PrefixZipper p z)) (Child item (WrapOp z p)))
zipper-descend:0521	rewrite	1374	Child,TrieZ,EmptyZ	mixed	proved-bounded	zipper_base_child_equiv,child_empty_a,child_empty_b,child_epsilon_a,child_epsilon_b,child_singleton_hit_a,child_singleton_hit_b,child_singleton_miss_a_b,child_singleton_miss_b_a,child_concat_hit_a,child_concat_hit_b,child_concat_miss_a_b,child_concat_miss_b_a,child_union_a,child_union_b,set_child_union_fo,child_same_head_union_a,child_same_head_union_b,child_intersection_a,child_intersection_b,child_diff_a,child_diff_b,set_child_product_derivative,set_child_restriction_derivative,set_child_raffination_derivative,set_child_wrap_hit,set_child_unwrap_singleton,set_child_head,set_child_nonempty_paths,set_child_prefix_closure,set_child_prefix_closure_below,set_child_suffix_closure_derivative,set_child_tails_closure_derivative,zipper_base_terminal_equiv,zipper_emptyz_empty_focus_fo,zipper_emptyz_nonterminal_fo,zipper_keyset_emptyz_fo	mixed FOL plus bounded evidence; weakest proof tier is bounded	(rewrite (Child item (TrieZ (Empty))) (EmptyZ))
zipper-descend:0522	rewrite	1375	Child,TrieZ,EmptyZ	mixed	proved-bounded	zipper_base_child_equiv,child_empty_a,child_empty_b,child_epsilon_a,child_epsilon_b,child_singleton_hit_a,child_singleton_hit_b,child_singleton_miss_a_b,child_singleton_miss_b_a,child_concat_hit_a,child_concat_hit_b,child_concat_miss_a_b,child_concat_miss_b_a,child_union_a,child_union_b,set_child_union_fo,child_same_head_union_a,child_same_head_union_b,child_intersection_a,child_intersection_b,child_diff_a,child_diff_b,set_child_product_derivative,set_child_restriction_derivative,set_child_raffination_derivative,set_child_wrap_hit,set_child_unwrap_singleton,set_child_head,set_child_nonempty_paths,set_child_prefix_closure,set_child_prefix_closure_below,set_child_suffix_closure_derivative,set_child_tails_closure_derivative,zipper_base_terminal_equiv,zipper_emptyz_empty_focus_fo,zipper_emptyz_nonterminal_fo,zipper_keyset_emptyz_fo	mixed FOL plus bounded evidence; weakest proof tier is bounded	(rewrite (Child item (TrieZ (Singleton (Eps)))) (EmptyZ))
zipper-descend:0523	rewrite	1376	Child,TrieZ	mixed	proved-bounded	zipper_base_child_equiv,child_empty_a,child_empty_b,child_epsilon_a,child_epsilon_b,child_singleton_hit_a,child_singleton_hit_b,child_singleton_miss_a_b,child_singleton_miss_b_a,child_concat_hit_a,child_concat_hit_b,child_concat_miss_a_b,child_concat_miss_b_a,child_union_a,child_union_b,set_child_union_fo,child_same_head_union_a,child_same_head_union_b,child_intersection_a,child_intersection_b,child_diff_a,child_diff_b,set_child_product_derivative,set_child_restriction_derivative,set_child_raffination_derivative,set_child_wrap_hit,set_child_unwrap_singleton,set_child_head,set_child_nonempty_paths,set_child_prefix_closure,set_child_prefix_closure_below,set_child_suffix_closure_derivative,set_child_tails_closure_derivative,zipper_base_terminal_equiv	mixed FOL plus bounded evidence; weakest proof tier is bounded	(rewrite (Child item (TrieZ (Singleton (Item item)))) (TrieZ (Singleton (Eps))))
zipper-descend:0524	rewrite	1377	Child,TrieZ,EmptyZ	mixed	proved-bounded	zipper_base_child_equiv,child_empty_a,child_empty_b,child_epsilon_a,child_epsilon_b,child_singleton_hit_a,child_singleton_hit_b,child_singleton_miss_a_b,child_singleton_miss_b_a,child_concat_hit_a,child_concat_hit_b,child_concat_miss_a_b,child_concat_miss_b_a,child_union_a,child_union_b,set_child_union_fo,child_same_head_union_a,child_same_head_union_b,child_intersection_a,child_intersection_b,child_diff_a,child_diff_b,set_child_product_derivative,set_child_restriction_derivative,set_child_raffination_derivative,set_child_wrap_hit,set_child_unwrap_singleton,set_child_head,set_child_nonempty_paths,set_child_prefix_closure,set_child_prefix_closure_below,set_child_suffix_closure_derivative,set_child_tails_closure_derivative,zipper_base_terminal_equiv,zipper_emptyz_empty_focus_fo,zipper_emptyz_nonterminal_fo,zipper_keyset_emptyz_fo	mixed FOL plus bounded evidence; weakest proof tier is bounded	(rewrite (Child item (TrieZ (Singleton (Item other)))) (EmptyZ) :when ((!= item other)))
zipper-descend:0525	rewrite	1378	Child,TrieZ	mixed	proved-bounded	zipper_base_child_equiv,child_empty_a,child_empty_b,child_epsilon_a,child_epsilon_b,child_singleton_hit_a,child_singleton_hit_b,child_singleton_miss_a_b,child_singleton_miss_b_a,child_concat_hit_a,child_concat_hit_b,child_concat_miss_a_b,child_concat_miss_b_a,child_union_a,child_union_b,set_child_union_fo,child_same_head_union_a,child_same_head_union_b,child_intersection_a,child_intersection_b,child_diff_a,child_diff_b,set_child_product_derivative,set_child_restriction_derivative,set_child_raffination_derivative,set_child_wrap_hit,set_child_unwrap_singleton,set_child_head,set_child_nonempty_paths,set_child_prefix_closure,set_child_prefix_closure_below,set_child_suffix_closure_derivative,set_child_tails_closure_derivative,zipper_base_terminal_equiv	mixed FOL plus bounded evidence; weakest proof tier is bounded	(rewrite (Child item (TrieZ (Singleton (Concat (Item item) rest)))) (TrieZ (Singleton rest)))
zipper-descend:0526	rewrite	1379	Child,TrieZ,EmptyZ	mixed	proved-bounded	zipper_base_child_equiv,child_empty_a,child_empty_b,child_epsilon_a,child_epsilon_b,child_singleton_hit_a,child_singleton_hit_b,child_singleton_miss_a_b,child_singleton_miss_b_a,child_concat_hit_a,child_concat_hit_b,child_concat_miss_a_b,child_concat_miss_b_a,child_union_a,child_union_b,set_child_union_fo,child_same_head_union_a,child_same_head_union_b,child_intersection_a,child_intersection_b,child_diff_a,child_diff_b,set_child_product_derivative,set_child_restriction_derivative,set_child_raffination_derivative,set_child_wrap_hit,set_child_unwrap_singleton,set_child_head,set_child_nonempty_paths,set_child_prefix_closure,set_child_prefix_closure_below,set_child_suffix_closure_derivative,set_child_tails_closure_derivative,zipper_base_terminal_equiv,zipper_emptyz_empty_focus_fo,zipper_emptyz_nonterminal_fo,zipper_keyset_emptyz_fo	mixed FOL plus bounded evidence; weakest proof tier is bounded	(rewrite (Child item (TrieZ (Singleton (Concat (Item other) rest)))) (EmptyZ) :when ((!= item other)))
zipper-descend:0527	rewrite	1380	UnionOp,Child,TrieZ	mixed	proved-bounded	zipper_union_terminal_equiv,zipper_union_child_equiv,set_child_union_fo,set_union_idempotent_fo,set_union_associative_fo,child_union_a,child_union_b,child_same_head_union_a,child_same_head_union_b,union_idempotent,union_associative,zipper_base_child_equiv,child_empty_a,child_empty_b,child_epsilon_a,child_epsilon_b,child_singleton_hit_a,child_singleton_hit_b,child_singleton_miss_a_b,child_singleton_miss_b_a,child_concat_hit_a,child_concat_hit_b,child_concat_miss_a_b,child_concat_miss_b_a,child_intersection_a,child_intersection_b,child_diff_a,child_diff_b,set_child_product_derivative,set_child_restriction_derivative,set_child_raffination_derivative,set_child_wrap_hit,set_child_unwrap_singleton,set_child_head,set_child_nonempty_paths,set_child_prefix_closure,set_child_prefix_closure_below,set_child_suffix_closure_derivative,set_child_tails_closure_derivative,zipper_base_terminal_equiv	mixed FOL plus bounded evidence; weakest proof tier is bounded	(rewrite (Child item (TrieZ (Union a b))) (UnionOp (Child item (TrieZ a)) (Child item (TrieZ b))))
zipper-descend:0528	rewrite	1381	PatchChildOp,Child	mixed	proved-bounded	zipper_patch_child_terminal_equiv,zipper_patch_child_hit_equiv,zipper_patch_child_miss_equiv,zipper_patch_child_identity_equiv,zipper_context_graft_materialization,patch_child_hit_a,patch_child_hit_b,patch_child_miss_b,patch_child_miss_a,patch_child_identity_a,patch_child_identity_b,patch_child_terminal_preserved,patch_child_materialization_a,zipper_base_child_equiv,child_empty_a,child_empty_b,child_epsilon_a,child_epsilon_b,child_singleton_hit_a,child_singleton_hit_b,child_singleton_miss_a_b,child_singleton_miss_b_a,child_concat_hit_a,child_concat_hit_b,child_concat_miss_a_b,child_concat_miss_b_a,child_union_a,child_union_b,set_child_union_fo,child_same_head_union_a,child_same_head_union_b,child_intersection_a,child_intersection_b,child_diff_a,child_diff_b,set_child_product_derivative,set_child_restriction_derivative,set_child_raffination_derivative,set_child_wrap_hit,set_child_unwrap_singleton,set_child_head,set_child_nonempty_paths,set_child_prefix_closure,set_child_prefix_closure_below,set_child_suffix_closure_derivative,set_child_tails_closure_derivative	mixed FOL plus bounded evidence; weakest proof tier is bounded	(rewrite (Child item (PatchChildOp parent item replacement)) replacement)
zipper-descend:0529	rewrite	1382	PatchChildOp,Child	mixed	proved-bounded	zipper_patch_child_terminal_equiv,zipper_patch_child_hit_equiv,zipper_patch_child_miss_equiv,zipper_patch_child_identity_equiv,zipper_context_graft_materialization,patch_child_hit_a,patch_child_hit_b,patch_child_miss_b,patch_child_miss_a,patch_child_identity_a,patch_child_identity_b,patch_child_terminal_preserved,patch_child_materialization_a,zipper_base_child_equiv,child_empty_a,child_empty_b,child_epsilon_a,child_epsilon_b,child_singleton_hit_a,child_singleton_hit_b,child_singleton_miss_a_b,child_singleton_miss_b_a,child_concat_hit_a,child_concat_hit_b,child_concat_miss_a_b,child_concat_miss_b_a,child_union_a,child_union_b,set_child_union_fo,child_same_head_union_a,child_same_head_union_b,child_intersection_a,child_intersection_b,child_diff_a,child_diff_b,set_child_product_derivative,set_child_restriction_derivative,set_child_raffination_derivative,set_child_wrap_hit,set_child_unwrap_singleton,set_child_head,set_child_nonempty_paths,set_child_prefix_closure,set_child_prefix_closure_below,set_child_suffix_closure_derivative,set_child_tails_closure_derivative	mixed FOL plus bounded evidence; weakest proof tier is bounded	(rewrite (Child item (PatchChildOp parent other replacement)) (Child item parent) :when ((!= item other)))
zipper-descend:0530	rewrite	1387	Child,MemoZ	mixed	proved-bounded	zipper_base_child_equiv,child_empty_a,child_empty_b,child_epsilon_a,child_epsilon_b,child_singleton_hit_a,child_singleton_hit_b,child_singleton_miss_a_b,child_singleton_miss_b_a,child_concat_hit_a,child_concat_hit_b,child_concat_miss_a_b,child_concat_miss_b_a,child_union_a,child_union_b,set_child_union_fo,child_same_head_union_a,child_same_head_union_b,child_intersection_a,child_intersection_b,child_diff_a,child_diff_b,set_child_product_derivative,set_child_restriction_derivative,set_child_raffination_derivative,set_child_wrap_hit,set_child_unwrap_singleton,set_child_head,set_child_nonempty_paths,set_child_prefix_closure,set_child_prefix_closure_below,set_child_suffix_closure_derivative,set_child_tails_closure_derivative,zipper_memo_materialization_equiv,zipper_memo_terminal_equiv,zipper_memo_child_equiv	mixed FOL plus bounded evidence; weakest proof tier is bounded	(rewrite (Child item (MemoZ z)) (MemoZ (Child item z)))
zipper-descend:0531	rewrite	1388	UnionOp,Child	mixed	proved-bounded	zipper_union_terminal_equiv,zipper_union_child_equiv,set_child_union_fo,set_union_idempotent_fo,set_union_associative_fo,child_union_a,child_union_b,child_same_head_union_a,child_same_head_union_b,union_idempotent,union_associative,zipper_base_child_equiv,child_empty_a,child_empty_b,child_epsilon_a,child_epsilon_b,child_singleton_hit_a,child_singleton_hit_b,child_singleton_miss_a_b,child_singleton_miss_b_a,child_concat_hit_a,child_concat_hit_b,child_concat_miss_a_b,child_concat_miss_b_a,child_intersection_a,child_intersection_b,child_diff_a,child_diff_b,set_child_product_derivative,set_child_restriction_derivative,set_child_raffination_derivative,set_child_wrap_hit,set_child_unwrap_singleton,set_child_head,set_child_nonempty_paths,set_child_prefix_closure,set_child_prefix_closure_below,set_child_suffix_closure_derivative,set_child_tails_closure_derivative	mixed FOL plus bounded evidence; weakest proof tier is bounded	(rewrite (Child item (UnionOp a b)) (UnionOp (Child item a) (Child item b)))
zipper-descend:0532	rewrite	1389	JoinAllOp3,Child	mixed	proved-bounded	zipper_union_terminal_equiv,zipper_union_child_equiv,set_child_union_fo,child_union_a,child_union_b,zipper_base_child_equiv,child_empty_a,child_empty_b,child_epsilon_a,child_epsilon_b,child_singleton_hit_a,child_singleton_hit_b,child_singleton_miss_a_b,child_singleton_miss_b_a,child_concat_hit_a,child_concat_hit_b,child_concat_miss_a_b,child_concat_miss_b_a,child_same_head_union_a,child_same_head_union_b,child_intersection_a,child_intersection_b,child_diff_a,child_diff_b,set_child_product_derivative,set_child_restriction_derivative,set_child_raffination_derivative,set_child_wrap_hit,set_child_unwrap_singleton,set_child_head,set_child_nonempty_paths,set_child_prefix_closure,set_child_prefix_closure_below,set_child_suffix_closure_derivative,set_child_tails_closure_derivative	mixed FOL plus bounded evidence; weakest proof tier is bounded	(rewrite (Child item (JoinAllOp3 a b c)) (JoinAllOp3 (Child item a) (Child item b) (Child item c)))
zipper-descend:0533	rewrite	1390	IntersectionOp,Child	mixed	proved-bounded	zipper_intersection_terminal_equiv,zipper_intersection_child_equiv,set_child_intersection_fo,set_intersection_idempotent_fo,set_intersection_associative_fo,child_intersection_a,child_intersection_b,intersection_associative,zipper_base_child_equiv,child_empty_a,child_empty_b,child_epsilon_a,child_epsilon_b,child_singleton_hit_a,child_singleton_hit_b,child_singleton_miss_a_b,child_singleton_miss_b_a,child_concat_hit_a,child_concat_hit_b,child_concat_miss_a_b,child_concat_miss_b_a,child_union_a,child_union_b,set_child_union_fo,child_same_head_union_a,child_same_head_union_b,child_diff_a,child_diff_b,set_child_product_derivative,set_child_restriction_derivative,set_child_raffination_derivative,set_child_wrap_hit,set_child_unwrap_singleton,set_child_head,set_child_nonempty_paths,set_child_prefix_closure,set_child_prefix_closure_below,set_child_suffix_closure_derivative,set_child_tails_closure_derivative	mixed FOL plus bounded evidence; weakest proof tier is bounded	(rewrite (Child item (IntersectionOp a b)) (IntersectionOp (Child item a) (Child item b)))
zipper-descend:0534	rewrite	1391	MeetAllOp3,Child	mixed	proved-bounded	zipper_intersection_terminal_equiv,zipper_intersection_child_equiv,child_intersection_a,child_intersection_b,zipper_base_child_equiv,child_empty_a,child_empty_b,child_epsilon_a,child_epsilon_b,child_singleton_hit_a,child_singleton_hit_b,child_singleton_miss_a_b,child_singleton_miss_b_a,child_concat_hit_a,child_concat_hit_b,child_concat_miss_a_b,child_concat_miss_b_a,child_union_a,child_union_b,set_child_union_fo,child_same_head_union_a,child_same_head_union_b,child_diff_a,child_diff_b,set_child_product_derivative,set_child_restriction_derivative,set_child_raffination_derivative,set_child_wrap_hit,set_child_unwrap_singleton,set_child_head,set_child_nonempty_paths,set_child_prefix_closure,set_child_prefix_closure_below,set_child_suffix_closure_derivative,set_child_tails_closure_derivative	mixed FOL plus bounded evidence; weakest proof tier is bounded	(rewrite (Child item (MeetAllOp3 a b c)) (MeetAllOp3 (Child item a) (Child item b) (Child item c)))
zipper-descend:0535	rewrite	1392	DiffOp,Child	mixed	proved-bounded	zipper_diff_terminal_equiv,zipper_diff_child_equiv,set_child_diff_fo,set_diff_self_empty_fo,set_diff_union_rhs_fo,child_diff_a,child_diff_b,diff_self_empty,diff_union_rhs,zipper_base_child_equiv,child_empty_a,child_empty_b,child_epsilon_a,child_epsilon_b,child_singleton_hit_a,child_singleton_hit_b,child_singleton_miss_a_b,child_singleton_miss_b_a,child_concat_hit_a,child_concat_hit_b,child_concat_miss_a_b,child_concat_miss_b_a,child_union_a,child_union_b,set_child_union_fo,child_same_head_union_a,child_same_head_union_b,child_intersection_a,child_intersection_b,set_child_product_derivative,set_child_restriction_derivative,set_child_raffination_derivative,set_child_wrap_hit,set_child_unwrap_singleton,set_child_head,set_child_nonempty_paths,set_child_prefix_closure,set_child_prefix_closure_below,set_child_suffix_closure_derivative,set_child_tails_closure_derivative	mixed FOL plus bounded evidence; weakest proof tier is bounded	(rewrite (Child item (DiffOp a b)) (DiffOp (Child item a) (Child item b)))
zipper-descend:0536	rewrite	1397	RestrictionOp,Child,TrieZ	mixed	proved-bounded	eager_restriction_set_equiv,zipper_restriction_materialization_equiv,arbitrary_zipper_restriction_set_equiv,set_child_restriction_derivative,child_restriction_a,child_restriction_b,restriction_epsilon_identity,restriction_empty_prefixes,zipper_base_child_equiv,child_empty_a,child_empty_b,child_epsilon_a,child_epsilon_b,child_singleton_hit_a,child_singleton_hit_b,child_singleton_miss_a_b,child_singleton_miss_b_a,child_concat_hit_a,child_concat_hit_b,child_concat_miss_a_b,child_concat_miss_b_a,child_union_a,child_union_b,set_child_union_fo,child_same_head_union_a,child_same_head_union_b,child_intersection_a,child_intersection_b,child_diff_a,child_diff_b,set_child_product_derivative,set_child_raffination_derivative,set_child_wrap_hit,set_child_unwrap_singleton,set_child_head,set_child_nonempty_paths,set_child_prefix_closure,set_child_prefix_closure_below,set_child_suffix_closure_derivative,set_child_tails_closure_derivative,zipper_base_terminal_equiv	mixed FOL plus bounded evidence; weakest proof tier is bounded	(rewrite (Child item (RestrictionOp src (TrieZ (Singleton (Eps))))) (Child item src))
zipper-descend:0537	rewrite	1398	UnionOp,RestrictionOp,Child,TrieZ	mixed	proved-bounded	zipper_union_terminal_equiv,zipper_union_child_equiv,set_child_union_fo,set_union_idempotent_fo,set_union_associative_fo,child_union_a,child_union_b,child_same_head_union_a,child_same_head_union_b,union_idempotent,union_associative,eager_restriction_set_equiv,zipper_restriction_materialization_equiv,arbitrary_zipper_restriction_set_equiv,set_child_restriction_derivative,child_restriction_a,child_restriction_b,restriction_epsilon_identity,restriction_empty_prefixes,zipper_base_child_equiv,child_empty_a,child_empty_b,child_epsilon_a,child_epsilon_b,child_singleton_hit_a,child_singleton_hit_b,child_singleton_miss_a_b,child_singleton_miss_b_a,child_concat_hit_a,child_concat_hit_b,child_concat_miss_a_b,child_concat_miss_b_a,child_intersection_a,child_intersection_b,child_diff_a,child_diff_b,set_child_product_derivative,set_child_raffination_derivative,set_child_wrap_hit,set_child_unwrap_singleton,set_child_head,set_child_nonempty_paths,set_child_prefix_closure,set_child_prefix_closure_below,set_child_suffix_closure_derivative,set_child_tails_closure_derivative,zipper_base_terminal_equiv	mixed FOL plus bounded evidence; weakest proof tier is bounded	(rewrite (Child item (RestrictionOp src (UnionOp (TrieZ (Singleton (Eps))) prefixes))) (Child item src))
zipper-descend:0538	rewrite	1399	UnionOp,RestrictionOp,Child,TrieZ	mixed	proved-bounded	zipper_union_terminal_equiv,zipper_union_child_equiv,set_child_union_fo,set_union_idempotent_fo,set_union_associative_fo,child_union_a,child_union_b,child_same_head_union_a,child_same_head_union_b,union_idempotent,union_associative,eager_restriction_set_equiv,zipper_restriction_materialization_equiv,arbitrary_zipper_restriction_set_equiv,set_child_restriction_derivative,child_restriction_a,child_restriction_b,restriction_epsilon_identity,restriction_empty_prefixes,zipper_base_child_equiv,child_empty_a,child_empty_b,child_epsilon_a,child_epsilon_b,child_singleton_hit_a,child_singleton_hit_b,child_singleton_miss_a_b,child_singleton_miss_b_a,child_concat_hit_a,child_concat_hit_b,child_concat_miss_a_b,child_concat_miss_b_a,child_intersection_a,child_intersection_b,child_diff_a,child_diff_b,set_child_product_derivative,set_child_raffination_derivative,set_child_wrap_hit,set_child_unwrap_singleton,set_child_head,set_child_nonempty_paths,set_child_prefix_closure,set_child_prefix_closure_below,set_child_suffix_closure_derivative,set_child_tails_closure_derivative,zipper_base_terminal_equiv	mixed FOL plus bounded evidence; weakest proof tier is bounded	(rewrite (Child item (RestrictionOp src (UnionOp prefixes (TrieZ (Singleton (Eps)))))) (Child item src))
zipper-descend:0539	rewrite	1400	RestrictionOp,Child,TrieZ	mixed	proved-bounded	eager_restriction_set_equiv,zipper_restriction_materialization_equiv,arbitrary_zipper_restriction_set_equiv,set_child_restriction_derivative,child_restriction_a,child_restriction_b,restriction_epsilon_identity,restriction_empty_prefixes,zipper_base_child_equiv,child_empty_a,child_empty_b,child_epsilon_a,child_epsilon_b,child_singleton_hit_a,child_singleton_hit_b,child_singleton_miss_a_b,child_singleton_miss_b_a,child_concat_hit_a,child_concat_hit_b,child_concat_miss_a_b,child_concat_miss_b_a,child_union_a,child_union_b,set_child_union_fo,child_same_head_union_a,child_same_head_union_b,child_intersection_a,child_intersection_b,child_diff_a,child_diff_b,set_child_product_derivative,set_child_raffination_derivative,set_child_wrap_hit,set_child_unwrap_singleton,set_child_head,set_child_nonempty_paths,set_child_prefix_closure,set_child_prefix_closure_below,set_child_suffix_closure_derivative,set_child_tails_closure_derivative,zipper_base_terminal_equiv	mixed FOL plus bounded evidence; weakest proof tier is bounded	(rewrite (Child item (RestrictionOp src (TrieZ (Singleton (Item item))))) (RestrictionOp (Child item src) (TrieZ (Singleton (Eps)))))
zipper-descend:0540	rewrite	1401	RestrictionOp,Child,TrieZ,EmptyZ	mixed	proved-bounded	eager_restriction_set_equiv,zipper_restriction_materialization_equiv,arbitrary_zipper_restriction_set_equiv,set_child_restriction_derivative,child_restriction_a,child_restriction_b,restriction_epsilon_identity,restriction_empty_prefixes,zipper_base_child_equiv,child_empty_a,child_empty_b,child_epsilon_a,child_epsilon_b,child_singleton_hit_a,child_singleton_hit_b,child_singleton_miss_a_b,child_singleton_miss_b_a,child_concat_hit_a,child_concat_hit_b,child_concat_miss_a_b,child_concat_miss_b_a,child_union_a,child_union_b,set_child_union_fo,child_same_head_union_a,child_same_head_union_b,child_intersection_a,child_intersection_b,child_diff_a,child_diff_b,set_child_product_derivative,set_child_raffination_derivative,set_child_wrap_hit,set_child_unwrap_singleton,set_child_head,set_child_nonempty_paths,set_child_prefix_closure,set_child_prefix_closure_below,set_child_suffix_closure_derivative,set_child_tails_closure_derivative,zipper_base_terminal_equiv,zipper_emptyz_empty_focus_fo,zipper_emptyz_nonterminal_fo,zipper_keyset_emptyz_fo	mixed FOL plus bounded evidence; weakest proof tier is bounded	(rewrite (Child item (RestrictionOp src (TrieZ (Singleton (Item other))))) (EmptyZ) :when ((!= item other)))
zipper-descend:0541	rewrite	1402	RestrictionOp,Child,TrieZ	mixed	proved-bounded	eager_restriction_set_equiv,zipper_restriction_materialization_equiv,arbitrary_zipper_restriction_set_equiv,set_child_restriction_derivative,child_restriction_a,child_restriction_b,restriction_epsilon_identity,restriction_empty_prefixes,zipper_base_child_equiv,child_empty_a,child_empty_b,child_epsilon_a,child_epsilon_b,child_singleton_hit_a,child_singleton_hit_b,child_singleton_miss_a_b,child_singleton_miss_b_a,child_concat_hit_a,child_concat_hit_b,child_concat_miss_a_b,child_concat_miss_b_a,child_union_a,child_union_b,set_child_union_fo,child_same_head_union_a,child_same_head_union_b,child_intersection_a,child_intersection_b,child_diff_a,child_diff_b,set_child_product_derivative,set_child_raffination_derivative,set_child_wrap_hit,set_child_unwrap_singleton,set_child_head,set_child_nonempty_paths,set_child_prefix_closure,set_child_prefix_closure_below,set_child_suffix_closure_derivative,set_child_tails_closure_derivative,zipper_base_terminal_equiv	mixed FOL plus bounded evidence; weakest proof tier is bounded	(rewrite (Child item (RestrictionOp src (TrieZ (Singleton (Concat (Item head) rest))))) (RestrictionOp (Child item src) (Child item (TrieZ (Singleton (Concat (Item head) rest))))))
zipper-descend:0542	rewrite	1403	RestrictionOp,Child,TrieZ	mixed	proved-bounded	eager_restriction_set_equiv,zipper_restriction_materialization_equiv,arbitrary_zipper_restriction_set_equiv,set_child_restriction_derivative,child_restriction_a,child_restriction_b,restriction_epsilon_identity,restriction_empty_prefixes,zipper_base_child_equiv,child_empty_a,child_empty_b,child_epsilon_a,child_epsilon_b,child_singleton_hit_a,child_singleton_hit_b,child_singleton_miss_a_b,child_singleton_miss_b_a,child_concat_hit_a,child_concat_hit_b,child_concat_miss_a_b,child_concat_miss_b_a,child_union_a,child_union_b,set_child_union_fo,child_same_head_union_a,child_same_head_union_b,child_intersection_a,child_intersection_b,child_diff_a,child_diff_b,set_child_product_derivative,set_child_raffination_derivative,set_child_wrap_hit,set_child_unwrap_singleton,set_child_head,set_child_nonempty_paths,set_child_prefix_closure,set_child_prefix_closure_below,set_child_suffix_closure_derivative,set_child_tails_closure_derivative,zipper_base_terminal_equiv	mixed FOL plus bounded evidence; weakest proof tier is bounded	(rewrite (Child item (RestrictionOp src (TrieZ (Union p q)))) (RestrictionOp (Child item src) (Child item (TrieZ (Union p q)))))
zipper-descend:0543	rewrite	1405	DiffOp,RestrictionOp,RaffinationOp,Child	mixed	proved-bounded	zipper_diff_terminal_equiv,zipper_diff_child_equiv,set_child_diff_fo,set_diff_self_empty_fo,set_diff_union_rhs_fo,child_diff_a,child_diff_b,diff_self_empty,diff_union_rhs,eager_restriction_set_equiv,zipper_restriction_materialization_equiv,arbitrary_zipper_restriction_set_equiv,set_child_restriction_derivative,child_restriction_a,child_restriction_b,restriction_epsilon_identity,restriction_empty_prefixes,eager_raffination_set_equiv,zipper_raffination_materialization_equiv,arbitrary_zipper_raffination_set_equiv,set_child_raffination_derivative,set_restriction_raffination_partition_fo,set_restriction_raffination_disjoint_fo,restriction_raffination_partition,restriction_raffination_disjoint,zipper_base_child_equiv,child_empty_a,child_empty_b,child_epsilon_a,child_epsilon_b,child_singleton_hit_a,child_singleton_hit_b,child_singleton_miss_a_b,child_singleton_miss_b_a,child_concat_hit_a,child_concat_hit_b,child_concat_miss_a_b,child_concat_miss_b_a,child_union_a,child_union_b,set_child_union_fo,child_same_head_union_a,child_same_head_union_b,child_intersection_a,child_intersection_b,set_child_product_derivative,set_child_wrap_hit,set_child_unwrap_singleton,set_child_head,set_child_nonempty_paths,set_child_prefix_closure,set_child_prefix_closure_below,set_child_suffix_closure_derivative,set_child_tails_closure_derivative	mixed FOL plus bounded evidence; weakest proof tier is bounded	(rewrite (Child item (RaffinationOp src prefixes)) (Child item (DiffOp src (RestrictionOp src prefixes))))
zipper-descend:0544	rewrite	1407	WrapOp,Child	mixed	proved-bounded	eager_wrap_set_equiv,zipper_wrap_materialization_equiv,arbitrary_zipper_wrap_set_equiv,set_child_wrap_hit,set_terminal_wrap,wrap_unwrap_left_inverse_a,wrap_unwrap_left_inverse_b,wrap_unwrap_left_inverse_ab,wrap_unwrap_restriction_a,wrap_unwrap_restriction_b,zipper_base_child_equiv,child_empty_a,child_empty_b,child_epsilon_a,child_epsilon_b,child_singleton_hit_a,child_singleton_hit_b,child_singleton_miss_a_b,child_singleton_miss_b_a,child_concat_hit_a,child_concat_hit_b,child_concat_miss_a_b,child_concat_miss_b_a,child_union_a,child_union_b,set_child_union_fo,child_same_head_union_a,child_same_head_union_b,child_intersection_a,child_intersection_b,child_diff_a,child_diff_b,set_child_product_derivative,set_child_restriction_derivative,set_child_raffination_derivative,set_child_unwrap_singleton,set_child_head,set_child_nonempty_paths,set_child_prefix_closure,set_child_prefix_closure_below,set_child_suffix_closure_derivative,set_child_tails_closure_derivative	mixed FOL plus bounded evidence; weakest proof tier is bounded	(rewrite (Child item (WrapOp z (Eps))) (Child item z))
zipper-descend:0545	rewrite	1408	WrapOp,Child	mixed	proved-bounded	eager_wrap_set_equiv,zipper_wrap_materialization_equiv,arbitrary_zipper_wrap_set_equiv,set_child_wrap_hit,set_terminal_wrap,wrap_unwrap_left_inverse_a,wrap_unwrap_left_inverse_b,wrap_unwrap_left_inverse_ab,wrap_unwrap_restriction_a,wrap_unwrap_restriction_b,zipper_base_child_equiv,child_empty_a,child_empty_b,child_epsilon_a,child_epsilon_b,child_singleton_hit_a,child_singleton_hit_b,child_singleton_miss_a_b,child_singleton_miss_b_a,child_concat_hit_a,child_concat_hit_b,child_concat_miss_a_b,child_concat_miss_b_a,child_union_a,child_union_b,set_child_union_fo,child_same_head_union_a,child_same_head_union_b,child_intersection_a,child_intersection_b,child_diff_a,child_diff_b,set_child_product_derivative,set_child_restriction_derivative,set_child_raffination_derivative,set_child_unwrap_singleton,set_child_head,set_child_nonempty_paths,set_child_prefix_closure,set_child_prefix_closure_below,set_child_suffix_closure_derivative,set_child_tails_closure_derivative	mixed FOL plus bounded evidence; weakest proof tier is bounded	(rewrite (Child item (WrapOp z (Item item))) z)
zipper-descend:0546	rewrite	1409	WrapOp,Child,EmptyZ	mixed	proved-bounded	eager_wrap_set_equiv,zipper_wrap_materialization_equiv,arbitrary_zipper_wrap_set_equiv,set_child_wrap_hit,set_terminal_wrap,wrap_unwrap_left_inverse_a,wrap_unwrap_left_inverse_b,wrap_unwrap_left_inverse_ab,wrap_unwrap_restriction_a,wrap_unwrap_restriction_b,zipper_base_child_equiv,child_empty_a,child_empty_b,child_epsilon_a,child_epsilon_b,child_singleton_hit_a,child_singleton_hit_b,child_singleton_miss_a_b,child_singleton_miss_b_a,child_concat_hit_a,child_concat_hit_b,child_concat_miss_a_b,child_concat_miss_b_a,child_union_a,child_union_b,set_child_union_fo,child_same_head_union_a,child_same_head_union_b,child_intersection_a,child_intersection_b,child_diff_a,child_diff_b,set_child_product_derivative,set_child_restriction_derivative,set_child_raffination_derivative,set_child_unwrap_singleton,set_child_head,set_child_nonempty_paths,set_child_prefix_closure,set_child_prefix_closure_below,set_child_suffix_closure_derivative,set_child_tails_closure_derivative,zipper_emptyz_empty_focus_fo,zipper_emptyz_nonterminal_fo,zipper_keyset_emptyz_fo	mixed FOL plus bounded evidence; weakest proof tier is bounded	(rewrite (Child item (WrapOp z (Item other))) (EmptyZ) :when ((!= item other)))
zipper-descend:0547	rewrite	1410	WrapOp,Child	mixed	proved-bounded	eager_wrap_set_equiv,zipper_wrap_materialization_equiv,arbitrary_zipper_wrap_set_equiv,set_child_wrap_hit,set_terminal_wrap,wrap_unwrap_left_inverse_a,wrap_unwrap_left_inverse_b,wrap_unwrap_left_inverse_ab,wrap_unwrap_restriction_a,wrap_unwrap_restriction_b,zipper_base_child_equiv,child_empty_a,child_empty_b,child_epsilon_a,child_epsilon_b,child_singleton_hit_a,child_singleton_hit_b,child_singleton_miss_a_b,child_singleton_miss_b_a,child_concat_hit_a,child_concat_hit_b,child_concat_miss_a_b,child_concat_miss_b_a,child_union_a,child_union_b,set_child_union_fo,child_same_head_union_a,child_same_head_union_b,child_intersection_a,child_intersection_b,child_diff_a,child_diff_b,set_child_product_derivative,set_child_restriction_derivative,set_child_raffination_derivative,set_child_unwrap_singleton,set_child_head,set_child_nonempty_paths,set_child_prefix_closure,set_child_prefix_closure_below,set_child_suffix_closure_derivative,set_child_tails_closure_derivative	mixed FOL plus bounded evidence; weakest proof tier is bounded	(rewrite (Child item (WrapOp z (Concat (Item item) rest))) (WrapOp z rest))
zipper-descend:0548	rewrite	1411	WrapOp,Child,EmptyZ	mixed	proved-bounded	eager_wrap_set_equiv,zipper_wrap_materialization_equiv,arbitrary_zipper_wrap_set_equiv,set_child_wrap_hit,set_terminal_wrap,wrap_unwrap_left_inverse_a,wrap_unwrap_left_inverse_b,wrap_unwrap_left_inverse_ab,wrap_unwrap_restriction_a,wrap_unwrap_restriction_b,zipper_base_child_equiv,child_empty_a,child_empty_b,child_epsilon_a,child_epsilon_b,child_singleton_hit_a,child_singleton_hit_b,child_singleton_miss_a_b,child_singleton_miss_b_a,child_concat_hit_a,child_concat_hit_b,child_concat_miss_a_b,child_concat_miss_b_a,child_union_a,child_union_b,set_child_union_fo,child_same_head_union_a,child_same_head_union_b,child_intersection_a,child_intersection_b,child_diff_a,child_diff_b,set_child_product_derivative,set_child_restriction_derivative,set_child_raffination_derivative,set_child_unwrap_singleton,set_child_head,set_child_nonempty_paths,set_child_prefix_closure,set_child_prefix_closure_below,set_child_suffix_closure_derivative,set_child_tails_closure_derivative,zipper_emptyz_empty_focus_fo,zipper_emptyz_nonterminal_fo,zipper_keyset_emptyz_fo	mixed FOL plus bounded evidence; weakest proof tier is bounded	(rewrite (Child item (WrapOp z (Concat (Item other) rest))) (EmptyZ) :when ((!= item other)))
zipper-descend:0549	rewrite	1414	UnwrapOp,Child	mixed	proved-bounded	eager_unwrap_set_equiv,zipper_unwrap_materialization_equiv,arbitrary_zipper_unwrap_set_equiv,set_child_unwrap_singleton,set_terminal_unwrap,wrap_unwrap_left_inverse_a,wrap_unwrap_left_inverse_b,wrap_unwrap_left_inverse_ab,unwrap_union,zipper_base_child_equiv,child_empty_a,child_empty_b,child_epsilon_a,child_epsilon_b,child_singleton_hit_a,child_singleton_hit_b,child_singleton_miss_a_b,child_singleton_miss_b_a,child_concat_hit_a,child_concat_hit_b,child_concat_miss_a_b,child_concat_miss_b_a,child_union_a,child_union_b,set_child_union_fo,child_same_head_union_a,child_same_head_union_b,child_intersection_a,child_intersection_b,child_diff_a,child_diff_b,set_child_product_derivative,set_child_restriction_derivative,set_child_raffination_derivative,set_child_wrap_hit,set_child_head,set_child_nonempty_paths,set_child_prefix_closure,set_child_prefix_closure_below,set_child_suffix_closure_derivative,set_child_tails_closure_derivative	mixed FOL plus bounded evidence; weakest proof tier is bounded	(rewrite (UnwrapOp z (Item item)) (Child item z))
zipper-descend:0550	rewrite	1415	UnwrapOp,Child	mixed	proved-bounded	eager_unwrap_set_equiv,zipper_unwrap_materialization_equiv,arbitrary_zipper_unwrap_set_equiv,set_child_unwrap_singleton,set_terminal_unwrap,wrap_unwrap_left_inverse_a,wrap_unwrap_left_inverse_b,wrap_unwrap_left_inverse_ab,unwrap_union,zipper_base_child_equiv,child_empty_a,child_empty_b,child_epsilon_a,child_epsilon_b,child_singleton_hit_a,child_singleton_hit_b,child_singleton_miss_a_b,child_singleton_miss_b_a,child_concat_hit_a,child_concat_hit_b,child_concat_miss_a_b,child_concat_miss_b_a,child_union_a,child_union_b,set_child_union_fo,child_same_head_union_a,child_same_head_union_b,child_intersection_a,child_intersection_b,child_diff_a,child_diff_b,set_child_product_derivative,set_child_restriction_derivative,set_child_raffination_derivative,set_child_wrap_hit,set_child_head,set_child_nonempty_paths,set_child_prefix_closure,set_child_prefix_closure_below,set_child_suffix_closure_derivative,set_child_tails_closure_derivative	mixed FOL plus bounded evidence; weakest proof tier is bounded	(rewrite (UnwrapOp z (Concat (Item item) rest)) (UnwrapOp (Child item z) rest))
zipper-descend:0551	rewrite	1416	NonEmptyOp,Child	mixed	proved-bounded	eager_nonempty_paths_set_equiv,zipper_nonempty_paths_materialization_equiv,arbitrary_zipper_nonempty_paths_set_equiv,set_child_nonempty_paths,set_terminal_nonempty_paths_empty,nonempty_empty,nonempty_epsilon_empty,nonempty_idempotent,nonempty_subset,nonempty_union,nonempty_child_a,nonempty_child_b,iteration_reconstruct_nonempty_source,zipper_base_child_equiv,child_empty_a,child_empty_b,child_epsilon_a,child_epsilon_b,child_singleton_hit_a,child_singleton_hit_b,child_singleton_miss_a_b,child_singleton_miss_b_a,child_concat_hit_a,child_concat_hit_b,child_concat_miss_a_b,child_concat_miss_b_a,child_union_a,child_union_b,set_child_union_fo,child_same_head_union_a,child_same_head_union_b,child_intersection_a,child_intersection_b,child_diff_a,child_diff_b,set_child_product_derivative,set_child_restriction_derivative,set_child_raffination_derivative,set_child_wrap_hit,set_child_unwrap_singleton,set_child_head,set_child_prefix_closure,set_child_prefix_closure_below,set_child_suffix_closure_derivative,set_child_tails_closure_derivative	mixed FOL plus bounded evidence; weakest proof tier is bounded	(rewrite (Child item (NonEmptyOp z)) (Child item z))
zipper-descend:0552	rewrite	1419	TailsUnionOp,FrontierUnionOp	mixed	proved-bounded	eager_tails_union_set_equiv,zipper_tails_union_materialization_equiv,arbitrary_zipper_tails_union_set_equiv,tails_union_children,child_tails_union_a,child_tails_union_b,iteration_tail_identity,tails-union-open:space_optimized_open,frontier_union_is_tails_union	mixed FOL plus bounded evidence; weakest proof tier is bounded	(rewrite (TailsUnionOp src) (FrontierUnionOp src))
zipper-descend:0553	rewrite	1420	FrontierUnionOp,FrontierChildUnionOp,Child	mixed	proved-bounded	frontier_union_is_tails_union,tails_union_children,child_tails_union_a,child_tails_union_b,frontier_child_union_a_after_b,frontier_tail_union_a_is_child,frontier_tail_union_b_is_child,zipper_base_child_equiv,child_empty_a,child_empty_b,child_epsilon_a,child_epsilon_b,child_singleton_hit_a,child_singleton_hit_b,child_singleton_miss_a_b,child_singleton_miss_b_a,child_concat_hit_a,child_concat_hit_b,child_concat_miss_a_b,child_concat_miss_b_a,child_union_a,child_union_b,set_child_union_fo,child_same_head_union_a,child_same_head_union_b,child_intersection_a,child_intersection_b,child_diff_a,child_diff_b,set_child_product_derivative,set_child_restriction_derivative,set_child_raffination_derivative,set_child_wrap_hit,set_child_unwrap_singleton,set_child_head,set_child_nonempty_paths,set_child_prefix_closure,set_child_prefix_closure_below,set_child_suffix_closure_derivative,set_child_tails_closure_derivative	mixed FOL plus bounded evidence; weakest proof tier is bounded	(rewrite (Child item (FrontierUnionOp src)) (FrontierChildUnionOp (FrontierUnionOp src) item))
zipper-descend:0554	rewrite	1421	FrontierChildUnionOp,FrontierTailUnionOp,Child	mixed	proved-bounded	frontier_child_union_a_after_b,frontier_tail_union_a_is_child,frontier_tail_union_b_is_child,tails_union_children,child_tails_union_a,child_tails_union_b,antimirov_suffix_frontier_state_child_a,antimirov_suffix_frontier_state_child_b,antimirov_tails_frontier_state_child_a,antimirov_tails_frontier_state_child_b,antimirov_suffix_frontier_state_child_fo,antimirov_tails_frontier_state_child_fo,suffix_closure_child_derivative_a,suffix_closure_child_derivative_b,child_tails_closure_derivative_a,child_tails_closure_derivative_b,zipper_base_child_equiv,child_empty_a,child_empty_b,child_epsilon_a,child_epsilon_b,child_singleton_hit_a,child_singleton_hit_b,child_singleton_miss_a_b,child_singleton_miss_b_a,child_concat_hit_a,child_concat_hit_b,child_concat_miss_a_b,child_concat_miss_b_a,child_union_a,child_union_b,set_child_union_fo,child_same_head_union_a,child_same_head_union_b,child_intersection_a,child_intersection_b,child_diff_a,child_diff_b,set_child_product_derivative,set_child_restriction_derivative,set_child_raffination_derivative,set_child_wrap_hit,set_child_unwrap_singleton,set_child_head,set_child_nonempty_paths,set_child_prefix_closure,set_child_prefix_closure_below,set_child_suffix_closure_derivative,set_child_tails_closure_derivative	mixed FOL plus bounded evidence; weakest proof tier is bounded	(rewrite (Child item (FrontierTailUnionOp src previous)) (FrontierChildUnionOp (FrontierTailUnionOp src previous) item))
zipper-descend:0555	rewrite	1422	FrontierChildUnionOp,Child	mixed	proved-bounded	frontier_child_union_a_after_b,frontier_tail_union_a_is_child,frontier_tail_union_b_is_child,tails_union_children,child_tails_union_a,child_tails_union_b,zipper_base_child_equiv,child_empty_a,child_empty_b,child_epsilon_a,child_epsilon_b,child_singleton_hit_a,child_singleton_hit_b,child_singleton_miss_a_b,child_singleton_miss_b_a,child_concat_hit_a,child_concat_hit_b,child_concat_miss_a_b,child_concat_miss_b_a,child_union_a,child_union_b,set_child_union_fo,child_same_head_union_a,child_same_head_union_b,child_intersection_a,child_intersection_b,child_diff_a,child_diff_b,set_child_product_derivative,set_child_restriction_derivative,set_child_raffination_derivative,set_child_wrap_hit,set_child_unwrap_singleton,set_child_head,set_child_nonempty_paths,set_child_prefix_closure,set_child_prefix_closure_below,set_child_suffix_closure_derivative,set_child_tails_closure_derivative	mixed FOL plus bounded evidence; weakest proof tier is bounded	(rewrite (Child item (FrontierChildUnionOp src previous)) (FrontierChildUnionOp (FrontierChildUnionOp src previous) item))
zipper-descend:0556	rewrite	1423	FrontierChildUnionOp,FrontierStateOp,Child	mixed	proved-bounded	frontier_child_union_a_after_b,frontier_tail_union_a_is_child,frontier_tail_union_b_is_child,tails_union_children,child_tails_union_a,child_tails_union_b,frontier_union_is_tails_union,antimirov_suffix_frontier_state_child_a,antimirov_suffix_frontier_state_child_b,antimirov_tails_frontier_state_child_a,antimirov_tails_frontier_state_child_b,antimirov_suffix_frontier_nested_a_b,antimirov_tails_frontier_nested_a_b,antimirov_suffix_frontier_state_child_fo,antimirov_tails_frontier_state_child_fo,antimirov_suffix_frontier_nested_fo,antimirov_tails_frontier_nested_fo,suffix_closure_child_derivative_a,suffix_closure_child_derivative_b,child_tails_closure_derivative_a,child_tails_closure_derivative_b,zipper_base_child_equiv,child_empty_a,child_empty_b,child_epsilon_a,child_epsilon_b,child_singleton_hit_a,child_singleton_hit_b,child_singleton_miss_a_b,child_singleton_miss_b_a,child_concat_hit_a,child_concat_hit_b,child_concat_miss_a_b,child_concat_miss_b_a,child_union_a,child_union_b,set_child_union_fo,child_same_head_union_a,child_same_head_union_b,child_intersection_a,child_intersection_b,child_diff_a,child_diff_b,set_child_product_derivative,set_child_restriction_derivative,set_child_raffination_derivative,set_child_wrap_hit,set_child_unwrap_singleton,set_child_head,set_child_nonempty_paths,set_child_prefix_closure,set_child_prefix_closure_below,set_child_suffix_closure_derivative,set_child_tails_closure_derivative	mixed FOL plus bounded evidence; weakest proof tier is bounded	(rewrite (Child item (FrontierStateOp active)) (FrontierStateOp (FrontierChildUnionOp active item)))
zipper-descend:0557	rewrite	1424	FrontierChildUnionOp,IterRangeTailOp,Child	mixed	proved-bounded	frontier_child_union_a_after_b,frontier_tail_union_a_is_child,frontier_tail_union_b_is_child,tails_union_children,child_tails_union_a,child_tails_union_b,set_iteration_range_tail_definition_fo,zipper_iter_range_tail_materialization_equiv,iteration_range_tail_full_sentinel,iteration_range_tail_empty_slice,iteration_range_tail_first_subset,iteration_range_tail_drop_last_subset,iteration_range_tail_first_literal,iteration_range_tail_drop_last_literal,iteration_range_tail_same_head_first_literal,iteration_range_tail_same_head_drop_last_literal,zipper_base_child_equiv,child_empty_a,child_empty_b,child_epsilon_a,child_epsilon_b,child_singleton_hit_a,child_singleton_hit_b,child_singleton_miss_a_b,child_singleton_miss_b_a,child_concat_hit_a,child_concat_hit_b,child_concat_miss_a_b,child_concat_miss_b_a,child_union_a,child_union_b,set_child_union_fo,child_same_head_union_a,child_same_head_union_b,child_intersection_a,child_intersection_b,child_diff_a,child_diff_b,set_child_product_derivative,set_child_restriction_derivative,set_child_raffination_derivative,set_child_wrap_hit,set_child_unwrap_singleton,set_child_head,set_child_nonempty_paths,set_child_prefix_closure,set_child_prefix_closure_below,set_child_suffix_closure_derivative,set_child_tails_closure_derivative	mixed FOL plus bounded evidence; weakest proof tier is bounded	(rewrite (Child item (IterRangeTailOp src start end)) (FrontierChildUnionOp (IterRangeTailOp src start end) item))
zipper-descend:0558	rewrite	1425	FrontierChildUnionOp,IterRangeReconstructOp,Child	mixed	proved-bounded	frontier_child_union_a_after_b,frontier_tail_union_a_is_child,frontier_tail_union_b_is_child,tails_union_children,child_tails_union_a,child_tails_union_b,set_iteration_range_reconstruct_definition_fo,zipper_iter_range_reconstruct_materialization_equiv,iteration_range_reconstruct_full_sentinel,iteration_range_reconstruct_empty_slice,iteration_range_reconstruct_first_subset,iteration_range_reconstruct_drop_last_subset,iteration_range_reconstruct_first_literal,iteration_range_reconstruct_drop_last_literal,iteration_range_reconstruct_same_head_first_literal,iteration_range_reconstruct_same_head_drop_last_literal,zipper_base_child_equiv,child_empty_a,child_empty_b,child_epsilon_a,child_epsilon_b,child_singleton_hit_a,child_singleton_hit_b,child_singleton_miss_a_b,child_singleton_miss_b_a,child_concat_hit_a,child_concat_hit_b,child_concat_miss_a_b,child_concat_miss_b_a,child_union_a,child_union_b,set_child_union_fo,child_same_head_union_a,child_same_head_union_b,child_intersection_a,child_intersection_b,child_diff_a,child_diff_b,set_child_product_derivative,set_child_restriction_derivative,set_child_raffination_derivative,set_child_wrap_hit,set_child_unwrap_singleton,set_child_head,set_child_nonempty_paths,set_child_prefix_closure,set_child_prefix_closure_below,set_child_suffix_closure_derivative,set_child_tails_closure_derivative	mixed FOL plus bounded evidence; weakest proof tier is bounded	(rewrite (Child item (IterRangeReconstructOp src start end)) (FrontierChildUnionOp (IterRangeReconstructOp src start end) item))
zipper-descend:0559	rewrite	1426	FrontierChildUnionOp,IterPrefixedRangeReconstructOp,Child	mixed	proved-bounded	frontier_child_union_a_after_b,frontier_tail_union_a_is_child,frontier_tail_union_b_is_child,tails_union_children,child_tails_union_a,child_tails_union_b,set_iteration_prefixed_range_reconstruct_definition_fo,zipper_iter_prefixed_range_reconstruct_materialization_equiv,iteration_prefixed_range_reconstruct_full_sentinel,iteration_prefixed_range_reconstruct_empty_slice,iteration_prefixed_range_reconstruct_first_subset,iteration_prefixed_range_reconstruct_drop_last_subset,iteration_prefixed_range_reconstruct_first_literal,iteration_prefixed_range_reconstruct_drop_last_literal,iteration_prefixed_range_reconstruct_same_head_drop_last_literal,zipper_base_child_equiv,child_empty_a,child_empty_b,child_epsilon_a,child_epsilon_b,child_singleton_hit_a,child_singleton_hit_b,child_singleton_miss_a_b,child_singleton_miss_b_a,child_concat_hit_a,child_concat_hit_b,child_concat_miss_a_b,child_concat_miss_b_a,child_union_a,child_union_b,set_child_union_fo,child_same_head_union_a,child_same_head_union_b,child_intersection_a,child_intersection_b,child_diff_a,child_diff_b,set_child_product_derivative,set_child_restriction_derivative,set_child_raffination_derivative,set_child_wrap_hit,set_child_unwrap_singleton,set_child_head,set_child_nonempty_paths,set_child_prefix_closure,set_child_prefix_closure_below,set_child_suffix_closure_derivative,set_child_tails_closure_derivative	mixed FOL plus bounded evidence; weakest proof tier is bounded	(rewrite (Child item (IterPrefixedRangeReconstructOp src prefix start end)) (FrontierChildUnionOp (IterPrefixedRangeReconstructOp src prefix start end) item))
zipper-descend:0560	rewrite	1428	PrefixClosureOp,PrefixClosureBelowOp,Child	mixed	proved-bounded	eager_prefix_closure_set_equiv,zipper_prefix_closure_materialization_equiv,arbitrary_zipper_prefix_closure_set_equiv,set_child_prefix_closure,set_terminal_prefix_closure_empty,prefix_closure_idempotent,prefix-closure-open:space_optimized_open,set_child_prefix_closure_below,set_terminal_prefix_closure_below,set_prefix_closure_interior_terminal_fo,zipper_base_child_equiv,child_empty_a,child_empty_b,child_epsilon_a,child_epsilon_b,child_singleton_hit_a,child_singleton_hit_b,child_singleton_miss_a_b,child_singleton_miss_b_a,child_concat_hit_a,child_concat_hit_b,child_concat_miss_a_b,child_concat_miss_b_a,child_union_a,child_union_b,set_child_union_fo,child_same_head_union_a,child_same_head_union_b,child_intersection_a,child_intersection_b,child_diff_a,child_diff_b,set_child_product_derivative,set_child_restriction_derivative,set_child_raffination_derivative,set_child_wrap_hit,set_child_unwrap_singleton,set_child_head,set_child_nonempty_paths,set_child_suffix_closure_derivative,set_child_tails_closure_derivative	mixed FOL plus bounded evidence; weakest proof tier is bounded	(rewrite (Child item (PrefixClosureOp z)) (PrefixClosureBelowOp (Child item z)))
zipper-descend:0561	rewrite	1429	PrefixClosureBelowOp,Child	mixed	proved-bounded	set_child_prefix_closure_below,set_terminal_prefix_closure_below,set_prefix_closure_interior_terminal_fo,prefix_closure_idempotent,zipper_base_child_equiv,child_empty_a,child_empty_b,child_epsilon_a,child_epsilon_b,child_singleton_hit_a,child_singleton_hit_b,child_singleton_miss_a_b,child_singleton_miss_b_a,child_concat_hit_a,child_concat_hit_b,child_concat_miss_a_b,child_concat_miss_b_a,child_union_a,child_union_b,set_child_union_fo,child_same_head_union_a,child_same_head_union_b,child_intersection_a,child_intersection_b,child_diff_a,child_diff_b,set_child_product_derivative,set_child_restriction_derivative,set_child_raffination_derivative,set_child_wrap_hit,set_child_unwrap_singleton,set_child_head,set_child_nonempty_paths,set_child_prefix_closure,set_child_suffix_closure_derivative,set_child_tails_closure_derivative	mixed FOL plus bounded evidence; weakest proof tier is bounded	(rewrite (Child item (PrefixClosureBelowOp z)) (PrefixClosureBelowOp (Child item z)))
zipper-descend:0562	rewrite	1430	FrontierTailUnionOp,FrontierStateOp,SuffixClosureOp,Child	mixed	proved-bounded	frontier_tail_union_a_is_child,frontier_tail_union_b_is_child,antimirov_suffix_frontier_state_child_a,antimirov_suffix_frontier_state_child_b,antimirov_tails_frontier_state_child_a,antimirov_tails_frontier_state_child_b,antimirov_suffix_frontier_state_child_fo,antimirov_tails_frontier_state_child_fo,tails_union_children,child_tails_union_a,child_tails_union_b,suffix_closure_child_derivative_a,suffix_closure_child_derivative_b,child_tails_closure_derivative_a,child_tails_closure_derivative_b,frontier_union_is_tails_union,frontier_child_union_a_after_b,antimirov_suffix_frontier_nested_a_b,antimirov_tails_frontier_nested_a_b,antimirov_suffix_frontier_nested_fo,antimirov_tails_frontier_nested_fo,eager_suffix_closure_set_equiv,zipper_suffix_closure_materialization_equiv,arbitrary_zipper_suffix_closure_set_equiv,set_child_suffix_closure_derivative,set_terminal_suffix_closure_empty,suffix_closure_idempotent,suffix-closure-open:space_optimized_open,zipper_base_child_equiv,child_empty_a,child_empty_b,child_epsilon_a,child_epsilon_b,child_singleton_hit_a,child_singleton_hit_b,child_singleton_miss_a_b,child_singleton_miss_b_a,child_concat_hit_a,child_concat_hit_b,child_concat_miss_a_b,child_concat_miss_b_a,child_union_a,child_union_b,set_child_union_fo,child_same_head_union_a,child_same_head_union_b,child_intersection_a,child_intersection_b,child_diff_a,child_diff_b,set_child_product_derivative,set_child_restriction_derivative,set_child_raffination_derivative,set_child_wrap_hit,set_child_unwrap_singleton,set_child_head,set_child_nonempty_paths,set_child_prefix_closure,set_child_prefix_closure_below,set_child_tails_closure_derivative	mixed FOL plus bounded evidence; weakest proof tier is bounded	(rewrite (Child item (SuffixClosureOp z)) (FrontierStateOp (FrontierTailUnionOp (SuffixClosureOp z) item)))
zipper-descend:0563	rewrite	1431	FrontierTailUnionOp,FrontierStateOp,TailsClosureOp,Child	mixed	proved-bounded	frontier_tail_union_a_is_child,frontier_tail_union_b_is_child,antimirov_suffix_frontier_state_child_a,antimirov_suffix_frontier_state_child_b,antimirov_tails_frontier_state_child_a,antimirov_tails_frontier_state_child_b,antimirov_suffix_frontier_state_child_fo,antimirov_tails_frontier_state_child_fo,tails_union_children,child_tails_union_a,child_tails_union_b,suffix_closure_child_derivative_a,suffix_closure_child_derivative_b,child_tails_closure_derivative_a,child_tails_closure_derivative_b,frontier_union_is_tails_union,frontier_child_union_a_after_b,antimirov_suffix_frontier_nested_a_b,antimirov_tails_frontier_nested_a_b,antimirov_suffix_frontier_nested_fo,antimirov_tails_frontier_nested_fo,eager_tails_closure_set_equiv,zipper_tails_closure_materialization_equiv,arbitrary_zipper_tails_closure_set_equiv,set_child_tails_closure_derivative,set_tails_closure_definition_fo,tails_closure_idempotent,tails_closure_definition,tails_closure_unfold_base_or_step,tails-closure-open:space_optimized_open,zipper_base_child_equiv,child_empty_a,child_empty_b,child_epsilon_a,child_epsilon_b,child_singleton_hit_a,child_singleton_hit_b,child_singleton_miss_a_b,child_singleton_miss_b_a,child_concat_hit_a,child_concat_hit_b,child_concat_miss_a_b,child_concat_miss_b_a,child_union_a,child_union_b,set_child_union_fo,child_same_head_union_a,child_same_head_union_b,child_intersection_a,child_intersection_b,child_diff_a,child_diff_b,set_child_product_derivative,set_child_restriction_derivative,set_child_raffination_derivative,set_child_wrap_hit,set_child_unwrap_singleton,set_child_head,set_child_nonempty_paths,set_child_prefix_closure,set_child_prefix_closure_below,set_child_suffix_closure_derivative	mixed FOL plus bounded evidence; weakest proof tier is bounded	(rewrite (Child item (TailsClosureOp z)) (FrontierStateOp (FrontierTailUnionOp (TailsClosureOp z) item)))
zipper-descend:0564	rewrite	1436	RangeLastOp,Child,TrieZ,nonempty-focus	mixed	proved-bounded	eager_range_set_equiv,zipper_range_last_materialization_equiv,set_range_subset_fo,set_range_last_child_selected_sound_fo,set_range_last_child_pruned_fo,range_empty_source_last,range_last_subset,range_last_idempotent,range_last_wrap_a,range_last_wrap_b,range_last_wrap_ab,range_first_of_last,range_singleton_last_literal,range_nested_singleton_last_literal,range_item_union_last_literal,range_last_border_literal,range_last_child_border_literal,range_last_prunes_earlier_head_literal,range_negative_window_border_literal,range_negative_window_child_border_literal,range_negative_window_prunes_last_head_literal,zipper_base_child_equiv,child_empty_a,child_empty_b,child_epsilon_a,child_epsilon_b,child_singleton_hit_a,child_singleton_hit_b,child_singleton_miss_a_b,child_singleton_miss_b_a,child_concat_hit_a,child_concat_hit_b,child_concat_miss_a_b,child_concat_miss_b_a,child_union_a,child_union_b,set_child_union_fo,child_same_head_union_a,child_same_head_union_b,child_intersection_a,child_intersection_b,child_diff_a,child_diff_b,set_child_product_derivative,set_child_restriction_derivative,set_child_raffination_derivative,set_child_wrap_hit,set_child_unwrap_singleton,set_child_head,set_child_nonempty_paths,set_child_prefix_closure,set_child_prefix_closure_below,set_child_suffix_closure_derivative,set_child_tails_closure_derivative,zipper_base_terminal_equiv	mixed FOL plus bounded evidence; weakest proof tier is bounded	(rewrite (Child item (RangeLastOp (TrieZ (Union (Singleton (Eps)) rest)))) (Child item (RangeLastOp (TrieZ rest))) :when ((nonempty-focus (TrieZ rest))))
zipper-descend:0565	rewrite	1438	RangeLastOp,Child,TrieZ,nonempty-focus	mixed	proved-bounded	eager_range_set_equiv,zipper_range_last_materialization_equiv,set_range_subset_fo,set_range_last_child_selected_sound_fo,set_range_last_child_pruned_fo,range_empty_source_last,range_last_subset,range_last_idempotent,range_last_wrap_a,range_last_wrap_b,range_last_wrap_ab,range_first_of_last,range_singleton_last_literal,range_nested_singleton_last_literal,range_item_union_last_literal,range_last_border_literal,range_last_child_border_literal,range_last_prunes_earlier_head_literal,range_negative_window_border_literal,range_negative_window_child_border_literal,range_negative_window_prunes_last_head_literal,zipper_base_child_equiv,child_empty_a,child_empty_b,child_epsilon_a,child_epsilon_b,child_singleton_hit_a,child_singleton_hit_b,child_singleton_miss_a_b,child_singleton_miss_b_a,child_concat_hit_a,child_concat_hit_b,child_concat_miss_a_b,child_concat_miss_b_a,child_union_a,child_union_b,set_child_union_fo,child_same_head_union_a,child_same_head_union_b,child_intersection_a,child_intersection_b,child_diff_a,child_diff_b,set_child_product_derivative,set_child_restriction_derivative,set_child_raffination_derivative,set_child_wrap_hit,set_child_unwrap_singleton,set_child_head,set_child_nonempty_paths,set_child_prefix_closure,set_child_prefix_closure_below,set_child_suffix_closure_derivative,set_child_tails_closure_derivative,zipper_base_terminal_equiv	mixed FOL plus bounded evidence; weakest proof tier is bounded	(rewrite (Child item (RangeLastOp (TrieZ (Union rest (Singleton (Eps)))))) (Child item (RangeLastOp (TrieZ rest))) :when ((nonempty-focus (TrieZ rest))))
zipper-descend:0566	rewrite	1618	RangeOp,Child	mixed	proved-bounded	set_range_full_sentinel,set_range_empty_one_one,eager_range_set_equiv,zipper_range_materialization_equiv,set_range_subset_fo,zipper_range_full_terminal_equiv,zipper_range_first_terminal_fo,set_range_first_child_terminal_empty_fo,set_range_first_child_selected_sound_fo,set_range_first_child_pruned_fo,set_range_last_child_selected_sound_fo,set_range_last_child_pruned_fo,set_range_drop_last_child_before_last_fo,set_range_drop_last_child_after_last_fo,range_empty_source_first,range_empty_source_last,range_empty_source_drop_last,range_first_wrap_a,range_last_wrap_a,range_drop_last_wrap_a,range_first_wrap_b,range_last_wrap_b,range_drop_last_wrap_b,range_first_wrap_ab,range_last_wrap_ab,range_drop_last_wrap_ab,range_first_subset,range_first_idempotent,range_last_idempotent,range_first_of_last,range_drop_last_of_first_empty,range_nested_first,range_nested_suffix_first,range_nested_suffix_offset,range_nested_last_last,range_positive_same_empty,range_positive_decreasing_empty,range_negative_same_empty,range_negative_decreasing_empty,range_last_subset,range_drop_last_subset,range_negative_window_subset,range_singleton_last_literal,range_singleton_drop_last_literal,range_singleton_negative_window_literal,range_nested_singleton_last_literal,range_item_union_first_literal,range_item_union_last_literal,range_item_union_drop_last_literal,range_drop_last_full_sentinel_literal,range_first_epsilon_literal,range_first_child_border_literal,range_first_child_full_literal,range_prunes_after_upper_border_literal,range_suffix_child_border_literal,range_last_border_literal,range_last_child_border_literal,range_last_prunes_earlier_head_literal,range_drop_last_border_literal,range_drop_last_child_border_literal,range_drop_last_prunes_last_head_literal,range_negative_window_border_literal,range_negative_window_child_border_literal,range_negative_window_prunes_last_head_literal,range_first_without_epsilon_literal,range_first_without_epsilon_child_literal,range_first_without_epsilon_prunes_later_child_literal,zipper_base_child_equiv,child_empty_a,child_empty_b,child_epsilon_a,child_epsilon_b,child_singleton_hit_a,child_singleton_hit_b,child_singleton_miss_a_b,child_singleton_miss_b_a,child_concat_hit_a,child_concat_hit_b,child_concat_miss_a_b,child_concat_miss_b_a,child_union_a,child_union_b,set_child_union_fo,child_same_head_union_a,child_same_head_union_b,child_intersection_a,child_intersection_b,child_diff_a,child_diff_b,set_child_product_derivative,set_child_restriction_derivative,set_child_raffination_derivative,set_child_wrap_hit,set_child_unwrap_singleton,set_child_head,set_child_nonempty_paths,set_child_prefix_closure,set_child_prefix_closure_below,set_child_suffix_closure_derivative,set_child_tails_closure_derivative	mixed FOL plus bounded evidence; weakest proof tier is bounded	(rewrite (Child item (RangeOp z "0" "0")) (Child item z))
zipper-descend:0567	rewrite	1619	RangeOp,Child,EmptyZ	mixed	proved-bounded	set_range_full_sentinel,set_range_empty_one_one,eager_range_set_equiv,zipper_range_materialization_equiv,set_range_subset_fo,zipper_range_full_terminal_equiv,zipper_range_first_terminal_fo,set_range_first_child_terminal_empty_fo,set_range_first_child_selected_sound_fo,set_range_first_child_pruned_fo,set_range_last_child_selected_sound_fo,set_range_last_child_pruned_fo,set_range_drop_last_child_before_last_fo,set_range_drop_last_child_after_last_fo,range_empty_source_first,range_empty_source_last,range_empty_source_drop_last,range_first_wrap_a,range_last_wrap_a,range_drop_last_wrap_a,range_first_wrap_b,range_last_wrap_b,range_drop_last_wrap_b,range_first_wrap_ab,range_last_wrap_ab,range_drop_last_wrap_ab,range_first_subset,range_first_idempotent,range_last_idempotent,range_first_of_last,range_drop_last_of_first_empty,range_nested_first,range_nested_suffix_first,range_nested_suffix_offset,range_nested_last_last,range_positive_same_empty,range_positive_decreasing_empty,range_negative_same_empty,range_negative_decreasing_empty,range_last_subset,range_drop_last_subset,range_negative_window_subset,range_singleton_last_literal,range_singleton_drop_last_literal,range_singleton_negative_window_literal,range_nested_singleton_last_literal,range_item_union_first_literal,range_item_union_last_literal,range_item_union_drop_last_literal,range_drop_last_full_sentinel_literal,range_first_epsilon_literal,range_first_child_border_literal,range_first_child_full_literal,range_prunes_after_upper_border_literal,range_suffix_child_border_literal,range_last_border_literal,range_last_child_border_literal,range_last_prunes_earlier_head_literal,range_drop_last_border_literal,range_drop_last_child_border_literal,range_drop_last_prunes_last_head_literal,range_negative_window_border_literal,range_negative_window_child_border_literal,range_negative_window_prunes_last_head_literal,range_first_without_epsilon_literal,range_first_without_epsilon_child_literal,range_first_without_epsilon_prunes_later_child_literal,zipper_base_child_equiv,child_empty_a,child_empty_b,child_epsilon_a,child_epsilon_b,child_singleton_hit_a,child_singleton_hit_b,child_singleton_miss_a_b,child_singleton_miss_b_a,child_concat_hit_a,child_concat_hit_b,child_concat_miss_a_b,child_concat_miss_b_a,child_union_a,child_union_b,set_child_union_fo,child_same_head_union_a,child_same_head_union_b,child_intersection_a,child_intersection_b,child_diff_a,child_diff_b,set_child_product_derivative,set_child_restriction_derivative,set_child_raffination_derivative,set_child_wrap_hit,set_child_unwrap_singleton,set_child_head,set_child_nonempty_paths,set_child_prefix_closure,set_child_prefix_closure_below,set_child_suffix_closure_derivative,set_child_tails_closure_derivative,zipper_emptyz_empty_focus_fo,zipper_emptyz_nonterminal_fo,zipper_keyset_emptyz_fo	mixed FOL plus bounded evidence; weakest proof tier is bounded	(rewrite (Child item (RangeOp z "1" "1")) (EmptyZ))
zipper-descend:0568	rewrite	1624	HeadOp,Child,TrieZ,has-key	mixed	proved-bounded	eager_head_set_equiv,zipper_head_materialization_equiv,arbitrary_zipper_head_set_equiv,set_child_head,set_terminal_head_empty,set_iteration_head_identity,iteration_head_identity,head_idempotent,zipper_base_child_equiv,child_empty_a,child_empty_b,child_epsilon_a,child_epsilon_b,child_singleton_hit_a,child_singleton_hit_b,child_singleton_miss_a_b,child_singleton_miss_b_a,child_concat_hit_a,child_concat_hit_b,child_concat_miss_a_b,child_concat_miss_b_a,child_union_a,child_union_b,set_child_union_fo,child_same_head_union_a,child_same_head_union_b,child_intersection_a,child_intersection_b,child_diff_a,child_diff_b,set_child_product_derivative,set_child_restriction_derivative,set_child_raffination_derivative,set_child_wrap_hit,set_child_unwrap_singleton,set_child_nonempty_paths,set_child_prefix_closure,set_child_prefix_closure_below,set_child_suffix_closure_derivative,set_child_tails_closure_derivative,zipper_base_terminal_equiv	mixed FOL plus bounded evidence; weakest proof tier is bounded	(rewrite (Child item (HeadOp z)) (TrieZ (Singleton (Eps))) :when ((has-key z item)))
zipper-descend:0569	rewrite	1625	HeadOp,Child,EmptyZ,empty-focus	mixed	proved-bounded	eager_head_set_equiv,zipper_head_materialization_equiv,arbitrary_zipper_head_set_equiv,set_child_head,set_terminal_head_empty,set_iteration_head_identity,iteration_head_identity,head_idempotent,zipper_base_child_equiv,child_empty_a,child_empty_b,child_epsilon_a,child_epsilon_b,child_singleton_hit_a,child_singleton_hit_b,child_singleton_miss_a_b,child_singleton_miss_b_a,child_concat_hit_a,child_concat_hit_b,child_concat_miss_a_b,child_concat_miss_b_a,child_union_a,child_union_b,set_child_union_fo,child_same_head_union_a,child_same_head_union_b,child_intersection_a,child_intersection_b,child_diff_a,child_diff_b,set_child_product_derivative,set_child_restriction_derivative,set_child_raffination_derivative,set_child_wrap_hit,set_child_unwrap_singleton,set_child_nonempty_paths,set_child_prefix_closure,set_child_prefix_closure_below,set_child_suffix_closure_derivative,set_child_tails_closure_derivative,zipper_emptyz_empty_focus_fo,zipper_emptyz_nonterminal_fo,zipper_keyset_emptyz_fo	mixed FOL plus bounded evidence; weakest proof tier is bounded	(rewrite (Child item (HeadOp z)) (EmptyZ) :when ((empty-focus (Child item z))))
zipper-descend:0570	rewrite	1628	UnionOp,ConcatOp,TerminalProductChild,Child	mixed	proved-bounded	zipper_union_terminal_equiv,zipper_union_child_equiv,set_child_union_fo,set_union_idempotent_fo,set_union_associative_fo,child_union_a,child_union_b,child_same_head_union_a,child_same_head_union_b,union_idempotent,union_associative,eager_product_set_equiv,zipper_product_materialization_equiv,arbitrary_zipper_product_set_equiv,set_child_product_derivative,set_terminal_product,child_product_a,child_product_b,product_epsilon_left,product_epsilon_right,head_product,zipper_base_child_equiv,child_empty_a,child_empty_b,child_epsilon_a,child_epsilon_b,child_singleton_hit_a,child_singleton_hit_b,child_singleton_miss_a_b,child_singleton_miss_b_a,child_concat_hit_a,child_concat_hit_b,child_concat_miss_a_b,child_concat_miss_b_a,child_intersection_a,child_intersection_b,child_diff_a,child_diff_b,set_child_restriction_derivative,set_child_raffination_derivative,set_child_wrap_hit,set_child_unwrap_singleton,set_child_head,set_child_nonempty_paths,set_child_prefix_closure,set_child_prefix_closure_below,set_child_suffix_closure_derivative,set_child_tails_closure_derivative	mixed FOL plus bounded evidence; weakest proof tier is bounded	(rewrite (Child item (ConcatOp left right)) (UnionOp (TerminalProductChild item left right) (ConcatOp (Child item left) right)))
zipper-descend:0571	rewrite	1632	TerminalProductChild,Child,terminal	mixed	proved-bounded	set_terminal_product,child_product_a,child_product_b,product_epsilon_left,product_epsilon_right,zipper_base_child_equiv,child_empty_a,child_empty_b,child_epsilon_a,child_epsilon_b,child_singleton_hit_a,child_singleton_hit_b,child_singleton_miss_a_b,child_singleton_miss_b_a,child_concat_hit_a,child_concat_hit_b,child_concat_miss_a_b,child_concat_miss_b_a,child_union_a,child_union_b,set_child_union_fo,child_same_head_union_a,child_same_head_union_b,child_intersection_a,child_intersection_b,child_diff_a,child_diff_b,set_child_product_derivative,set_child_restriction_derivative,set_child_raffination_derivative,set_child_wrap_hit,set_child_unwrap_singleton,set_child_head,set_child_nonempty_paths,set_child_prefix_closure,set_child_prefix_closure_below,set_child_suffix_closure_derivative,set_child_tails_closure_derivative,zipper_base_terminal_equiv,zipper_union_terminal_equiv,zipper_intersection_terminal_equiv,zipper_diff_terminal_equiv,set_terminal_wrap,set_terminal_unwrap,set_terminal_head_empty,set_terminal_nonempty_paths_empty,set_terminal_prefix_closure_empty,set_terminal_prefix_closure_below,set_terminal_suffix_closure_empty	mixed FOL plus bounded evidence; weakest proof tier is bounded	(rewrite (TerminalProductChild item left right) (Child item right) :when ((terminal left)))
zipper-descend:0572	rewrite	1633	TerminalProductChild,EmptyZ,nonterminal	mixed	proved-bounded	set_terminal_product,child_product_a,child_product_b,product_epsilon_left,product_epsilon_right,zipper_emptyz_empty_focus_fo,zipper_emptyz_nonterminal_fo,zipper_keyset_emptyz_fo	mixed FOL plus bounded evidence; weakest proof tier is bounded	(rewrite (TerminalProductChild item left right) (EmptyZ) :when ((nonterminal left)))
zipper-descend:0573	rewrite	1634	TerminalProductChild,EmptyZ	mixed	proved-bounded	set_terminal_product,child_product_a,child_product_b,product_epsilon_left,product_epsilon_right,zipper_emptyz_empty_focus_fo,zipper_emptyz_nonterminal_fo,zipper_keyset_emptyz_fo	mixed FOL plus bounded evidence; weakest proof tier is bounded	(rewrite (TerminalProductChild item (EmptyZ) right) (EmptyZ))
zipper-descend:0574	rewrite	1635	TerminalProductChild,TrieZ,EmptyZ	mixed	proved-bounded	set_terminal_product,child_product_a,child_product_b,product_epsilon_left,product_epsilon_right,zipper_base_terminal_equiv,zipper_base_child_equiv,zipper_emptyz_empty_focus_fo,zipper_emptyz_nonterminal_fo,zipper_keyset_emptyz_fo	mixed FOL plus bounded evidence; weakest proof tier is bounded	(rewrite (TerminalProductChild item (TrieZ (Empty)) right) (EmptyZ))
zipper-descend:0575	rewrite	1636	TerminalProductChild,Child,TrieZ	mixed	proved-bounded	set_terminal_product,child_product_a,child_product_b,product_epsilon_left,product_epsilon_right,zipper_base_child_equiv,child_empty_a,child_empty_b,child_epsilon_a,child_epsilon_b,child_singleton_hit_a,child_singleton_hit_b,child_singleton_miss_a_b,child_singleton_miss_b_a,child_concat_hit_a,child_concat_hit_b,child_concat_miss_a_b,child_concat_miss_b_a,child_union_a,child_union_b,set_child_union_fo,child_same_head_union_a,child_same_head_union_b,child_intersection_a,child_intersection_b,child_diff_a,child_diff_b,set_child_product_derivative,set_child_restriction_derivative,set_child_raffination_derivative,set_child_wrap_hit,set_child_unwrap_singleton,set_child_head,set_child_nonempty_paths,set_child_prefix_closure,set_child_prefix_closure_below,set_child_suffix_closure_derivative,set_child_tails_closure_derivative,zipper_base_terminal_equiv	mixed FOL plus bounded evidence; weakest proof tier is bounded	(rewrite (TerminalProductChild item (TrieZ (Singleton (Eps))) right) (Child item right))
zipper-descend:0576	rewrite	1637	TerminalProductChild,TrieZ,EmptyZ	mixed	proved-bounded	set_terminal_product,child_product_a,child_product_b,product_epsilon_left,product_epsilon_right,zipper_base_terminal_equiv,zipper_base_child_equiv,zipper_emptyz_empty_focus_fo,zipper_emptyz_nonterminal_fo,zipper_keyset_emptyz_fo	mixed FOL plus bounded evidence; weakest proof tier is bounded	(rewrite (TerminalProductChild item (TrieZ (Singleton (Item head))) right) (EmptyZ))
zipper-descend:0577	rewrite	1638	TerminalProductChild,TrieZ,EmptyZ	mixed	proved-bounded	set_terminal_product,child_product_a,child_product_b,product_epsilon_left,product_epsilon_right,zipper_base_terminal_equiv,zipper_base_child_equiv,zipper_emptyz_empty_focus_fo,zipper_emptyz_nonterminal_fo,zipper_keyset_emptyz_fo	mixed FOL plus bounded evidence; weakest proof tier is bounded	(rewrite (TerminalProductChild item (TrieZ (Singleton (Concat (Item head) rest))) right) (EmptyZ))
zipper-descend:0578	rewrite	1639	UnionOp,TerminalProductChild	mixed	proved-bounded	zipper_union_terminal_equiv,zipper_union_child_equiv,set_child_union_fo,set_union_idempotent_fo,set_union_associative_fo,child_union_a,child_union_b,child_same_head_union_a,child_same_head_union_b,union_idempotent,union_associative,set_terminal_product,child_product_a,child_product_b,product_epsilon_left,product_epsilon_right	mixed FOL plus bounded evidence; weakest proof tier is bounded	(rewrite (TerminalProductChild item (UnionOp a b) right) (UnionOp (TerminalProductChild item a right) (TerminalProductChild item b right)))
zipper-descend:0579	rewrite	1640	TerminalProductChild,MemoZ	mixed	proved-bounded	set_terminal_product,child_product_a,child_product_b,product_epsilon_left,product_epsilon_right,zipper_memo_materialization_equiv,zipper_memo_terminal_equiv,zipper_memo_child_equiv	mixed FOL plus bounded evidence; weakest proof tier is bounded	(rewrite (TerminalProductChild item (MemoZ z) right) (TerminalProductChild item z right))
zipper-descend:0580	rewrite	1641	WrapOp,TerminalProductChild	mixed	proved-bounded	eager_wrap_set_equiv,zipper_wrap_materialization_equiv,arbitrary_zipper_wrap_set_equiv,set_child_wrap_hit,set_terminal_wrap,wrap_unwrap_left_inverse_a,wrap_unwrap_left_inverse_b,wrap_unwrap_left_inverse_ab,wrap_unwrap_restriction_a,wrap_unwrap_restriction_b,set_terminal_product,child_product_a,child_product_b,product_epsilon_left,product_epsilon_right	mixed FOL plus bounded evidence; weakest proof tier is bounded	(rewrite (TerminalProductChild item (WrapOp z (Eps)) right) (TerminalProductChild item z right))
zipper-descend:0581	rewrite	1642	WrapOp,TerminalProductChild,EmptyZ	mixed	proved-bounded	eager_wrap_set_equiv,zipper_wrap_materialization_equiv,arbitrary_zipper_wrap_set_equiv,set_child_wrap_hit,set_terminal_wrap,wrap_unwrap_left_inverse_a,wrap_unwrap_left_inverse_b,wrap_unwrap_left_inverse_ab,wrap_unwrap_restriction_a,wrap_unwrap_restriction_b,set_terminal_product,child_product_a,child_product_b,product_epsilon_left,product_epsilon_right,zipper_emptyz_empty_focus_fo,zipper_emptyz_nonterminal_fo,zipper_keyset_emptyz_fo	mixed FOL plus bounded evidence; weakest proof tier is bounded	(rewrite (TerminalProductChild item (WrapOp z (Item head)) right) (EmptyZ))
zipper-descend:0582	rewrite	1643	WrapOp,TerminalProductChild,EmptyZ	mixed	proved-bounded	eager_wrap_set_equiv,zipper_wrap_materialization_equiv,arbitrary_zipper_wrap_set_equiv,set_child_wrap_hit,set_terminal_wrap,wrap_unwrap_left_inverse_a,wrap_unwrap_left_inverse_b,wrap_unwrap_left_inverse_ab,wrap_unwrap_restriction_a,wrap_unwrap_restriction_b,set_terminal_product,child_product_a,child_product_b,product_epsilon_left,product_epsilon_right,zipper_emptyz_empty_focus_fo,zipper_emptyz_nonterminal_fo,zipper_keyset_emptyz_fo	mixed FOL plus bounded evidence; weakest proof tier is bounded	(rewrite (TerminalProductChild item (WrapOp z (Concat (Item head) rest)) right) (EmptyZ))
